{"cursor":"14272","size":15,"audio":[],"currentlang":"en","article":"\n{{Infobox company\n| company_name = Research Triangle Park headquarters company_logo = caption =\n| RTP headquarters at 12 Davis Drive foundation = 1959 founder = location =\n| Research Triangle Park, North Carolina\n}}\n\nThe 'Research Triangle Park' ('RTP') is the largest research park in the\nworld. It is located near\nDurham, Raleigh, and Chapel Hill, in the Research Triangle region of North\nCarolina. A small part of the park stretches into Wake County, but the majority\nof the land is in Durham\nCounty. http://www.waywelivednc.com/maps/historical/rtp.pdf\n","linknr":601,"url":"Research_Triangle_Park,_North_Carolina","recorded":1376420239,"links":["/w/index.php?title=Research_Triangle_Park&action=edit","/w/index.php?title=Research_Triangle_Park&action=edit","//bits.wikimedia.org/favicon/wikipedia.ico","/w/opensearch_desc.php","//en.wikipedia.org/w/api.php?action=rsd","//creativecommons.org/licenses/by-sa/3.0/","/w/index.php?title=Special:RecentChanges&feed=atom","http://en.wikipedia.org/wiki/Research_Triangle_Park","//bits.wikimedia.org/en.wikipedia.org/load.php?debug=false&lang=en&modules=ext.gadget.DRN-wizard%2CReferenceTooltips%2Ccharinsert%2Cteahouse%7Cext.rtlcite%2Cwikihiero%7Cext.uls.nojs%7Cmediawiki.legacy.commonPrint%2Cshared%7Cmw.PopUpMediaTransform%7Cskins.vector&only=styles&skin=vector&*","//bits.wikimedia.org/en.wikipedia.org/load.php?debug=false&lang=en&modules=ext.visualEditor.viewPageTarget.noscript&only=styles&skin=vector&*","//bits.wikimedia.org/en.wikipedia.org/load.php?debug=false&lang=en&modules=site&only=styles&skin=vector&*","//bits.wikimedia.org/en.wikipedia.org/load.php?debug=false&lang=en&modules=startup&only=scripts&skin=vector&*","//bits.wikimedia.org/geoiplookup","//meta.wikimedia.org","/w/index.php?title=Research_Triangle_Park,_North_Carolina&redirect=no","#mw-navigation","#p-search","//upload.wikimedia.org/wikipedia/en/thumb/9/99/Question_book-new.svg/50px-Question_book-new.svg.png","//en.wikipedia.org/w/index.php?title=Research_Triangle_Park&action=edit","/wiki/Help:Introduction_to_referencing/1","/wiki/Template:Citation_needed","/wiki/Wikipedia:Verifiability#Burden_of_evidence","/wiki/File:2008-07-25_Research_Triangle_Park_Headquarters.jpg","//upload.wikimedia.org/wikipedia/commons/thumb/e/ef/2008-07-25_Research_Triangle_Park_Headquarters.jpg/260px-2008-07-25_Research_Triangle_Park_Headquarters.jpg","/wiki/North_Carolina","/wiki/Research_park","#cite_note-AboutRTP-1","#cite_note-2","#cite_note-3","/wiki/Durham,_North_Carolina","/wiki/Raleigh,_North_Carolina","/wiki/Chapel_Hill,_North_Carolina","/wiki/Research_Triangle","/wiki/North_Carolina","/wiki/Wake_County","/wiki/Durham_County,_North_Carolina","#cite_note-4","#Overview","#Local_government","#Master_plan","#Companies_and_institutions_in_or_near_the_Research_Triangle_Park","#Universities","#See_also","#References","#Bibliography","#External_links","/w/index.php?title=Research_Triangle_Park&action=edit&section=1","/w/index.php?title=Research_Triangle_Park&veaction=edit&section=1","/wiki/High-tech","/wiki/Research_and_development","/wiki/United_States","#cite_note-5","/wiki/Universities","/w/index.php?title=Karl_Robbins&action=edit&redlink=1","/wiki/Pine","/wiki/Forest","#cite_note-AboutRTP-1","/wiki/Interstate_40","/wiki/Durham_Freeway","/w/index.php?title=Research_Triangle_Foundation&action=edit&redlink=1","#cite_note-6","#cite_note-7","#cite_note-8","/wiki/IBM","/wiki/IBM_India","#cite_note-9","/wiki/GlaxoSmithKline","#cite_note-10","/wiki/Cisco_Systems","#cite_note-11","/w/index.php?title=Research_Triangle_Park&action=edit&section=2","/w/index.php?title=Research_Triangle_Park&veaction=edit&section=2","/wiki/Unincorporated_area","#cite_note-12","#cite_note-13","#cite_note-14","#cite_note-thertpblog.org-15","#cite_note-16","#cite_note-17","#cite_note-thertpblog.org-15","/w/index.php?title=Research_Triangle_Park&action=edit&section=3","/w/index.php?title=Research_Triangle_Park&veaction=edit&section=3","/wiki/Commuter_rail","/wiki/North_Carolina_Highway_54","#cite_note-18","#cite_note-19","/w/index.php?title=Research_Triangle_Park&action=edit&section=4","/w/index.php?title=Research_Triangle_Park&veaction=edit&section=4","/wiki/Adzerk","/wiki/American_Association_of_Textile_Chemists_and_Colorists","/wiki/Avaya","/wiki/AXA","/wiki/Barry-Wehmiller","/wiki/BASF","/wiki/Bayer","/wiki/Becton_Dickinson","/wiki/Biogen_Idec","/wiki/Burroughs_Wellcome_Fund","/wiki/Centers_for_Disease_Control_and_Prevention","/wiki/National_Center_for_Health_Statistics","/wiki/Ciena","/wiki/Cisco_Systems","/wiki/Credit_Suisse","/wiki/Cree_Inc.","/wiki/Delta_Electronics","/wiki/DuPont","/wiki/Eisai_Co.","/w/index.php?title=Eloquentix&action=edit&redlink=1","/wiki/EMC_Corporation","/wiki/Ericsson","/wiki/Extreme_Networks","/wiki/Fidelity_Investments","/wiki/Freudenberg_IT","/wiki/Frontier_Communications","/wiki/Genband","/wiki/Geomagic","/wiki/Gilbarco","/wiki/GlaxoSmithKline","/wiki/Grifols","#cite_note-20","/wiki/IBM","/wiki/IContact","/wiki/Innovative_Emergency_Management","#cite_note-21","/w/index.php?title=Integrated_Laboratory_Systems&action=edit&redlink=1","/wiki/Intel","/wiki/International_Union_of_Pure_and_Applied_Chemistry","/wiki/Intersil","/w/index.php?title=Intersouth_Ventures&action=edit&redlink=1","/wiki/K%26L_Gates","/wiki/LabCorp","/wiki/Linde","/wiki/Lenovo","/w/index.php?title=MED-EL_Corporation&action=edit&redlink=1","/wiki/Merck_%26_Co.","/wiki/Metlife","/wiki/Microsoft","/wiki/Monsanto_Company","/wiki/Motricity","/wiki/National_Institute_of_Environmental_Health_Sciences","/wiki/National_Humanities_Center","/wiki/National_Semiconductor","/wiki/NetApp","#cite_note-22","/wiki/Nortel_Networks","/wiki/North_Carolina_Biotechnology_Center","/wiki/Nufarm","/wiki/Ogilvy","/wiki/Open-Silicon","/wiki/Overture_Networks","/w/index.php?title=PBM_Graphics&action=edit&redlink=1","/wiki/Pharmaceutical_Product_Development","/w/index.php?title=Premier_Research_Group&action=edit&redlink=1","/wiki/Qualcomm","/wiki/Quintiles","/w/index.php?title=RadarFind_Corporation&action=edit&redlink=1","/wiki/Railinc_Corporation","/wiki/Red_Hat","#cite_note-23","/wiki/Research_In_Motion","/wiki/Research_Triangle_High_School","/wiki/ReverbNation.com","/wiki/RTI_International","/w/index.php?title=S%26R_Communications_Group&action=edit&redlink=1","/wiki/SAS_Institute","/w/index.php?title=Scenera_Research&action=edit&redlink=1","#cite_note-24","/wiki/Semiconductor_Research_Corporation","/wiki/Sigma_Xi","/w/index.php?title=Southern_Capitol_Ventures&action=edit&redlink=1","/wiki/Spirent","/wiki/ST_Ericsson","/wiki/Sumitomo","/wiki/Syngenta","/wiki/Teleflex_Medical","/wiki/Tekelec","/w/index.php?title=TechZoomIn_Inc&action=edit&redlink=1","/w/index.php?title=Triangle_United_Way&action=edit&redlink=1","/w/index.php?title=Troxler_Electronic_Laboratories&action=edit&redlink=1","/wiki/Underwriters_Laboratories","/wiki/United_States_Forest_Service","/w/index.php?title=United_Therapeutics_Corporation&action=edit&redlink=1","/w/index.php?title=Unithink_Inc&action=edit&redlink=1","/wiki/Verizon","/w/index.php?title=Virante&action=edit&redlink=1","/w/index.php?title=Web_Tax_Office&action=edit&redlink=1","/wiki/Wyeth","/w/index.php?title=Research_Triangle_Park&action=edit&section=5","/w/index.php?title=Research_Triangle_Park&veaction=edit&section=5","/wiki/Category:Universities_and_colleges_in_the_Research_Triangle,_North_Carolina","/wiki/Campbell_University","/wiki/Duke_University","/wiki/Meredith_College","/wiki/North_Carolina_Central_University","/wiki/North_Carolina_State_University","/wiki/St._Augustine%27s_University","/wiki/Shaw_University","/wiki/Skema_Business_School","/wiki/University_of_North_Carolina_at_Chapel_Hill","/wiki/William_Peace_University","/w/index.php?title=Research_Triangle_Park&action=edit&section=6","/w/index.php?title=Research_Triangle_Park&veaction=edit&section=6","//upload.wikimedia.org/wikipedia/en/thumb/4/4a/Commons-logo.svg/30px-Commons-logo.svg.png","//commons.wikimedia.org/wiki/Category:Research_Triangle_Park","/wiki/The_Triangle_(North_Carolina)","/w/index.php?title=Research_Triangle_Park&action=edit&section=7","/w/index.php?title=Research_Triangle_Park&veaction=edit&section=7","#cite_ref-AboutRTP_1-0","#cite_ref-AboutRTP_1-1","http://www.rtp.org/about-rtp","#cite_ref-2","http://medcitynews.com/2010/08/minneapolis-to-host-annual-conference-of-university-research-parks/","#cite_ref-3","http://www7.nationalacademies.org/ocga/testimony/Research_Parks_and_Job_Creation.asp","#cite_ref-4","http://www.waywelivednc.com/maps/historical/rtp.pdf","#cite_ref-5","http://books.google.co.uk/books?id=S1S_YOXAEhgC&pg=PA273&dq=triangle+park+North+Carolina&hl=en&ei=VPPoTsfWEs2y8QORhLSFCg&sa=X&oi=book_result&ct=result&redir_esc=y#v=onepage&q=triangle%20park%20North%20Carolina&f=false","/wiki/International_Standard_Book_Number","/wiki/Special:BookSources/978-0-89587-379-8","#cite_ref-6","http://www.dukechronicle.com/article/research-triangle-park-develops-strategy-future-gr","#cite_ref-7","http://www.newsobserver.com/2010/09/04/663597/rtp-begins-updating-rules.html","#cite_ref-8","http://www.forbes.com/sites/davidkroll/2012/10/22/rtp-research-triangle-primer/","#cite_ref-9","http://www-01.ibm.com/employment/us/extremeblue/location/raleigh.html","#cite_ref-10","http://wraltechwire.com/business/tech_wire/news/blogpost/9123243/","#cite_ref-11","http://www.wral.com/business/story/9876837/","#cite_ref-12","#cite_ref-13","http://www.durham-nc.com/resources/pdf/tourmap_drive.pdf","#cite_ref-14","http://godoggo.org/files/maps/rtp.pdf","#cite_ref-thertpblog.org_15-0","#cite_ref-thertpblog.org_15-1","http://thertpblog.org/2012/07/31/master-plan-update-legislative-changes-approved/","#cite_ref-16","http://thertpblog.org/2012/10/03/master-plan-update-zoning-gives-room-to-grow/","#cite_ref-17","http://www.newsobserver.com/2012/07/16/2202530/new-rtp-master-plan-to-be-unveiled.html","#cite_ref-18","http://www.newsobserver.com/2012/11/09/2472170/new-rtp-master-plan-promises-more.html","/wiki/News_and_Observer","#cite_ref-19","http://www.newsobserver.com/2012/11/09/2472170/new-rtp-master-plan-promises-more.html","/wiki/News_and_Observer","#cite_ref-20","http://www.i-cubed.com","#cite_ref-21","http://www.isa.org","#cite_ref-22","http://www.netsertive.com","#cite_ref-23","http://thinkrelevance.com/","#cite_ref-24","http://www.scimetrika.com/","/w/index.php?title=Research_Triangle_Park&action=edit&section=8","/w/index.php?title=Research_Triangle_Park&veaction=edit&section=8","http://books.google.com/books?id=ZO6YAAAACAAJ","/wiki/International_Standard_Book_Number","/wiki/Special:BookSources/978-0-9648051-0-1","/wiki/OCLC","//www.worldcat.org/oclc/33045964","http://books.google.com/books?id=grSlAAAACAAJ","/wiki/International_Standard_Book_Number","/wiki/Special:BookSources/978-0-9648051-1-8","/wiki/OCLC","//www.worldcat.org/oclc/50694901","/w/index.php?title=Research_Triangle_Park&action=edit&section=9","/w/index.php?title=Research_Triangle_Park&veaction=edit&section=9","http://www.rtp.org","http://www.researchtriangle.org","http://vimeo.com/11199745","/wiki/Template:Greater_Raleigh,_NC","/wiki/Template_talk:Greater_Raleigh,_NC","//en.wikipedia.org/w/index.php?title=Template:Greater_Raleigh,_NC&action=edit","/wiki/Research_Triangle","/wiki/Raleigh,_North_Carolina","/wiki/Cary,_North_Carolina","/wiki/File:Raleigh-Durham-Cary_CSA.png","//upload.wikimedia.org/wikipedia/commons/thumb/6/66/Raleigh-Durham-Cary_CSA.png/200px-Raleigh-Durham-Cary_CSA.png","/wiki/Apex,_North_Carolina","/wiki/Clayton,_North_Carolina","/wiki/Fuquay-Varina,_North_Carolina","/wiki/Garner,_North_Carolina","/wiki/Holly_Springs,_North_Carolina","/wiki/Morrisville,_North_Carolina","/wiki/Smithfield,_North_Carolina","/wiki/Wake_Forest,_North_Carolina","/wiki/Franklin_County,_North_Carolina","/wiki/Harnett_County,_North_Carolina","/wiki/Johnston_County,_North_Carolina","/wiki/Wake_County,_North_Carolina","/wiki/Norman_Adrian_Wiggins_School_of_Law","/wiki/Meredith_College","/wiki/North_Carolina_State_University","/wiki/William_Peace_University","/wiki/Shaw_University","/wiki/St._Augustine%27s_College_(Raleigh)","/wiki/University_of_North_Carolina_at_Chapel_Hill","/wiki/Duke_University","/wiki/Triangle_J_Council_of_Governments","/wiki/Triangle_Transit","/wiki/Template:North_Carolina","/wiki/Template_talk:North_Carolina","//en.wikipedia.org/w/index.php?title=Template:North_Carolina&action=edit","//upload.wikimedia.org/wikipedia/commons/thumb/b/bb/Flag_of_North_Carolina.svg/23px-Flag_of_North_Carolina.svg.png","/wiki/U.S._state","/wiki/North_Carolina","/wiki/Raleigh,_North_Carolina","/wiki/Category:North_Carolina","/wiki/Climate_of_North_Carolina","/wiki/Geography_of_North_Carolina","/wiki/History_of_North_Carolina","/wiki/Music_of_North_Carolina","/wiki/List_of_people_from_North_Carolina","/wiki/List_of_North_Carolina_state_parks","/wiki/Wildlife_of_North_Carolina","/wiki/Category:Visitor_attractions_in_North_Carolina","/wiki/Culture_of_North_Carolina","/wiki/Crime_in_North_Carolina","/wiki/Demographics_of_North_Carolina","/wiki/Economy_of_North_Carolina","/wiki/North_Carolina#Education","/wiki/Gambling_in_North_Carolina","/wiki/Politics_and_government_of_North_Carolina","/wiki/List_of_regions_of_the_United_States#North_Carolina","/wiki/Cape_Fear_(region)","/wiki/Atlantic_coastal_plain","/wiki/Crystal_Coast","/wiki/Eastern_North_Carolina","/wiki/Western_North_Carolina#Foothills","/wiki/Western_North_Carolina#High_Country","/wiki/Inner_Banks","/wiki/Charlotte_metropolitan_area","/wiki/Outer_Banks","/wiki/Piedmont_(United_States)","/wiki/Piedmont_Triad","/wiki/Sandhills_(Carolina)","/wiki/Research_Triangle","/wiki/Western_North_Carolina","/wiki/List_of_municipalities_in_North_Carolina#Largest_cities","/wiki/Asheville,_North_Carolina","/wiki/Cary,_North_Carolina","/wiki/Charlotte,_North_Carolina","/wiki/Concord,_North_Carolina","/wiki/Durham,_North_Carolina","/wiki/Fayetteville,_North_Carolina","/wiki/Gastonia,_North_Carolina","/wiki/Greensboro,_North_Carolina","/wiki/Greenville,_North_Carolina","/wiki/Hickory,_North_Carolina","/wiki/High_Point,_North_Carolina","/wiki/Jacksonville,_North_Carolina","/wiki/Raleigh,_North_Carolina","/wiki/Wilmington,_North_Carolina","/wiki/Winston-Salem,_North_Carolina","/wiki/List_of_municipalities_in_North_Carolina#A","/wiki/Albemarle,_North_Carolina","/wiki/Apex,_North_Carolina","/wiki/Asheboro,_North_Carolina","/wiki/Burlington,_North_Carolina","/wiki/Conover,_North_Carolina","/wiki/Chapel_Hill,_North_Carolina","/wiki/Eden,_North_Carolina","/wiki/Elizabeth_City,_North_Carolina","/wiki/Garner,_North_Carolina","/wiki/Goldsboro,_North_Carolina","/wiki/Graham,_North_Carolina","/wiki/Havelock,_North_Carolina","/wiki/Henderson,_North_Carolina","/wiki/Hendersonville,_North_Carolina","/wiki/Kannapolis,_North_Carolina","/wiki/Kings_Mountain,_North_Carolina","/wiki/Kinston,_North_Carolina","/wiki/Laurinburg,_North_Carolina","/wiki/Lenoir,_North_Carolina","/wiki/Lexington,_North_Carolina","/wiki/Lumberton,_North_Carolina","/wiki/Monroe,_North_Carolina","/wiki/Morganton,_North_Carolina","/wiki/New_Bern,_North_Carolina","/wiki/Newton,_North_Carolina","/wiki/Reidsville,_North_Carolina","/wiki/Roanoke_Rapids,_North_Carolina","/wiki/Rocky_Mount,_North_Carolina","/wiki/Salisbury,_North_Carolina","/wiki/Sanford,_North_Carolina","/wiki/Shelby,_North_Carolina","/wiki/Statesville,_North_Carolina","/wiki/Thomasville,_North_Carolina","/wiki/Waynesville,_North_Carolina","/wiki/Wilson,_North_Carolina","/wiki/Category:Towns_in_North_Carolina","/wiki/Beaufort,_North_Carolina","/wiki/Boone,_North_Carolina","/wiki/Carrboro,_North_Carolina","/wiki/Clayton,_North_Carolina","/wiki/Cornelius,_North_Carolina","/wiki/Dunn,_North_Carolina","/wiki/Fuquay-Varina,_North_Carolina","/wiki/Harrisburg,_North_Carolina","/wiki/Holly_Springs,_North_Carolina","/wiki/Hope_Mills,_North_Carolina","/wiki/Huntersville,_North_Carolina","/wiki/Indian_Trail,_North_Carolina","/wiki/Kernersville,_North_Carolina","/wiki/Knightdale,_North_Carolina","/wiki/Leland,_North_Carolina","/wiki/Matthews,_North_Carolina","/wiki/Midland,_North_Carolina","/wiki/Mint_Hill,_North_Carolina","/wiki/Mooresville,_North_Carolina","/wiki/Morehead_City,_North_Carolina","/wiki/Morrisville,_North_Carolina","/wiki/Mount_Pleasant,_North_Carolina","/wiki/Oxford,_North_Carolina","/wiki/Shallotte,_North_Carolina","/wiki/Smithfield,_North_Carolina","/wiki/Southern_Pines,_North_Carolina","/wiki/Tarboro,_North_Carolina","/wiki/Wake_Forest,_North_Carolina","/wiki/List_of_counties_in_North_Carolina","/wiki/Alamance_County,_North_Carolina","/wiki/Alexander_County,_North_Carolina","/wiki/Alleghany_County,_North_Carolina","/wiki/Anson_County,_North_Carolina","/wiki/Ashe_County,_North_Carolina","/wiki/Avery_County,_North_Carolina","/wiki/Beaufort_County,_North_Carolina","/wiki/Bertie_County,_North_Carolina","/wiki/Bladen_County,_North_Carolina","/wiki/Brunswick_County,_North_Carolina","/wiki/Buncombe_County,_North_Carolina","/wiki/Burke_County,_North_Carolina","/wiki/Cabarrus_County,_North_Carolina","/wiki/Caldwell_County,_North_Carolina","/wiki/Camden_County,_North_Carolina","/wiki/Carteret_County,_North_Carolina","/wiki/Caswell_County,_North_Carolina","/wiki/Catawba_County,_North_Carolina","/wiki/Chatham_County,_North_Carolina","/wiki/Cherokee_County,_North_Carolina","/wiki/Chowan_County,_North_Carolina","/wiki/Clay_County,_North_Carolina","/wiki/Cleveland_County,_North_Carolina","/wiki/Columbus_County,_North_Carolina","/wiki/Craven_County,_North_Carolina","/wiki/Cumberland_County,_North_Carolina","/wiki/Currituck_County,_North_Carolina","/wiki/Dare_County,_North_Carolina","/wiki/Davidson_County,_North_Carolina","/wiki/Davie_County,_North_Carolina","/wiki/Duplin_County,_North_Carolina","/wiki/Durham_County,_North_Carolina","/wiki/Edgecombe_County,_North_Carolina","/wiki/Forsyth_County,_North_Carolina","/wiki/Franklin_County,_North_Carolina","/wiki/Gaston_County,_North_Carolina","/wiki/Gates_County,_North_Carolina","/wiki/Graham_County,_North_Carolina","/wiki/Granville_County,_North_Carolina","/wiki/Greene_County,_North_Carolina","/wiki/Guilford_County,_North_Carolina","/wiki/Halifax_County,_North_Carolina","/wiki/Harnett_County,_North_Carolina","/wiki/Haywood_County,_North_Carolina","/wiki/Henderson_County,_North_Carolina","/wiki/Hertford_County,_North_Carolina","/wiki/Hoke_County,_North_Carolina","/wiki/Hyde_County,_North_Carolina","/wiki/Iredell_County,_North_Carolina","/wiki/Jackson_County,_North_Carolina","/wiki/Johnston_County,_North_Carolina","/wiki/Jones_County,_North_Carolina","/wiki/Lee_County,_North_Carolina","/wiki/Lenoir_County,_North_Carolina","/wiki/Lincoln_County,_North_Carolina","/wiki/Macon_County,_North_Carolina","/wiki/Madison_County,_North_Carolina","/wiki/Martin_County,_North_Carolina","/wiki/McDowell_County,_North_Carolina","/wiki/Mecklenburg_County,_North_Carolina","/wiki/Mitchell_County,_North_Carolina","/wiki/Montgomery_County,_North_Carolina","/wiki/Moore_County,_North_Carolina","/wiki/Nash_County,_North_Carolina","/wiki/New_Hanover_County,_North_Carolina","/wiki/Northampton_County,_North_Carolina","/wiki/Onslow_County,_North_Carolina","/wiki/Orange_County,_North_Carolina","/wiki/Pamlico_County,_North_Carolina","/wiki/Pasquotank_County,_North_Carolina","/wiki/Pender_County,_North_Carolina","/wiki/Perquimans_County,_North_Carolina","/wiki/Person_County,_North_Carolina","/wiki/Pitt_County,_North_Carolina","/wiki/Polk_County,_North_Carolina","/wiki/Randolph_County,_North_Carolina","/wiki/Richmond_County,_North_Carolina","/wiki/Robeson_County,_North_Carolina","/wiki/Rockingham_County,_North_Carolina","/wiki/Rowan_County,_North_Carolina","/wiki/Rutherford_County,_North_Carolina","/wiki/Sampson_County,_North_Carolina","/wiki/Scotland_County,_North_Carolina","/wiki/Stanly_County,_North_Carolina","/wiki/Stokes_County,_North_Carolina","/wiki/Surry_County,_North_Carolina","/wiki/Swain_County,_North_Carolina","/wiki/Transylvania_County,_North_Carolina","/wiki/Tyrrell_County,_North_Carolina","/wiki/Union_County,_North_Carolina","/wiki/Vance_County,_North_Carolina","/wiki/Wake_County,_North_Carolina","/wiki/Warren_County,_North_Carolina","/wiki/Washington_County,_North_Carolina","/wiki/Watauga_County,_North_Carolina","/wiki/Wayne_County,_North_Carolina","/wiki/Wilkes_County,_North_Carolina","/wiki/Wilson_County,_North_Carolina","/wiki/Yadkin_County,_North_Carolina","/wiki/Yancey_County,_North_Carolina","/wiki/Geographic_coordinate_system","//tools.wmflabs.org/geohack/geohack.php?pagename=Research_Triangle_Park&params=35_54_29_N_78_51_46_W_type:city","//en.wikipedia.org/w/index.php?title=Special:CentralAutoLogin/start&type=1x1&from=enwiki","http://en.wikipedia.org/w/index.php?title=Research_Triangle_Park&oldid=566449160","/wiki/Help:Category","/wiki/Category:1959_establishments_in_North_Carolina","/wiki/Category:Business_parks_of_the_United_States","/wiki/Category:Buildings_and_structures_in_Durham_County,_North_Carolina","/wiki/Category:Economy_of_North_Carolina","/wiki/Category:High-technology_business_districts","/wiki/Category:National_Institutes_of_Health","/wiki/Category:Science_parks_in_the_United_States","/wiki/Category:Research_Triangle,_North_Carolina","/wiki/Category:Buildings_and_structures_in_Wake_County,_North_Carolina","/wiki/Category:Articles_needing_additional_references_from_May_2007","/wiki/Category:All_articles_needing_additional_references","/wiki/Category:Commons_category_with_local_link_same_as_on_Wikidata","/w/index.php?title=Special:UserLogin&returnto=Research+Triangle+Park&type=signup","/w/index.php?title=Special:UserLogin&returnto=Research+Triangle+Park","/wiki/Research_Triangle_Park","/wiki/Talk:Research_Triangle_Park","#","/wiki/Research_Triangle_Park","/w/index.php?title=Research_Triangle_Park&action=edit","/w/index.php?title=Research_Triangle_Park&veaction=edit","/w/index.php?title=Research_Triangle_Park&action=history","#","/w/index.php","//bits.wikimedia.org/static-1.22wmf12/skins/vector/images/search-ltr.png?303-4","/wiki/Main_Page","/wiki/Main_Page","/wiki/Portal:Contents","/wiki/Portal:Featured_content","/wiki/Portal:Current_events","/wiki/Special:Random","https://donate.wikimedia.org/wiki/Special:FundraiserRedirector?utm_source=donate&utm_medium=sidebar&utm_campaign=C13_en.wikipedia.org&uselang=en","/wiki/Help:Contents","/wiki/Wikipedia:About","/wiki/Wikipedia:Community_portal","/wiki/Special:RecentChanges","//en.wikipedia.org/wiki/Wikipedia:Contact_us","/wiki/Special:WhatLinksHere/Research_Triangle_Park","/wiki/Special:RecentChangesLinked/Research_Triangle_Park","/wiki/Wikipedia:File_Upload_Wizard","/wiki/Special:SpecialPages","/w/index.php?title=Research_Triangle_Park&oldid=566449160","/w/index.php?title=Research_Triangle_Park&action=info","//www.wikidata.org/wiki/Q1187093","/w/index.php?title=Special:Cite&page=Research_Triangle_Park&id=566449160","/w/index.php?title=Special:Book&bookcmd=book_creator&referer=Research+Triangle+Park","/w/index.php?title=Special:Book&bookcmd=render_article&arttitle=Research+Triangle+Park&oldid=566449160&writer=rl","/w/index.php?title=Research_Triangle_Park&printable=yes","//fr.wikipedia.org/wiki/Research_Triangle_Park","//ko.wikipedia.org/wiki/%EB%A6%AC%EC%84%9C%EC%B9%98_%ED%8A%B8%EB%9D%BC%EC%9D%B4%EC%95%B5%EA%B8%80_%ED%8C%8C%ED%81%AC","//ja.wikipedia.org/wiki/%E3%83%AA%E3%82%B5%E3%83%BC%E3%83%81%E3%83%BB%E3%83%88%E3%83%A9%E3%82%A4%E3%82%A2%E3%83%B3%E3%82%B0%E3%83%AB%E3%83%BB%E3%83%91%E3%83%BC%E3%82%AF","//ro.wikipedia.org/wiki/Research_Triangle_Park","//sk.wikipedia.org/wiki/Research_Triangle_Park","//zh.wikipedia.org/wiki/%E4%B8%89%E8%A7%92%E7%A0%94%E7%A9%B6%E5%9B%AD","#","//www.wikidata.org/wiki/Q1187093#sitelinks-wikipedia","//en.wikipedia.org/wiki/Wikipedia:Text_of_Creative_Commons_Attribution-ShareAlike_3.0_Unported_License","//creativecommons.org/licenses/by-sa/3.0/","//wikimediafoundation.org/wiki/Terms_of_Use","//wikimediafoundation.org/wiki/Privacy_policy","//www.wikimediafoundation.org/","//wikimediafoundation.org/wiki/Privacy_policy","/wiki/Wikipedia:About","/wiki/Wikipedia:General_disclaimer","//en.wikipedia.org/wiki/Wikipedia:Contact_us","//en.m.wikipedia.org/wiki/Research_Triangle_Park","//wikimediafoundation.org/","//bits.wikimedia.org/images/wikimedia-button.png","//www.mediawiki.org/","//bits.wikimedia.org/static-1.22wmf12/skins/common/images/poweredby_mediawiki_88x31.png","//bits.wikimedia.org/en.wikipedia.org/load.php?debug=false&lang=en&modules=site&only=scripts&skin=vector&*"],"instances":["north_carolina"],"pdf":["http://www.waywelivednc.com/maps/historical/rtp.pdf","http://www.durham-nc.com/resources/pdf/tourmap_drive.pdf","http://godoggo.org/files/maps/rtp.pdf"],"categories":["1959 establishments in North Carolina","Business parks of the United States","Buildings and structures in Durham County, North Carolina","Economy of North Carolina","High-technology business districts","National Institutes of Health","Science parks in the United States","Research Triangle, North Carolina","Buildings and structures in Wake County, North Carolina"],"headings":["Overview","Local government","Master plan","Companies and institutions in or near the Research Triangle Park","Universities","See also","References","Bibliography","External links"],"image":["//upload.wikimedia.org/wikipedia/en/thumb/9/99/Question_book-new.svg/50px-Question_book-new.svg.png","//upload.wikimedia.org/wikipedia/commons/thumb/e/ef/2008-07-25_Research_Triangle_Park_Headquarters.jpg/260px-2008-07-25_Research_Triangle_Park_Headquarters.jpg","//upload.wikimedia.org/wikipedia/en/thumb/4/4a/Commons-logo.svg/30px-Commons-logo.svg.png","//upload.wikimedia.org/wikipedia/commons/thumb/6/66/Raleigh-Durham-Cary_CSA.png/200px-Raleigh-Durham-Cary_CSA.png","//upload.wikimedia.org/wikipedia/commons/thumb/b/bb/Flag_of_North_Carolina.svg/23px-Flag_of_North_Carolina.svg.png","//en.wikipedia.org/w/index.php?title=Special:CentralAutoLogin/start&type=1x1&from=enwiki","//bits.wikimedia.org/static-1.22wmf12/skins/vector/images/search-ltr.png?303-4","//bits.wikimedia.org/images/wikimedia-button.png","//bits.wikimedia.org/static-1.22wmf12/skins/common/images/poweredby_mediawiki_88x31.png"],"tags":[["the_triangle","north_carolina"]],"members":["the_triangle"],"related":["North_Carolina","Research_park","Durham,_North_Carolina","Raleigh,_North_Carolina","Chapel_Hill,_North_Carolina","Research_Triangle","North_Carolina","Wake_County","Durham_County,_North_Carolina","High-tech","Research_and_development","United_States","Universities","Karl_Robbins","Pine","Forest","Interstate_40","Durham_Freeway","Research_Triangle_Foundation","IBM","IBM_India","GlaxoSmithKline","Cisco_Systems","Unincorporated_area","Commuter_rail","North_Carolina_Highway_54","Adzerk","American_Association_of_Textile_Chemists_and_Colorists","Avaya","AXA","Barry-Wehmiller","BASF","Bayer","Becton_Dickinson","Biogen_Idec","Burroughs_Wellcome_Fund","Centers_for_Disease_Control_and_Prevention","National_Center_for_Health_Statistics","Ciena","Cisco_Systems","Credit_Suisse","Cree_Inc.","Delta_Electronics","DuPont","Eisai_Co.","Eloquentix","EMC_Corporation","Ericsson","Extreme_Networks","Fidelity_Investments","Freudenberg_IT","Frontier_Communications","Genband","Geomagic","Gilbarco","GlaxoSmithKline","Grifols","IBM","IContact","Innovative_Emergency_Management","Integrated_Laboratory_Systems","Intel","International_Union_of_Pure_and_Applied_Chemistry","Intersil","Intersouth_Ventures","K&L_Gates","LabCorp","Linde","Lenovo","MED-EL_Corporation","Merck_&_Co.","Metlife","Microsoft","Monsanto_Company","Motricity","National_Institute_of_Environmental_Health_Sciences","National_Humanities_Center","National_Semiconductor","NetApp","Nortel_Networks","North_Carolina_Biotechnology_Center","Nufarm","Ogilvy","Open-Silicon","Overture_Networks","PBM_Graphics","Pharmaceutical_Product_Development","Premier_Research_Group","Qualcomm","Quintiles","RadarFind_Corporation","Railinc_Corporation","Red_Hat","Research_In_Motion","Research_Triangle_High_School","ReverbNation.com","RTI_International","S&R_Communications_Group","SAS_Institute","Scenera_Research","Semiconductor_Research_Corporation","Sigma_Xi","Southern_Capitol_Ventures","Spirent","ST_Ericsson","Sumitomo","Syngenta","Teleflex_Medical","Tekelec","TechZoomIn_Inc","Triangle_United_Way","Troxler_Electronic_Laboratories","Underwriters_Laboratories","United_States_Forest_Service","United_Therapeutics_Corporation","Unithink_Inc","Verizon","Virante","Web_Tax_Office","Wyeth","Campbell_University","Duke_University","Meredith_College","North_Carolina_Central_University","North_Carolina_State_University","St._Augustine's_University","Shaw_University","Skema_Business_School","University_of_North_Carolina_at_Chapel_Hill","William_Peace_University","The_Triangle_(North_Carolina)"]}