{"cursor":"1561","size":15,"audio":[],"currentlang":"en","article":"{{Infobox French commune |name = Bion |region = Basse-Normandie |department =\nManche |arrondissement = Avranches |canton = Mortain |INSEE = 50056 |postal code\n= 50140 |mayor = Daniel HeuzÃ© |term = 2008–2014 |intercommunality =\nMortain |longitude = -0.9181 |latitude = 48.6206 |elevation m = 133 |elevation\nmin m = 76 |elevation max m = 305 |area km2 = 12.67 |population = 391\n|population date = 2009 }}\n\n' Bion' is a commune in the Manche department in the Basse-Normandie region in\nnorthwestern France.\n","linknr":748,"url":"Bion,_Manche","recorded":1376421209,"links":["/w/index.php?title=Bion,_Manche&action=edit","/w/index.php?title=Bion,_Manche&action=edit","//bits.wikimedia.org/favicon/wikipedia.ico","/w/opensearch_desc.php","//en.wikipedia.org/w/api.php?action=rsd","//creativecommons.org/licenses/by-sa/3.0/","/w/index.php?title=Special:RecentChanges&feed=atom","http://en.wikipedia.org/wiki/Bion,_Manche","//bits.wikimedia.org/en.wikipedia.org/load.php?debug=false&lang=en&modules=ext.gadget.DRN-wizard%2CReferenceTooltips%2Ccharinsert%2Cteahouse%7Cext.rtlcite%2Cwikihiero%7Cext.uls.nojs%7Cmediawiki.legacy.commonPrint%2Cshared%7Cmw.PopUpMediaTransform%7Cskins.vector&only=styles&skin=vector&*","//bits.wikimedia.org/en.wikipedia.org/load.php?debug=false&lang=en&modules=ext.visualEditor.viewPageTarget.noscript&only=styles&skin=vector&*","//bits.wikimedia.org/en.wikipedia.org/load.php?debug=false&lang=en&modules=site&only=styles&skin=vector&*","//bits.wikimedia.org/en.wikipedia.org/load.php?debug=false&lang=en&modules=startup&only=scripts&skin=vector&*","//bits.wikimedia.org/geoiplookup","//meta.wikimedia.org","#mw-navigation","#p-search","/wiki/File:France_location_map-Regions_and_departements.svg","//upload.wikimedia.org/wikipedia/commons/thumb/3/3b/France_location_map-Regions_and_departements.svg/270px-France_location_map-Regions_and_departements.svg.png","//upload.wikimedia.org/wikipedia/en/thumb/0/0c/Red_pog.svg/6px-Red_pog.svg.png","/wiki/File:Basse-Normandie_region_location_map.svg","//upload.wikimedia.org/wikipedia/commons/thumb/c/c2/Basse-Normandie_region_location_map.svg/270px-Basse-Normandie_region_location_map.svg.png","//upload.wikimedia.org/wikipedia/en/thumb/0/0c/Red_pog.svg/6px-Red_pog.svg.png","/wiki/Regions_of_France","/wiki/Lower_Normandy","/wiki/Departments_of_France","/wiki/Manche","/wiki/Arrondissements_of_France","/wiki/Arrondissement_of_Avranches","/wiki/Cantons_of_France","/wiki/Communes_of_France#Intercommunality","/wiki/Demographics_of_France","/wiki/INSEE_code","http://recensement.insee.fr/searchResults.action?zoneSearchField=&codeZone=50056-COM","/wiki/Postal_codes_in_France","/wiki/Population_without_double_counting","/wiki/Geographic_coordinate_system","//tools.wmflabs.org/geohack/geohack.php?pagename=Bion,_Manche&params=48.6206_N_-0.9181_E_region:FR-50_type:city(391)","/wiki/Commune_in_France","/wiki/Manche","/wiki/Departments_of_France","/wiki/Basse-Normandie","/wiki/Regions_of_France","/wiki/France","/w/index.php?title=Bion,_Manche&action=edit&section=1","/w/index.php?title=Bion,_Manche&veaction=edit&section=1","/w/index.php?title=Bion,_Manche&action=edit&section=2","/w/index.php?title=Bion,_Manche&veaction=edit&section=2","/wiki/Communes_of_the_Manche_department","/wiki/Parc_naturel_r%C3%A9gional_Normandie-Maine","/w/index.php?title=Bion,_Manche&action=edit&section=3","/w/index.php?title=Bion,_Manche&veaction=edit&section=3","http://www.insee.fr/fr/bases-de-donnees/esl/comparateur.asp?codgeo=COM-50056","/wiki/Template:Manche_communes","/wiki/Template_talk:Manche_communes","//en.wikipedia.org/w/index.php?title=Template:Manche_communes&action=edit","/wiki/Communes_of_the_Manche_department","/wiki/Manche","/wiki/File:Flag_of_France.svg","//upload.wikimedia.org/wikipedia/en/thumb/c/c3/Flag_of_France.svg/17px-Flag_of_France.svg.png","/wiki/Acqueville,_Manche","/wiki/Agneaux","/wiki/Agon-Coutainville","/wiki/Airel","/wiki/Amfreville,_Manche","/wiki/Amigny","/wiki/Ancteville","/wiki/Anctoville-sur-Boscq","/wiki/Angey","/wiki/Angoville-au-Plain","/wiki/Angoville-sur-Ay","/wiki/Anneville-en-Saire","/wiki/Anneville-sur-Mer","/wiki/Annoville","/wiki/Appeville","/wiki/Argouges","/wiki/Aucey-la-Plaine","/wiki/Auderville","/wiki/Audouville-la-Hubert","/wiki/Aumeville-Lestre","/wiki/Auvers,_Manche","/wiki/Auxais","/wiki/Avranches","/wiki/Azeville","/wiki/Bacilly","/wiki/La_Baleine","/wiki/Barenton","/wiki/Barfleur","/wiki/Barneville-Carteret","/wiki/La_Barre-de-Semilly","/wiki/Baubigny,_Manche","/wiki/Baudre","/wiki/Baudreville,_Manche","/wiki/Baupte","/wiki/La_Bazoge,_Manche","/wiki/Beauchamps,_Manche","/wiki/Beaucoudray","/wiki/Beauficel","/wiki/Beaumont-Hague","/wiki/Beauvoir,_Manche","/wiki/Bellefontaine,_Manche","/wiki/Belval,_Manche","/wiki/Beno%C3%AEtville","/wiki/B%C3%A9rigny","/wiki/Beslon","/wiki/Besneville","/wiki/Beuvrigny","/wiki/Beuzeville-au-Plain","/wiki/Beuzeville-la-Bastille","/wiki/Bi%C3%A9ville,_Manche","/wiki/Biniville","/wiki/Biville","/wiki/Blainville-sur-Mer","/wiki/Blosville","/wiki/La_Blouti%C3%A8re","/wiki/Boisroger","/wiki/Boisyvon","/wiki/Bolleville,_Manche","/wiki/La_Bonneville","/wiki/Bourguenolles","/wiki/Boutteville","/wiki/Braffais","/wiki/Brainville,_Manche","/wiki/Branville-Hague","/wiki/Br%C3%A9cey","/wiki/Brectouville","/wiki/Br%C3%A9hal","/wiki/Bretteville,_Manche","/wiki/Bretteville-sur-Ay","/wiki/Breuville","/wiki/Br%C3%A9vands","/wiki/Br%C3%A9ville-sur-Mer","/wiki/Bricquebec","/wiki/Bricquebosq","/wiki/Bricqueville-la-Blouette","/wiki/Bricqueville-sur-Mer","/wiki/Brillevast","/wiki/Brix,_Manche","/wiki/Brouains","/wiki/Brucheville","/wiki/Buais","/wiki/Cambernon","/wiki/Cametours","/wiki/Camprond","/wiki/Canisy","/wiki/Canteloup,_Manche","/wiki/Canville-la-Rocque","/wiki/Carantilly","/wiki/Carentan","/wiki/Carnet,_Manche","/wiki/Carneville","/wiki/Carolles","/wiki/Carquebut","/wiki/Catteville","/wiki/Catz","/wiki/Cavigny","/wiki/C%C3%A9aux","/wiki/C%C3%A9rences","/wiki/Cerisy-la-For%C3%AAt","/wiki/Cerisy-la-Salle","/wiki/La_Chaise-Baudouin","/wiki/Les_Chambres","/wiki/Champcervon","/wiki/Champcey","/wiki/Champeaux,_Manche","/wiki/Champrepus","/wiki/Les_Champs-de-Losque","/wiki/Chanteloup,_Manche","/wiki/La_Chapelle-C%C3%A9celin","/wiki/La_Chapelle-en-Juger","/wiki/La_Chapelle-Ur%C3%A9e","/wiki/Chasseguey","/wiki/Chaulieu","/wiki/Chavoy","/wiki/Chef-du-Pont","/wiki/Le_Chefresne","/wiki/Cherbourg-Octeville","/wiki/Ch%C3%A9renc%C3%A9-le-H%C3%A9ron","/wiki/Ch%C3%A9renc%C3%A9-le-Roussel","/wiki/Les_Ch%C3%A9ris","/wiki/Ch%C3%A8vreville,_Manche","/wiki/Chevry,_Manche","/wiki/Clitourps","/wiki/Coigny","/wiki/La_Colombe,_Manche","/wiki/Colomby","/wiki/Cond%C3%A9-sur-Vire","/wiki/Contri%C3%A8res","/wiki/Cosqueville","/wiki/Coudeville-sur-Mer","/wiki/Coulouvray-Boisben%C3%A2tre","/wiki/Courcy,_Manche","/wiki/Courtils","/wiki/Coutances","/wiki/Couvains,_Manche","/wiki/Couville","/wiki/Crasville,_Manche","/wiki/Cr%C3%A9ances","/wiki/Les_Cresnays","/wiki/Cretteville","/wiki/La_Croix-Avranchin","/wiki/Crollon","/wiki/Crosville-sur-Douve","/wiki/Cuves,_Manche","/wiki/Dangy","/wiki/Denneville","/wiki/Le_D%C3%A9zert","/wiki/Digosville","/wiki/Digulleville","/wiki/Domjean","/wiki/Donville-les-Bains","/wiki/Doville","/wiki/Dragey-Ronthon","/wiki/Ducey","/wiki/%C3%89causseville","/wiki/%C3%89coquen%C3%A9auville","/wiki/%C3%89culleville","/wiki/%C3%89mondeville","/wiki/%C3%89queurdreville-Hainneville","/wiki/%C3%89quilly","/wiki/%C3%89roudeville","/wiki/L%27%C3%89tang-Bertrand","/wiki/%C3%89tienville","/wiki/La_Feuillie,_Manche","/wiki/Fermanville","/wiki/Ferri%C3%A8res,_Manche","/wiki/Fervaches","/wiki/Feug%C3%A8res","/wiki/Fierville-les-Mines","/wiki/Flamanville,_Manche","/wiki/Fleury,_Manche","/wiki/Flottemanville","/wiki/Flottemanville-Hague","/wiki/Folligny","/wiki/Fontenay,_Manche","/wiki/Fontenay-sur-Mer","/wiki/Foucarville","/wiki/Fourneaux,_Manche","/wiki/Le_Fresne-Poret","/wiki/Fresville","/wiki/Gathemo","/wiki/Gatteville-le-Phare","/wiki/Gavray","/wiki/Geffosses","/wiki/Gen%C3%AAts","/wiki/Ger,_Manche","/wiki/Gi%C3%A9ville","/wiki/La_Glacerie","/wiki/Glatigny,_Manche","/wiki/La_Godefroy","/wiki/La_Gohanni%C3%A8re","/wiki/Golleville","/wiki/Gonfreville","/wiki/Gonneville,_Manche","/wiki/Gorges,_Manche","/wiki/Gouberville","/wiki/Gourbesville","/wiki/Gourfaleur","/wiki/Gouvets","/wiki/Gouville-sur-Mer","/wiki/Graignes-Mesnil-Angot","/wiki/Le_Grand-Celland","/wiki/Granville,_Manche","/wiki/Gratot","/wiki/Gr%C3%A9ville-Hague","/wiki/Grimesnil","/wiki/Grosville","/wiki/Gu%C3%A9h%C3%A9bert","/wiki/Guilberville","/wiki/Le_Guislain","/wiki/Le_Ham,_Manche","/wiki/Hambye","/wiki/Hamelin,_Manche","/wiki/Hardinvast","/wiki/Hauteville-la-Guichard","/wiki/Hauteville-sur-Mer","/wiki/Hautteville-Bocage","/wiki/La_Haye-Bellefond","/wiki/La_Haye-d%27Ectot","/wiki/La_Haye-du-Puits","/wiki/La_Haye-Pesnel","/wiki/H%C3%A9auville","/wiki/H%C3%A9b%C3%A9crevon","/wiki/Helleville","/wiki/H%C3%A9mevez","/wiki/H%C3%A9renguerville","/wiki/Herqueville,_Manche","/wiki/Heugueville-sur-Sienne","/wiki/Heuss%C3%A9","/wiki/Hiesville","/wiki/Hocquigny","/wiki/Le_Hommet-d%27Arthenay","/wiki/Houesville","/wiki/Houtteville","/wiki/Huberville","/wiki/Hudimesnil","/wiki/Huisnes-sur-Mer","/wiki/Husson","/wiki/Hyenville","/wiki/Isigny-le-Buat","/wiki/Jobourg","/wiki/Joganville","/wiki/Juilley","/wiki/Jullouville","/wiki/Juvigny-le-Tertre","/wiki/Lamberville,_Manche","/wiki/La_Lande-d%27Airou","/wiki/Lapenty","/wiki/Laulne","/wiki/Lengronne","/wiki/Lessay","/wiki/Lestre","/wiki/Liesville-sur-Douve","/wiki/Lieusaint,_Manche","/wiki/Lingeard","/wiki/Lingreville","/wiki/Lithaire","/wiki/Les_Loges-Marchis","/wiki/Les_Loges-sur-Br%C3%A9cey","/wiki/Lolif","/wiki/Longueville,_Manche","/wiki/Le_Loreur","/wiki/Le_Lorey","/wiki/Lozon","/wiki/La_Lucerne-d%27Outremer","/wiki/Le_Luot","/wiki/La_Luzerne","/wiki/Macey,_Manche","/wiki/Magneville","/wiki/La_Mancelli%C3%A8re-sur-Vire","/wiki/Marcey-les-Gr%C3%A8ves","/wiki/March%C3%A9sieux","/wiki/Marcilly,_Manche","/wiki/Margueray","/wiki/Marigny,_Manche","/wiki/Martigny,_Manche","/wiki/Martinvast","/wiki/Maupertuis,_Manche","/wiki/Maupertus-sur-Mer","/wiki/La_Meauffe","/wiki/M%C3%A9autis","/wiki/Le_Mesnil,_Manche","/wiki/Le_Mesnil-Adel%C3%A9e","/wiki/Le_Mesnil-Amand","/wiki/Le_Mesnil-Amey","/wiki/Le_Mesnil-Aubert","/wiki/Le_Mesnil-au-Val","/wiki/Le_Mesnilbus","/wiki/Le_Mesnil-Eury","/wiki/Le_Mesnil-Garnier","/wiki/Le_Mesnil-Gilbert","/wiki/Le_Mesnil-Herman","/wiki/Le_Mesnillard","/wiki/Le_Mesnil-Opac","/wiki/Le_Mesnil-Ozenne","/wiki/Le_Mesnil-Rainfray","/wiki/Le_Mesnil-Raoult","/wiki/Le_Mesnil-Rogues","/wiki/Le_Mesnil-Rouxelin","/wiki/Le_Mesnil-T%C3%B4ve","/wiki/Le_Mesnil-V%C3%A9neron","/wiki/Le_Mesnil-Vigot","/wiki/Le_Mesnil-Villeman","/wiki/La_Meurdraqui%C3%A8re","/wiki/Milli%C3%A8res,_Manche","/wiki/Milly,_Manche","/wiki/Mobecq","/wiki/Les_Moitiers-d%27Allonne","/wiki/Les_Moitiers-en-Bauptois","/wiki/Montabot","/wiki/Montaigu-la-Brisette","/wiki/Montaigu-les-Bois","/wiki/Montanel","/wiki/Montbray","/wiki/Montchaton","/wiki/Montcuit","/wiki/Montebourg","/wiki/Montfarville","/wiki/Montgardon","/wiki/Monthuchon","/wiki/Montjoie-Saint-Martin","/wiki/Montmartin-en-Graignes","/wiki/Montmartin-sur-Mer","/wiki/Montpinchon","/wiki/Montrabot","/wiki/Montreuil-sur-Lozon","/wiki/Mont_Saint-Michel","/wiki/Montsurvent","/wiki/Montviron","/wiki/Moon-sur-Elle","/wiki/Morigny","/wiki/Morsalines","/wiki/Mortain","/wiki/Morville,_Manche","/wiki/La_Mouche,_Manche","/wiki/Moulines,_Manche","/wiki/Moyon","/wiki/Muneville-le-Bingard","/wiki/Muneville-sur-Mer","/wiki/Nay,_Manche","/wiki/N%C3%A9greville","/wiki/N%C3%A9hou","/wiki/Le_Neufbourg","/wiki/Neufmesnil","/wiki/Neuville-au-Plain","/wiki/Neuville-en-Beaumont","/wiki/N%C3%A9ville-sur-Mer","/wiki/Nicorps","/wiki/Notre-Dame-de-Cenilly","/wiki/Notre-Dame-de-Livoye","/wiki/Notre-Dame-d%27Elle","/wiki/Notre-Dame-du-Touchet","/wiki/Nouainville","/wiki/Octeville-l%27Avenel","/wiki/Omonville-la-Petite","/wiki/Omonville-la-Rogue","/wiki/Orglandes","/wiki/Orval,_Manche","/wiki/Ouville","/wiki/Ozeville","/wiki/Parigny,_Manche","/wiki/Percy,_Manche","/wiki/P%C3%A9riers,_Manche","/wiki/La_Pernelle","/wiki/Les_Perques","/wiki/Perriers-en-Beauficel","/wiki/Le_Perron","/wiki/Le_Petit-Celland","/wiki/Picauville","/wiki/Pierreville,_Manche","/wiki/Les_Pieux","/wiki/Pirou","/wiki/Placy-Montaigu","/wiki/Le_Plessis-Lastelle","/wiki/Plomb","/wiki/Poilley,_Manche","/wiki/Pontaubault","/wiki/Pont-H%C3%A9bert","/wiki/Pontorson","/wiki/Ponts,_Manche","/wiki/Portbail","/wiki/Pr%C3%A9cey","/wiki/Pr%C3%A9corbin","/wiki/Pr%C3%A9tot-Sainte-Suzanne","/wiki/Querqueville","/wiki/Quettehou","/wiki/Quettetot","/wiki/Quettreville-sur-Sienne","/wiki/Quibou","/wiki/Quin%C3%A9ville","/wiki/Raids","/wiki/Rampan","/wiki/Rauville-la-Bigot","/wiki/Rauville-la-Place","/wiki/Ravenoville","/wiki/Reffuveille","/wiki/Regn%C3%A9ville-sur-Mer","/wiki/Reigneville-Bocage","/wiki/Remilly-sur-Lozon","/wiki/R%C3%A9thoville","/wiki/R%C3%A9ville","/wiki/La_Rochelle-Normande","/wiki/Rocheville","/wiki/Romagny,_Manche","/wiki/Roncey","/wiki/La_Ronde-Haye","/wiki/Rouffigny","/wiki/Rouxeville","/wiki/Le_Rozel","/wiki/Sacey","/wiki/Saint-Amand,_Manche","/wiki/Saint-Andr%C3%A9-de-Bohon","/wiki/Saint-Andr%C3%A9-de-l%27%C3%89pine","/wiki/Saint-Aubin-de-Terregatte","/wiki/Saint-Aubin-des-Pr%C3%A9aux","/wiki/Saint-Aubin-du-Perron","/wiki/Saint-Barth%C3%A9lemy,_Manche","/wiki/Saint-Brice,_Manche","/wiki/Saint-Brice-de-Landelles","/wiki/Saint-Christophe-du-Foc","/wiki/Saint-Clair-sur-l%27Elle","/wiki/Saint-Cl%C3%A9ment-Rancoudray","/wiki/Saint-C%C3%B4me-du-Mont","/wiki/Saint-Cyr,_Manche","/wiki/Saint-Cyr-du-Bailleul","/wiki/Saint-Denis-le-Gast","/wiki/Saint-Denis-le-V%C3%AAtu","/wiki/Saint-%C3%89bremond-de-Bonfoss%C3%A9","/wiki/Sainte-C%C3%A9cile,_Manche","/wiki/Sainte-Colombe,_Manche","/wiki/Sainte-Croix-Hague","/wiki/Sainte-Genevi%C3%A8ve,_Manche","/wiki/Sainte-Marie-du-Bois,_Manche","/wiki/Sainte-Marie-du-Mont,_Manche","/wiki/Sainte-M%C3%A8re-%C3%89glise","/wiki/Sainteny","/wiki/Sainte-Pience","/wiki/Sainte-Suzanne-sur-Vire","/wiki/Saint-Floxel","/wiki/Saint-Fromond","/wiki/Saint-Georges-d%27Elle","/wiki/Saint-Georges-de-Bohon","/wiki/Saint-Georges-de-la-Rivi%C3%A8re","/wiki/Saint-Georges-de-Livoye","/wiki/Saint-Georges-de-Rouelley","/wiki/Saint-Georges-Montcocq","/wiki/Saint-Germain-d%27Elle","/wiki/Saint-Germain-des-Vaux","/wiki/Saint-Germain-de-Tournebut","/wiki/Saint-Germain-de-Varreville","/wiki/Saint-Germain-le-Gaillard,_Manche","/wiki/Saint-Germain-sur-Ay","/wiki/Saint-Germain-sur-S%C3%A8ves","/wiki/Saint-Gilles,_Manche","/wiki/Saint-Hilaire-du-Harcou%C3%ABt","/wiki/Saint-Hilaire-Petitville","/wiki/Saint-Jacques-de-N%C3%A9hou","/wiki/Saint-James","/wiki/Saint-Jean-de-Daye","/wiki/Saint-Jean-de-la-Haize","/wiki/Saint-Jean-de-la-Rivi%C3%A8re","/wiki/Saint-Jean-de-Savigny","/wiki/Saint-Jean-des-Baisants","/wiki/Saint-Jean-des-Champs","/wiki/Saint-Jean-du-Corail","/wiki/Saint-Jean-du-Corail-des-Bois","/wiki/Saint-Jean-le-Thomas","/wiki/Saint-Jores","/wiki/Saint-Joseph,_Manche","/wiki/Saint-Laurent-de-Cuves","/wiki/Saint-Laurent-de-Terregatte","/wiki/Saint-L%C3%B4","/wiki/Saint-L%C3%B4-d%27Ourville","/wiki/Saint-Louet-sur-Vire","/wiki/Saint-Loup,_Manche","/wiki/Saint-Malo-de-la-Lande","/wiki/Saint-Marcouf,_Manche","/wiki/Saint-Martin-d%27Aubigny","/wiki/Saint-Martin-d%27Audouville","/wiki/Saint-Martin-de-Bonfoss%C3%A9","/wiki/Saint-Martin-de-Cenilly","/wiki/Saint-Martin-de-Landelles","/wiki/Saint-Martin-des-Champs,_Manche","/wiki/Saint-Martin-de-Varreville","/wiki/Saint-Martin-le-Bouillant","/wiki/Saint-Martin-le-Gr%C3%A9ard","/wiki/Saint-Martin-le-H%C3%A9bert","/wiki/Saint-Maur-des-Bois","/wiki/Saint-Maurice-en-Cotentin","/wiki/Saint-Michel-de-la-Pierre","/wiki/Saint-Michel-de-Montjoie","/wiki/Saint-Nicolas-de-Pierrepont","/wiki/Saint-Nicolas-des-Bois,_Manche","/wiki/Saint-Ovin","/wiki/Saint-Pair-sur-Mer","/wiki/Saint-Patrice-de-Claids","/wiki/Saint-Pellerin,_Manche","/wiki/Saint-Pierre-d%27Arth%C3%A9glise","/wiki/Saint-Pierre-de-Coutances","/wiki/Saint-Pierre-de-Semilly","/wiki/Saint-Pierre-%C3%89glise","/wiki/Saint-Pierre-Langers","/wiki/Saint-Planchers","/wiki/Saint-Pois","/wiki/Saint-Quentin-sur-le-Homme","/wiki/Saint-R%C3%A9my-des-Landes","/wiki/Saint-Romphaire","/wiki/Saint-Samson-de-Bonfoss%C3%A9","/wiki/Saint-Sauveur-de-Pierrepont","/wiki/Saint-Sauveur-la-Pommeraye","/wiki/Saint-Sauveur-Lendelin","/wiki/Saint-Sauveur-le-Vicomte","/wiki/Saint-S%C3%A9bastien-de-Raids","/wiki/Saint-Senier-de-Beuvron","/wiki/Saint-Senier-sous-Avranches","/wiki/Saint-Symphorien-des-Monts","/wiki/Saint-Symphorien-le-Valois","/wiki/Saint-Vaast-la-Hougue","/wiki/Saint-Vigor-des-Monts","/wiki/Sartilly","/wiki/Saussemesnil","/wiki/Saussey,_Manche","/wiki/Savigny,_Manche","/wiki/Savigny-le-Vieux","/wiki/S%C3%A9beville","/wiki/S%C3%A9noville","/wiki/Servigny","/wiki/Servon,_Manche","/wiki/Sideville","/wiki/Siouville-Hague","/wiki/Sortosville","/wiki/Sortosville-en-Beaumont","/wiki/Sottevast","/wiki/Sotteville,_Manche","/wiki/Soulles","/wiki/Sourdeval","/wiki/Sourdeval-les-Bois","/wiki/Subligny,_Manche","/wiki/Surtainville","/wiki/Surville,_Manche","/wiki/Taillepied","/wiki/Tamerville","/wiki/Tanis,_Manche","/wiki/Le_Tanu","/wiki/Le_Teilleul","/wiki/Tessy-sur-Vire","/wiki/Teurth%C3%A9ville-Bocage","/wiki/Teurth%C3%A9ville-Hague","/wiki/Le_Theil,_Manche","/wiki/Th%C3%A9ville","/wiki/Tirepied","/wiki/Tocqueville,_Manche","/wiki/Tollevast","/wiki/Tonneville","/wiki/Torigni-sur-Vire","/wiki/Tourlaville","/wiki/Tourville-sur-Sienne","/wiki/Tr%C3%A9auville","/wiki/Trelly","/wiki/Tribehou","/wiki/La_Trinit%C3%A9,_Manche","/wiki/Troisgots","/wiki/Turqueville","/wiki/Urville,_Manche","/wiki/Urville-Nacqueville","/wiki/Vains","/wiki/Valcanville","/wiki/Le_Vald%C3%A9cie","/wiki/Valognes","/wiki/Le_Val-Saint-P%C3%A8re","/wiki/Varenguebec","/wiki/Varouville","/wiki/Le_Vast","/wiki/Vasteville","/wiki/Vaudreville","/wiki/Vaudrimesnil","/wiki/Vauville,_Manche","/wiki/La_Vendel%C3%A9e","/wiki/Vengeons","/wiki/Ver,_Manche","/wiki/Vergoncey","/wiki/Vernix,_Manche","/wiki/Vesly,_Manche","/wiki/Vessey,_Manche","/wiki/Les_Veys","/wiki/Le_Vicel","/wiki/Videcosville","/wiki/Vidouville","/wiki/Vierville,_Manche","/wiki/Villebaudon","/wiki/Villechien","/wiki/Villedieu-les-Po%C3%AAles","/wiki/Villiers-Fossard","/wiki/Villiers-le-Pr%C3%A9","/wiki/Vindefontaine","/wiki/Virandeville","/wiki/Virey","/wiki/Le_Vr%C3%A9tot","/wiki/Yquelon","/wiki/Yvetot-Bocage","/wiki/File:Blason_d%C3%A9partement_fr_Manche.svg","//upload.wikimedia.org/wikipedia/commons/thumb/1/11/Blason_d%C3%A9partement_fr_Manche.svg/30px-Blason_d%C3%A9partement_fr_Manche.svg.png","/wiki/Manche","/wiki/Wikipedia:Stub","//en.wikipedia.org/w/index.php?title=Bion,_Manche&action=edit","/wiki/Template:Manche-geo-stub","/wiki/Template_talk:Manche-geo-stub","//en.wikipedia.org/w/index.php?title=Template:Manche-geo-stub&action=edit","//en.wikipedia.org/w/index.php?title=Special:CentralAutoLogin/start&type=1x1&from=enwiki","http://en.wikipedia.org/w/index.php?title=Bion,_Manche&oldid=545157680","/wiki/Help:Category","/wiki/Category:Communes_of_Manche","/wiki/Category:Manche_geography_stubs","/w/index.php?title=Special:UserLogin&returnto=Bion%2C+Manche&type=signup","/w/index.php?title=Special:UserLogin&returnto=Bion%2C+Manche","/wiki/Bion,_Manche","/wiki/Talk:Bion,_Manche","#","/wiki/Bion,_Manche","/w/index.php?title=Bion,_Manche&action=edit","/w/index.php?title=Bion,_Manche&veaction=edit","/w/index.php?title=Bion,_Manche&action=history","#","/w/index.php","//bits.wikimedia.org/static-1.22wmf12/skins/vector/images/search-ltr.png?303-4","/wiki/Main_Page","/wiki/Main_Page","/wiki/Portal:Contents","/wiki/Portal:Featured_content","/wiki/Portal:Current_events","/wiki/Special:Random","https://donate.wikimedia.org/wiki/Special:FundraiserRedirector?utm_source=donate&utm_medium=sidebar&utm_campaign=C13_en.wikipedia.org&uselang=en","/wiki/Help:Contents","/wiki/Wikipedia:About","/wiki/Wikipedia:Community_portal","/wiki/Special:RecentChanges","//en.wikipedia.org/wiki/Wikipedia:Contact_us","/wiki/Special:WhatLinksHere/Bion,_Manche","/wiki/Special:RecentChangesLinked/Bion,_Manche","/wiki/Wikipedia:File_Upload_Wizard","/wiki/Special:SpecialPages","/w/index.php?title=Bion,_Manche&oldid=545157680","/w/index.php?title=Bion,_Manche&action=info","//www.wikidata.org/wiki/Q1077989","/w/index.php?title=Special:Cite&page=Bion%2C_Manche&id=545157680","/w/index.php?title=Special:Book&bookcmd=book_creator&referer=Bion%2C+Manche","/w/index.php?title=Special:Book&bookcmd=render_article&arttitle=Bion%2C+Manche&oldid=545157680&writer=rl","/w/index.php?title=Bion,_Manche&printable=yes","//ca.wikipedia.org/wiki/Bion_(Manche)","//ceb.wikipedia.org/wiki/Bion","//es.wikipedia.org/wiki/Bion_(Mancha)","//eu.wikipedia.org/wiki/Bion_(Manche)","//fr.wikipedia.org/wiki/Bion_(Manche)","//it.wikipedia.org/wiki/Bion_(Francia)","//kk.wikipedia.org/wiki/%D0%91%D0%B9%D0%BE%D0%BD_(%D0%9C%D0%B0%D0%BD%D1%88)","//la.wikipedia.org/wiki/Bion_(manica)","//mg.wikipedia.org/wiki/Bion,_Manche","//ms.wikipedia.org/wiki/Bion,_Manche","//nl.wikipedia.org/wiki/Bion_(Manche)","//oc.wikipedia.org/wiki/Bion_(Marga)","//uz.wikipedia.org/wiki/Bion_(Manche)","//pms.wikipedia.org/wiki/Bion","//pl.wikipedia.org/wiki/Bion_(miejscowo%C5%9B%C4%87)","//pt.wikipedia.org/wiki/Bion","//ro.wikipedia.org/wiki/Bion,_Manche","//sk.wikipedia.org/wiki/Bion_(Manche)","//sr.wikipedia.org/wiki/%D0%91%D0%B8%D0%BE%D0%BD","//sv.wikipedia.org/wiki/Bion,_Manche","//bug.wikipedia.org/wiki/Bion,_Manche","//uk.wikipedia.org/wiki/%D0%91%D0%B9%D0%BE%D0%BD_(%D0%9C%D0%B0%D0%BD%D1%88)","//vi.wikipedia.org/wiki/Bion,_Manche","//vo.wikipedia.org/wiki/Bion_(Manche)","//war.wikipedia.org/wiki/Bion,_Manche","#","//www.wikidata.org/wiki/Q1077989#sitelinks-wikipedia","//en.wikipedia.org/wiki/Wikipedia:Text_of_Creative_Commons_Attribution-ShareAlike_3.0_Unported_License","//creativecommons.org/licenses/by-sa/3.0/","//wikimediafoundation.org/wiki/Terms_of_Use","//wikimediafoundation.org/wiki/Privacy_policy","//www.wikimediafoundation.org/","//wikimediafoundation.org/wiki/Privacy_policy","/wiki/Wikipedia:About","/wiki/Wikipedia:General_disclaimer","//en.wikipedia.org/wiki/Wikipedia:Contact_us","//en.m.wikipedia.org/wiki/Bion,_Manche","//wikimediafoundation.org/","//bits.wikimedia.org/images/wikimedia-button.png","//www.mediawiki.org/","//bits.wikimedia.org/static-1.22wmf12/skins/common/images/poweredby_mediawiki_88x31.png","//bits.wikimedia.org/en.wikipedia.org/load.php?debug=false&lang=en&modules=site&only=scripts&skin=vector&*"],"instances":[],"pdf":[],"categories":["Communes of Manche"],"headings":["Population","See also","References"],"image":["//upload.wikimedia.org/wikipedia/commons/thumb/3/3b/France_location_map-Regions_and_departements.svg/270px-France_location_map-Regions_and_departements.svg.png","//upload.wikimedia.org/wikipedia/en/thumb/0/0c/Red_pog.svg/6px-Red_pog.svg.png","//upload.wikimedia.org/wikipedia/commons/thumb/c/c2/Basse-Normandie_region_location_map.svg/270px-Basse-Normandie_region_location_map.svg.png","//upload.wikimedia.org/wikipedia/en/thumb/0/0c/Red_pog.svg/6px-Red_pog.svg.png","//upload.wikimedia.org/wikipedia/en/thumb/c/c3/Flag_of_France.svg/17px-Flag_of_France.svg.png","//upload.wikimedia.org/wikipedia/commons/thumb/1/11/Blason_d%C3%A9partement_fr_Manche.svg/30px-Blason_d%C3%A9partement_fr_Manche.svg.png","//en.wikipedia.org/w/index.php?title=Special:CentralAutoLogin/start&type=1x1&from=enwiki","//bits.wikimedia.org/static-1.22wmf12/skins/vector/images/search-ltr.png?303-4","//bits.wikimedia.org/images/wikimedia-button.png","//bits.wikimedia.org/static-1.22wmf12/skins/common/images/poweredby_mediawiki_88x31.png"],"tags":[],"members":[],"related":["Commune_in_France","Manche","Departments_of_France","Basse-Normandie","Regions_of_France","France","Communes_of_the_Manche_department","Parc_naturel_régional_Normandie-Maine"]}