{"cursor":"31971","size":15,"audio":[],"currentlang":"en","article":"\nThis is a 'list of islands of the Caribbean region', broadly defined to include\nislands surrounded by or bordering the Caribbean Sea as well as islands in the\nnearby Lucayan Archipelago, organized by the political entity to which each\nisland belongs.\n\nThere are thousands of islands that are part of the island countries of the\nbroadly defined Caribbean region: Anguilla has 21; Antigua-and-Barbuda has 37;\nAruba (4); Bahamas (501 approximately, largest being Andros Island not Bahama);\nBarbados used to have 3 (but Pelican Island is now absorbed into Barbados\nthrough land reclamation, 1956–1961); British Virgin Islands (43); Cayman\nIslands (12); Cuba (23); Dominica (7); Dominican Republic (2); Grenada (39);\nGuadeloupe (38); Haiti (6); Honduras (6); Jamaica (the capital is Kingston)(26);\nMartinique (50); Montserrat (3); Netherlands Antilles (25, this includes half of\nSaint Martin); Puerto Rico (142); Saint BarthÃ©lemy (13); Saint Kitts-and-Nevis\n(20); Saint Lucia (17); Saint Martin (8); Saint Vincent-and-the-Grenadines (39);\nTrinidad-and-Tobago (21); Turks-and-Caicos Islands (58); and United States\nVirgin Islands (81).\n\nSome continental countries also have islands in the Caribbean, including\nColombia (which has 10 islands in the Caribbean Sea, known as San AndrÃ©s-and-\nProvidencia), Mexico (4 islands), Nicaragua (4), Venezuela (15), Belize,\nGuatemala, Honduras, Costa Rica and Panama. The United States also claims\nseveral small Caribbean islands (including Alto Velo).\n\nFor related lists, see below.\n","linknr":583,"url":"Caribbean_Islands","recorded":1376420062,"links":["/w/index.php?title=List_of_islands_in_the_Caribbean&action=edit","/w/index.php?title=List_of_islands_in_the_Caribbean&action=edit","//bits.wikimedia.org/favicon/wikipedia.ico","/w/opensearch_desc.php","//en.wikipedia.org/w/api.php?action=rsd","//creativecommons.org/licenses/by-sa/3.0/","/w/index.php?title=Special:RecentChanges&feed=atom","/wiki/List_of_islands_in_the_Caribbean","//bits.wikimedia.org/en.wikipedia.org/load.php?debug=false&lang=en&modules=ext.gadget.DRN-wizard%2CReferenceTooltips%2Ccharinsert%2Cteahouse%7Cext.rtlcite%2Cwikihiero%7Cext.uls.nojs%7Cmediawiki.legacy.commonPrint%2Cshared%7Cmw.PopUpMediaTransform%7Cskins.vector&only=styles&skin=vector&*","//bits.wikimedia.org/en.wikipedia.org/load.php?debug=false&lang=en&modules=site&only=styles&skin=vector&*","//bits.wikimedia.org/en.wikipedia.org/load.php?debug=false&lang=en&modules=startup&only=scripts&skin=vector&*","//bits.wikimedia.org/geoiplookup","//meta.wikimedia.org","/w/index.php?title=Caribbean_Islands&redirect=no","#mw-navigation","#p-search","/wiki/File:Caribbean_general_map.png","//upload.wikimedia.org/wikipedia/commons/thumb/9/98/Caribbean_general_map.png/400px-Caribbean_general_map.png","/wiki/File:Caribbean_general_map.png","//bits.wikimedia.org/static-1.22wmf8/skins/common/images/magnify-clip.png","/wiki/Caribbean_Sea","/wiki/Lucayan_Archipelago","/wiki/Island_countries","/wiki/Alto_Velo_Claim","#See_also","#Antigua_and_Barbuda","#Bahamas","#Barbados","#Colombia","#Cuba","#Dominica","#Dominican_Republic","#France","#Guadeloupe_and_dependencies","#Martinique","#Saint_Barth.C3.A9lemy","#Saint_Martin_.28France.29","#Grenada","#Haiti","#Honduras","#Jamaica","#Kingdom_of_the_Netherlands","#Aruba","#Cura.C3.A7ao","#Netherlands","#Sint_Maarten","#Mexico","#Nicaragua","#Saint_Kitts_and_Nevis","#Saint_Lucia","#Saint_Vincent_and_the_Grenadines","#Trinidad_and_Tobago","#United_Kingdom","#Anguilla","#British_Virgin_Islands","#Cayman_Islands","#Montserrat","#Turks_and_Caicos_Islands","#United_States_of_America","#Puerto_Rico","#United_States_Virgin_Islands","#See_also","#References","/wiki/Antigua_and_Barbuda","/w/index.php?title=List_of_islands_in_the_Caribbean&action=edit&section=1","/wiki/Antigua","/wiki/Barbuda","/w/index.php?title=Bird_Island,_Antigua_and_Barbuda&action=edit&redlink=1","/w/index.php?title=Bishop_Island_(Antigua_and_Barbuda)&action=edit&redlink=1","/w/index.php?title=Blake_Island,_Antigua_and_Barbuda&action=edit&redlink=1","/w/index.php?title=Cinnamon_Island&action=edit&redlink=1","/w/index.php?title=Codrington_Island&action=edit&redlink=1","/wiki/Crump_Island","/w/index.php?title=Dulcina_Island&action=edit&redlink=1","/w/index.php?title=Exchange_Island&action=edit&redlink=1","/w/index.php?title=Five_Islands,_Antigua_and_Barbuda&action=edit&redlink=1","/wiki/Great_Bird_Island,_Antigua","/wiki/Green_Island,_Antigua_and_Barbuda","/wiki/Guana_Island,_Antigua_and_Barbuda","/w/index.php?title=Hale_Gate_Island&action=edit&redlink=1","/w/index.php?title=Hawes_Island&action=edit&redlink=1","/w/index.php?title=Henry_Island,_Antigua_and_Barbuda&action=edit&redlink=1","/w/index.php?title=Johnson_Island,_Antigua_and_Barbuda&action=edit&redlink=1","/w/index.php?title=Kid_Island&action=edit&redlink=1","/w/index.php?title=Laviscounts_Island&action=edit&redlink=1","/w/index.php?title=Lobster_Island&action=edit&redlink=1","/wiki/Long_Island,_Antigua","/w/index.php?title=Maid_Island&action=edit&redlink=1","/w/index.php?title=Moor_Island_(Antigua_and_Barbuda)&action=edit&redlink=1","/w/index.php?title=Nanny_Island&action=edit&redlink=1","/wiki/Pelican_Island,_Antigua_and_Barbuda","/wiki/Prickly_Pear_Island","/w/index.php?title=Rabbit_Island,_Antigua&action=edit&redlink=1","/w/index.php?title=Rat_Island,_Antigua_and_Barbuda&action=edit&redlink=1","/w/index.php?title=Red_Head_Island&action=edit&redlink=1","/wiki/Redonda","/w/index.php?title=Sandy_Island,_Antigua_and_Barbuda&action=edit&redlink=1","/w/index.php?title=Smith_Island,_Antigua_and_Barbuda&action=edit&redlink=1","/w/index.php?title=The_Sisters,_Antigua_and_Barbuda&action=edit&redlink=1","/w/index.php?title=Vernon_Island&action=edit&redlink=1","/w/index.php?title=Wicked_Will_Island&action=edit&redlink=1","/wiki/York_Island","/wiki/Bahamas","/w/index.php?title=List_of_islands_in_the_Caribbean&action=edit&section=2","/wiki/List_of_islands_of_the_Bahamas","/wiki/Abaco_Island","/wiki/Acklins","/wiki/Andros,_Bahamas","/wiki/Berry_Islands","/wiki/Bimini","/wiki/Cat_Island_(Bahamas)","/wiki/Crooked_Island,_Bahamas","/wiki/Dolly%27s_Cay","/wiki/Egg_Island_(Bahamas)","/wiki/Eleuthera","/wiki/Castaway_Cay","/wiki/Grand_Bahama","/wiki/Half_Moon_Cay","/wiki/Little_Stirrup_Cay","/wiki/Long_Island_(Bahamas)","/wiki/Man-O-War_Cay","/wiki/Mayaguana","/wiki/New_Providence","/wiki/Paradise_Island","/wiki/Ragged_Island,_Bahamas","/wiki/Rum_Cay","/wiki/Samana_Cay","/wiki/San_Salvador_Island","/wiki/Windermere_Island","/wiki/Barbados","/w/index.php?title=List_of_islands_in_the_Caribbean&action=edit&section=3","/wiki/Barbados","/wiki/Culpepper_Island","/wiki/Pelican_Island_(Barbados)","/wiki/Colombia","/w/index.php?title=List_of_islands_in_the_Caribbean&action=edit&section=4","/wiki/San_Andr%C3%A9s_and_Providencia_Department","/wiki/Bajo_Nuevo_Bank","/wiki/Providencia_Island","/wiki/Quita_Sue%C3%B1o_Bank","/wiki/Roncador_Bank","/wiki/Archipelago_of_San_Andr%C3%A9s,_Providencia_and_Santa_Catalina","/wiki/Santa_Catalina_Island,_Colombia","/wiki/Serrana_Bank","/wiki/Serranilla_Bank","/wiki/Cuba","/w/index.php?title=List_of_islands_in_the_Caribbean&action=edit&section=5","/wiki/Cuba_(island)","/wiki/Canarreos_Archipelago","/wiki/Isla_de_la_Juventud","/wiki/Ernst_Th%C3%A4lmann_Island","/wiki/Cayo_Largo_del_Sur","/wiki/Colorados_Archipelago","/wiki/Cayo_Santa_Maria","/wiki/Jardines_del_Rey","/wiki/Cayo_Guillermo","/wiki/Cayo_Coco","/wiki/Cayo_Romano","/wiki/Cayo_Guajaba","/wiki/Cayo_Sabinal","/wiki/Cayo_Saetia","/wiki/Jardines_de_la_Reina","/wiki/Sabana-Camag%C3%BCey_Archipelago","/wiki/Dominica","/w/index.php?title=List_of_islands_in_the_Caribbean&action=edit&section=6","/wiki/Isla_Aves","/wiki/Venezuela","/wiki/Dominica","/wiki/Dominican_Republic","/w/index.php?title=List_of_islands_in_the_Caribbean&action=edit&section=7","/wiki/Saona_Island","/wiki/Catalina_Island,_Dominican_Republic","/wiki/Beata_Island","/wiki/Alto_Velo_Island","/wiki/Hispaniola","/wiki/Silver_Bank","/wiki/Navidad_Bank","/w/index.php?title=List_of_islands_in_the_Caribbean&action=edit&section=8","/wiki/Guadeloupe","/wiki/Dependencies_of_Guadeloupe","/w/index.php?title=List_of_islands_in_the_Caribbean&action=edit&section=9","/wiki/List_of_islands_of_France#Guadeloupe_.28French_West_Indies.29","/wiki/%C3%8Eles_de_la_Petite_Terre","/wiki/Basse-Terre","/wiki/%C3%8Eles_des_Saintes","/wiki/Grande-Terre","/wiki/La_D%C3%A9sirade","/wiki/Marie-Galante","/wiki/Terre-de-Bas","/wiki/Terre-de-Haut","/wiki/Martinique","/w/index.php?title=List_of_islands_in_the_Caribbean&action=edit&section=10","/wiki/Diamond_Rock","/wiki/Martinique","/wiki/Saint_Barth%C3%A9lemy","/w/index.php?title=List_of_islands_in_the_Caribbean&action=edit&section=11","/wiki/%C3%8Ele_Fourchue","#cite_note-1","/wiki/Collectivity_of_Saint_Martin","/w/index.php?title=List_of_islands_in_the_Caribbean&action=edit&section=12","/wiki/Saint_Martin","/wiki/%C3%8Ele_Tintamarre","#cite_note-2","/wiki/Grenada","/w/index.php?title=List_of_islands_in_the_Caribbean&action=edit&section=13","/wiki/Carriacou_and_Petite_Martinique","/wiki/Grenada","/wiki/Kick-%27em-Jenny","/wiki/Large_Island","/wiki/Carriacou_and_Petite_Martinique","/wiki/Ronde_Island","/wiki/Saline_Island","/wiki/Haiti","/w/index.php?title=List_of_islands_in_the_Caribbean&action=edit&section=14","/wiki/List_of_islands_of_Haiti","/wiki/Gon%C3%A2ve_Island","/wiki/%C3%8Ele_%C3%A0_Vache","/w/index.php?title=%C3%8Ele_de_Anacaona&action=edit&redlink=1","/wiki/Cayemites","/wiki/Tortuga_(Haiti)","/wiki/Hispaniola","/wiki/Honduras","/w/index.php?title=List_of_islands_in_the_Caribbean&action=edit&section=15","/wiki/List_of_islands_of_Honduras","/wiki/Guanaja","/wiki/Roat%C3%A1n","/w/index.php?title=Hog_Islands&action=edit&redlink=1","/wiki/Swan_Islands,_Honduras","/wiki/%C3%9Atila","/wiki/Misteriosa_Bank","/wiki/Rosario_Bank","/wiki/Jamaica","/w/index.php?title=List_of_islands_in_the_Caribbean&action=edit&section=16","/wiki/Great_Goat_Island","/wiki/Sandals_Cay","/wiki/Lime_Cay","/wiki/Morant_Cays","/wiki/Navy_Island","/wiki/Pedro_Cays","/w/index.php?title=Rackhams_Cay&action=edit&redlink=1","/wiki/Kingdom_of_the_Netherlands","/w/index.php?title=List_of_islands_in_the_Caribbean&action=edit&section=17","/wiki/Aruba","/w/index.php?title=List_of_islands_in_the_Caribbean&action=edit&section=18","/wiki/Aruba","/w/index.php?title=Indiaanskop&action=edit&redlink=1","/w/index.php?title=Key_Cay&action=edit&redlink=1","/w/index.php?title=Long_Cay_(Aruba)&action=edit&redlink=1","/wiki/Cura%C3%A7ao","/w/index.php?title=List_of_islands_in_the_Caribbean&action=edit&section=19","/wiki/Cura%C3%A7ao","/wiki/Klein_Cura%C3%A7ao","/wiki/BES_islands","/w/index.php?title=List_of_islands_in_the_Caribbean&action=edit&section=20","/wiki/Bonaire","/wiki/Klein_Bonaire","/wiki/Saba","/wiki/Sint_Eustatius","/wiki/Sint_Maarten","/w/index.php?title=List_of_islands_in_the_Caribbean&action=edit&section=21","/wiki/Saint_Martin","/wiki/Collectivity_of_Saint_Martin","/wiki/Mexico","/w/index.php?title=List_of_islands_in_the_Caribbean&action=edit&section=22","/wiki/Isla_Cozumel","/wiki/Isla_Contoy","/wiki/Isla_Holbox","/wiki/Isla_Mujeres","/wiki/Nicaragua","/w/index.php?title=List_of_islands_in_the_Caribbean&action=edit&section=23","/wiki/Corn_Island","/wiki/Corn_Islands","/wiki/Miskito_Cays","/wiki/Saint_Kitts_and_Nevis","/w/index.php?title=List_of_islands_in_the_Caribbean&action=edit&section=24","/wiki/Nevis","/wiki/Saint_Kitts","/wiki/Saint_Lucia","/w/index.php?title=List_of_islands_in_the_Caribbean&action=edit&section=25","/wiki/Pigeon_Island_(Saint_Lucia)","/w/index.php?title=Praslin_Island_(Saint_Lucia)&action=edit&redlink=1","/wiki/Saint_Lucia","/wiki/Saint_Vincent_and_the_Grenadines","/w/index.php?title=List_of_islands_in_the_Caribbean&action=edit&section=26","/wiki/Bequia","/wiki/Canouan_Island","/wiki/Mayreau","/wiki/Mustique","/wiki/Palm_Island,_Grenadines","/wiki/Petit_Saint_Vincent","/wiki/Prune_Island","/wiki/Saint_Vincent_(island)","/wiki/Tobago_Cays","/wiki/Union_Island","/wiki/Trinidad_and_Tobago","/w/index.php?title=List_of_islands_in_the_Caribbean&action=edit&section=27","/wiki/Islands_of_Trinidad_and_Tobago","/wiki/Caledonia_Island","/wiki/Chacachacare","/wiki/Craig_Island","/wiki/Cronstadt_Island","/wiki/Carrera_Island","/wiki/Faralon_Rock","/wiki/San_Fernando,_Trinidad_and_Tobago","/wiki/Gaspar_Grande","/wiki/Gasparillo_Island","/wiki/Huevos","/wiki/Lenagan_Island","/wiki/Little_Tobago","/wiki/Monos","/wiki/Nelson_Island_(Trinidad_and_Tobago)","/wiki/Pelican_Island_(Trinidad_and_Tobago)","/wiki/Saint_Giles_Island","/wiki/Saut_d%27Eau","/wiki/Goat_Island_(Trinidad_and_Tobago)","/wiki/Sisters%27_Rock","/wiki/Soldado_Rock","/wiki/Tobago","/wiki/Trinidad","/w/index.php?title=List_of_islands_in_the_Caribbean&action=edit&section=28","/wiki/Anguilla","/w/index.php?title=List_of_islands_in_the_Caribbean&action=edit&section=29","/wiki/Anguillita","/wiki/Anguilla","/w/index.php?title=Cove_Cay&action=edit&redlink=1","/w/index.php?title=Crocus_Cay&action=edit&redlink=1","/w/index.php?title=Deadman%27s_Cay&action=edit&redlink=1","/wiki/Dog_Island,_Anguilla","/wiki/East_Cay","/w/index.php?title=Little_Island,_Anguilla&action=edit&redlink=1","/w/index.php?title=Little_Scrub_Island&action=edit&redlink=1","/w/index.php?title=Mid_Cay&action=edit&redlink=1","/w/index.php?title=North_Cay&action=edit&redlink=1","/wiki/Prickly_Pear_Cays","/w/index.php?title=Rabbit_Island,_Anguilla&action=edit&redlink=1","/w/index.php?title=Sand_Island,_Anguilla&action=edit&redlink=1","/w/index.php?title=Scilly_Cay&action=edit&redlink=1","/wiki/Scrub_Island,_Anguilla","/wiki/Seal_Island,_Anguilla","/wiki/Sombrero,_Anguilla","/wiki/Cayo_Sur","/w/index.php?title=South_weneger_Island&action=edit&redlink=1","/w/index.php?title=West_Cay&action=edit&redlink=1","/wiki/British_Virgin_Islands","/w/index.php?title=List_of_islands_in_the_Caribbean&action=edit&section=30","/wiki/Anegada","/wiki/Beef_Island","/wiki/Bellamy_Cay","/wiki/Buck_Island_(British_Virgin_Islands)","/wiki/Carvel_Rock","/wiki/Cockroach_Island","/wiki/Cooper_Island_(British_Virgin_Islands)","/wiki/Dead_Chest_Island,_British_Virgin_Islands","/wiki/East_Seal_Dog_Island","/wiki/Eustatia_Island","/wiki/Fallen_Jerusalem_Island","/wiki/Frenchman%27s_Cay","/wiki/George_Dog_Island","/wiki/Ginger_Island","/wiki/Great_Camanoe","/wiki/Great_Dog_Island","/wiki/Great_Thatch","/wiki/Great_Tobago_Island","/wiki/Green_Cay","/wiki/Guana_Island","/wiki/Jost_Van_Dyke","/wiki/Little_Camanoe","/w/index.php?title=Little_Jerusalem_Island&action=edit&redlink=1","/wiki/Little_Jost_Van_Dyke","/wiki/Little_Seal_Dog_Island","/wiki/Little_Thatch","/wiki/Little_Tobago,_British_Virgin_Islands","/wiki/Marina_Cay","/wiki/Mosquito_Island","/wiki/Necker_Island_(British_Virgin_Islands)","/wiki/Norman_Island","/wiki/Pelican_Island_(British_Virgin_Islands)","/wiki/Peter_Island","/wiki/Prickly_Pear_(British_Virgin_Islands)","/wiki/Round_Rock,_British_Virgin_Islands","/wiki/Saba_Rock","/wiki/Salt_Island,_British_Virgin_Islands","/wiki/Sandy_Cay","/wiki/Sandy_Spit","/wiki/Scrub_Island_(British_Virgin_Islands)","/wiki/Tortola","/wiki/Virgin_Gorda","/wiki/West_Dog_Island","/w/index.php?title=Whale_Rock_(British_Virgin_Islands)&action=edit&redlink=1","/wiki/Cayman_Islands","/w/index.php?title=List_of_islands_in_the_Caribbean&action=edit&section=31","/wiki/Cayman_Brac","/wiki/Grand_Cayman","/wiki/Little_Cayman","/wiki/Montserrat","/w/index.php?title=List_of_islands_in_the_Caribbean&action=edit&section=32","/wiki/Montserrat","/wiki/Turks_and_Caicos_Islands","/w/index.php?title=List_of_islands_in_the_Caribbean&action=edit&section=33","/wiki/List_of_the_Turks_and_Caicos_Islands","/wiki/Ambergris_Cay","/w/index.php?title=Bird_Island_(Turks_and_Caicos)&action=edit&redlink=1","/wiki/East_Caicos","/wiki/Grand_Turk_Island","/wiki/Mangrove_Cay","/wiki/Middle_Caicos","/wiki/North_Caicos","/wiki/Parrot_Cay","/wiki/Prickly_Pear_Cays","/wiki/Providenciales","/wiki/South_Caicos","/w/index.php?title=List_of_islands_in_the_Caribbean&action=edit&section=34","/wiki/Navassa_Island","/wiki/Serranilla_Bank","/wiki/Bajo_Nuevo_Bank","/wiki/Puerto_Rico","/w/index.php?title=List_of_islands_in_the_Caribbean&action=edit&section=35","/wiki/List_of_islands_of_Puerto_Rico","/w/index.php?title=Alcarraza_(Puerto_Rico)&action=edit&redlink=1","/wiki/Cayo_Batata","/w/index.php?title=Cayo_Largo_(Puerto_Rico)&action=edit&redlink=1","/wiki/Guayanilla,_Puerto_Rico","/wiki/Salinas,_Puerto_Rico","/wiki/Cayo_Norte","/wiki/Fajardo,_Puerto_Rico","/wiki/Cayo_Santiago","/wiki/Cayo_Luis_Pe%C3%B1a","/wiki/Cayos_de_Ca%C3%B1a_Gorda","/wiki/Caja_de_Muertos","/wiki/Culebrita","/wiki/Culebra,_Puerto_Rico","/wiki/Isla_de_Cabras","/wiki/Isla_Desecheo_(Puerto_Rico)","/wiki/Mayag%C3%BCez,_Puerto_Rico","/wiki/Isla_de_Mona_(Puerto_Rico)","/wiki/Mayag%C3%BCez,_Puerto_Rico","/wiki/Isla_de_Ratones_(Ponce,_Puerto_Rico)","/wiki/Isla_de_Ratones_(Cabo_Rojo,_Puerto_Rico)","/wiki/Cabo_Rojo,_Puerto_Rico","/wiki/Isla_de_Vieques","/wiki/Isla_Monito_(Puerto_Rico)","/wiki/Mayag%C3%BCez,_Puerto_Rico","/wiki/Puerto_Rico","/wiki/United_States_Virgin_Islands","/w/index.php?title=List_of_islands_in_the_Caribbean&action=edit&section=36","/wiki/Buck_Island_Reef_National_Monument","/wiki/Saint_Croix,_U.S._Virgin_Islands","/w/index.php?title=Buck_Island_(Saint_Thomas,_U.S._Virgin_Islands)&action=edit&redlink=1","/wiki/Saint_Thomas,_U.S._Virgin_Islands","/w/index.php?title=Capella_Islands_(U.S._Virgin_Islands)&action=edit&redlink=1","#cite_note-Flanagan-3","/w/index.php?title=Green_Cay_(Saint_Croix,_U.S._Virgin_Islands)&action=edit&redlink=1","/wiki/Saint_Croix,_U.S._Virgin_Islands","/wiki/Saint_Thomas,_U.S._Virgin_Islands","/wiki/Hans_Lollik_Island","/wiki/Hassel_Island,_U.S._Virgin_Islands","/wiki/Inner_Brass,_U.S._Virgin_Islands","/wiki/Hans_Lollik_Island","/wiki/Outer_Brass,_U.S._Virgin_Islands","/wiki/Ruth_Island","/wiki/Saint_Croix,_U.S._Virgin_Islands","/wiki/Saint_John,_U.S._Virgin_Islands","/wiki/Saint_Thomas,_U.S._Virgin_Islands","/wiki/Savana_Island,_U.S._Virgin_Islands","/wiki/Thatch_Cay,_U.S._Virgin_Islands","/wiki/Water_Island,_U.S._Virgin_Islands","/wiki/Charlotte_Amalie,_United_States_Virgin_Islands","/w/index.php?title=List_of_islands_in_the_Caribbean&action=edit&section=37","/wiki/List_of_Caribbean_Islands_by_area","/wiki/List_of_Caribbean_island_countries_by_population","/wiki/List_of_metropolitan_areas_in_the_West_Indies","/wiki/List_of_West_Indian_First-level_Subdivisions","/w/index.php?title=List_of_islands_in_the_Caribbean&action=edit&section=38","#cite_ref-1","http://www.legifrance.org/html/actualite/actualite_legislative/pl_dsi_outremer.htm","#cite_ref-2","http://www.legifrance.org/html/actualite/actualite_legislative/pl_dsi_outremer.htm","#cite_ref-Flanagan_3-0","http://www.archive.org/stream/conventiononcons00unit/conventiononcons00unit_djvu.txt","/wiki/Template:Caribbean_topic","/wiki/Template_talk:Caribbean_topic","//en.wikipedia.org/w/index.php?title=Template:Caribbean_topic&action=edit","/wiki/List_of_islands_of_the_Caribbean","/wiki/List_of_islands_of_Anguilla","/wiki/List_of_islands_of_Antigua_and_Barbuda","/wiki/List_of_islands_of_Aruba","/wiki/List_of_islands_of_the_Bahamas","/wiki/List_of_islands_of_Barbados","/w/index.php?title=List_of_islands_of_Bonaire&action=edit&redlink=1","/wiki/List_of_islands_of_the_British_Virgin_Islands","/wiki/List_of_islands_of_the_Cayman_Islands","/wiki/List_of_islands_of_Cuba","/w/index.php?title=List_of_islands_of_Cura%C3%A7ao&action=edit&redlink=1","/wiki/List_of_islands_of_Dominica","/wiki/List_of_islands_of_the_Dominican_Republic","/wiki/List_of_islands_of_Grenada","/wiki/List_of_islands_of_Guadeloupe","/wiki/List_of_islands_of_Haiti","/wiki/List_of_islands_of_Jamaica","/wiki/List_of_islands_of_Martinique","/wiki/List_of_islands_of_Montserrat","/wiki/List_of_islands_of_Puerto_Rico","/w/index.php?title=List_of_islands_of_Saba&action=edit&redlink=1","/wiki/List_of_islands_of_Saint_Barth%C3%A9lemy","/wiki/List_of_islands_of_Saint_Kitts_and_Nevis","/wiki/List_of_islands_of_Saint_Lucia","/w/index.php?title=List_of_islands_of_Saint_Martin&action=edit&redlink=1","/wiki/List_of_islands_of_Saint_Vincent_and_the_Grenadines","/w/index.php?title=List_of_islands_of_Sint_Eustatius&action=edit&redlink=1","/w/index.php?title=List_of_islands_of_Sint_Maarten&action=edit&redlink=1","/wiki/List_of_islands_of_Trinidad_and_Tobago","/wiki/List_of_islands_of_the_Turks_and_Caicos_Islands","/wiki/List_of_islands_of_the_United_States_Virgin_Islands","/wiki/List_of_islands_of_Belize","/wiki/List_of_islands_of_Bermuda","/wiki/List_of_islands_of_Colombia","/wiki/List_of_islands_of_Costa_Rica","/wiki/List_of_islands_of_French_Guiana","/wiki/List_of_islands_of_Guatemala","/wiki/List_of_islands_of_Guyana","/wiki/List_of_islands_of_Honduras","/wiki/List_of_islands_of_Mexico","/wiki/List_of_islands_of_Nicaragua","/wiki/List_of_islands_of_Panama","/wiki/List_of_islands_of_Suriname","/wiki/List_of_islands_of_Venezuela","http://en.wikipedia.org/w/index.php?title=List_of_islands_in_the_Caribbean&oldid=559954373","/wiki/Help:Categories","/wiki/Category:Caribbean_islands","/wiki/Category:Caribbean-related_lists","/wiki/Category:Lists_of_islands","/wiki/Category:Articles_with_French-language_external_links","/w/index.php?title=Special:UserLogin&returnto=List+of+islands+in+the+Caribbean&type=signup","/w/index.php?title=Special:UserLogin&returnto=List+of+islands+in+the+Caribbean","/wiki/List_of_islands_in_the_Caribbean","/wiki/Talk:List_of_islands_in_the_Caribbean","#","/wiki/List_of_islands_in_the_Caribbean","/w/index.php?title=List_of_islands_in_the_Caribbean&action=edit","/w/index.php?title=List_of_islands_in_the_Caribbean&action=history","#","/w/index.php","//bits.wikimedia.org/static-1.22wmf8/skins/vector/images/search-ltr.png?303-4","/wiki/Main_Page","/wiki/Main_Page","/wiki/Portal:Contents","/wiki/Portal:Featured_content","/wiki/Portal:Current_events","/wiki/Special:Random","//donate.wikimedia.org/wiki/Special:FundraiserRedirector?utm_source=donate&utm_medium=sidebar&utm_campaign=C13_en.wikipedia.org&uselang=en","/wiki/Help:Contents","/wiki/Wikipedia:About","/wiki/Wikipedia:Community_portal","/wiki/Special:RecentChanges","//en.wikipedia.org/wiki/Wikipedia:Contact_us","/wiki/Special:WhatLinksHere/List_of_islands_in_the_Caribbean","/wiki/Special:RecentChangesLinked/List_of_islands_in_the_Caribbean","/wiki/Wikipedia:File_Upload_Wizard","/wiki/Special:SpecialPages","/w/index.php?title=List_of_islands_in_the_Caribbean&oldid=559954373","/w/index.php?title=List_of_islands_in_the_Caribbean&action=info","/w/index.php?title=Special:Cite&page=List_of_islands_in_the_Caribbean&id=559954373","/w/index.php?title=Special:Book&bookcmd=book_creator&referer=List+of+islands+in+the+Caribbean","/w/index.php?title=Special:Book&bookcmd=render_article&arttitle=List+of+islands+in+the+Caribbean&oldid=559954373&writer=rl","/w/index.php?title=List_of_islands_in_the_Caribbean&printable=yes","//es.wikipedia.org/wiki/Anexo:Islas_del_mar_Caribe","//it.wikipedia.org/wiki/Isole_dei_Caraibi","#","//www.wikidata.org/wiki/Q3834414#sitelinks","//en.wikipedia.org/wiki/Wikipedia:Text_of_Creative_Commons_Attribution-ShareAlike_3.0_Unported_License","//creativecommons.org/licenses/by-sa/3.0/","//wikimediafoundation.org/wiki/Terms_of_Use","//wikimediafoundation.org/wiki/Privacy_policy","//www.wikimediafoundation.org/","//wikimediafoundation.org/wiki/Privacy_policy","/wiki/Wikipedia:About","/wiki/Wikipedia:General_disclaimer","//en.wikipedia.org/wiki/Wikipedia:Contact_us","//en.m.wikipedia.org/wiki/List_of_islands_in_the_Caribbean","//wikimediafoundation.org/","//bits.wikimedia.org/images/wikimedia-button.png","//www.mediawiki.org/","//bits.wikimedia.org/static-1.22wmf8/skins/common/images/poweredby_mediawiki_88x31.png","//bits.wikimedia.org/en.wikipedia.org/load.php?debug=false&lang=en&modules=site&only=scripts&skin=vector&*"],"instances":["saint_lucia","puerto_rico","bahamas","puerto_rico","puerto_rico","puerto_rico","antigua_and_barbuda","turks_and_caicos","british_virgin_islands","island","puerto_rico","british_virgin_islands","british_virgin_islands","trinidad_and_tobago","antigua_and_barbuda","saint_lucia","british_virgin_islands","british_virgin_islands","trinidad_and_tobago","aruba","haiti","british_virgin_islands","bahamas","island","bahamas"],"pdf":[],"categories":["Caribbean islands|","Caribbean-related lists","Lists of islands|Caribbean"],"headings":["[[Antigua and Barbuda]]","[[Bahamas]]","[[Barbados]]","[[Colombia]]","[[Cuba]]","[[Dominica]]","[[Dominican Republic]]","France","[[Grenada]]","[[Haiti]]","[[Honduras]]","[[Jamaica]]","[[Kingdom of the Netherlands]]","[[Mexico]]","[[Nicaragua]]","[[Saint Kitts and Nevis]]","[[Saint Lucia]]","[[Saint Vincent and the Grenadines]]","[[Trinidad and Tobago]]","United Kingdom","United States of America","See also","References"],"image":["//upload.wikimedia.org/wikipedia/commons/thumb/9/98/Caribbean_general_map.png/400px-Caribbean_general_map.png","//bits.wikimedia.org/static-1.22wmf8/skins/common/images/magnify-clip.png","//bits.wikimedia.org/static-1.22wmf8/skins/vector/images/search-ltr.png?303-4","//bits.wikimedia.org/images/wikimedia-button.png","//bits.wikimedia.org/static-1.22wmf8/skins/common/images/poweredby_mediawiki_88x31.png"],"tags":[["bishop_island","antigua_and_barbuda"],["moor_island","antigua_and_barbuda"],["cat_island","bahamas"],["egg_island","bahamas"],["long_island","bahamas"],["pelican_island","barbados"],["cuba","island"],["tortuga","haiti"],["long_cay","aruba"],["pigeon_island","saint_lucia"],["praslin_island","saint_lucia"],["saint_vincent","island"],["nelson_island","trinidad_and_tobago"],["pelican_island","trinidad_and_tobago"],["goat_island","trinidad_and_tobago"],["buck_island","british_virgin_islands"],["cooper_island","british_virgin_islands"],["necker_island","british_virgin_islands"],["pelican_island","british_virgin_islands"],["prickly_pear","british_virgin_islands"],["scrub_island","british_virgin_islands"],["whale_rock","british_virgin_islands"],["bird_island","turks_and_caicos"],["alcarraza","puerto_rico"],["cayo_largo","puerto_rico"],["isla_desecheo","puerto_rico"],["isla_de_mona","puerto_rico"],["isla_de_ratones","ponce,_puerto_rico"],["isla_de_ratones","cabo_rojo,_puerto_rico"],["isla_monito","puerto_rico"],["buck_island","saint_thomas,_u.s._virgin_islands"],["capella_islands","u.s._virgin_islands"],["green_cay","saint_croix,_u.s._virgin_islands"]],"members":["praslin_island","cayo_largo","cat_island","isla_de_mona","isla_monito","isla_desecheo","moor_island","buck_island","bird_island","pelican_island","saint_vincent","green_cay","alcarraza","necker_island","capella_islands","scrub_island","goat_island","bishop_island","pigeon_island","cooper_island","prickly_pear","nelson_island","long_cay","tortuga","whale_rock","egg_island","isla_de_ratones","cuba","long_island"],"related":["Caribbean_Sea","Lucayan_Archipelago","Island_countries","Alto_Velo_Claim","Antigua","Barbuda","Bird_Island,_Antigua_and_Barbuda","Bishop_Island_(Antigua_and_Barbuda)","Blake_Island,_Antigua_and_Barbuda","Cinnamon_Island","Codrington_Island","Crump_Island","Dulcina_Island","Exchange_Island","Five_Islands,_Antigua_and_Barbuda","Great_Bird_Island,_Antigua","Green_Island,_Antigua_and_Barbuda","Guana_Island,_Antigua_and_Barbuda","Hale_Gate_Island","Hawes_Island","Henry_Island,_Antigua_and_Barbuda","Johnson_Island,_Antigua_and_Barbuda","Kid_Island","Laviscounts_Island","Lobster_Island","Long_Island,_Antigua","Maid_Island","Moor_Island_(Antigua_and_Barbuda)","Nanny_Island","Pelican_Island,_Antigua_and_Barbuda","Prickly_Pear_Island","Rabbit_Island,_Antigua","Rat_Island,_Antigua_and_Barbuda","Red_Head_Island","Redonda","Sandy_Island,_Antigua_and_Barbuda","Smith_Island,_Antigua_and_Barbuda","The_Sisters,_Antigua_and_Barbuda","Vernon_Island","Wicked_Will_Island","York_Island","Abaco_Island","Acklins","Andros,_Bahamas","Berry_Islands","Bimini","Cat_Island_(Bahamas)","Crooked_Island,_Bahamas","Dolly's_Cay","Egg_Island_(Bahamas)","Eleuthera","Castaway_Cay","Grand_Bahama","Half_Moon_Cay","Little_Stirrup_Cay","Long_Island_(Bahamas)","Man-O-War_Cay","Mayaguana","New_Providence","Paradise_Island","Ragged_Island,_Bahamas","Rum_Cay","Samana_Cay","San_Salvador_Island","Windermere_Island","Barbados","Culpepper_Island","Pelican_Island_(Barbados)","San_Andrés_and_Providencia_Department","Bajo_Nuevo_Bank","Providencia_Island","Quita_Sueño_Bank","Roncador_Bank","Archipelago_of_San_Andrés,_Providencia_and_Santa_Catalina","Santa_Catalina_Island,_Colombia","Serrana_Bank","Serranilla_Bank","Cuba_(island)","Canarreos_Archipelago","Isla_de_la_Juventud","Ernst_Thälmann_Island","Cayo_Largo_del_Sur","Colorados_Archipelago","Cayo_Santa_Maria","Jardines_del_Rey","Cayo_Guillermo","Cayo_Coco","Cayo_Romano","Cayo_Guajaba","Cayo_Sabinal","Cayo_Saetia","Jardines_de_la_Reina","Sabana-Camagüey_Archipelago","Isla_Aves","Venezuela","Dominica","Saona_Island","Catalina_Island,_Dominican_Republic","Beata_Island","Alto_Velo_Island","Hispaniola","Silver_Bank","Navidad_Bank","Îles_de_la_Petite_Terre","Basse-Terre","Îles_des_Saintes","Grande-Terre","La_Désirade","Marie-Galante","Terre-de-Bas","Terre-de-Haut","Diamond_Rock","Martinique","Île_Fourchue","Saint_Martin","Île_Tintamarre","Carriacou_and_Petite_Martinique","Grenada","Kick-'em-Jenny","Large_Island","Carriacou_and_Petite_Martinique","Ronde_Island","Saline_Island","Gonâve_Island","Île_à_Vache","Île_de_Anacaona","Cayemites","Tortuga_(Haiti)","Hispaniola","Guanaja","Roatán","Hog_Islands","Swan_Islands,_Honduras","Útila","Misteriosa_Bank","Rosario_Bank","Great_Goat_Island","Sandals_Cay","Lime_Cay","Morant_Cays","Navy_Island","Pedro_Cays","Rackhams_Cay","Aruba","Indiaanskop","Key_Cay","Long_Cay_(Aruba)","Curaçao","Klein_Curaçao","Bonaire","Klein_Bonaire","Saba","Sint_Eustatius","Saint_Martin","Collectivity_of_Saint_Martin","Isla_Cozumel","Isla_Contoy","Isla_Holbox","Isla_Mujeres","Corn_Island","Corn_Islands","Miskito_Cays","Nevis","Saint_Kitts","Pigeon_Island_(Saint_Lucia)","Praslin_Island_(Saint_Lucia)","Saint_Lucia","Bequia","Canouan_Island","Mayreau","Mustique","Palm_Island,_Grenadines","Petit_Saint_Vincent","Prune_Island","Saint_Vincent_(island)","Tobago_Cays","Union_Island","Caledonia_Island","Chacachacare","Craig_Island","Cronstadt_Island","Carrera_Island","Faralon_Rock","San_Fernando,_Trinidad_and_Tobago","Gaspar_Grande","Gasparillo_Island","Huevos","Lenagan_Island","Little_Tobago","Monos","Nelson_Island_(Trinidad_and_Tobago)","Pelican_Island_(Trinidad_and_Tobago)","Saint_Giles_Island","Saut_d'Eau","Goat_Island_(Trinidad_and_Tobago)","Sisters'_Rock","Soldado_Rock","Tobago","Trinidad","Anguillita","Anguilla","Cove_Cay","Crocus_Cay","Deadman's_Cay","Dog_Island,_Anguilla","East_Cay","Little_Island,_Anguilla","Little_Scrub_Island","Mid_Cay","North_Cay","Prickly_Pear_Cays","Rabbit_Island,_Anguilla","Sand_Island,_Anguilla","Scilly_Cay","Scrub_Island,_Anguilla","Seal_Island,_Anguilla","Sombrero,_Anguilla","Cayo_Sur","South_weneger_Island","West_Cay","Anegada","Beef_Island","Bellamy_Cay","Buck_Island_(British_Virgin_Islands)","Carvel_Rock","Cockroach_Island","Cooper_Island_(British_Virgin_Islands)","Dead_Chest_Island,_British_Virgin_Islands","East_Seal_Dog_Island","Eustatia_Island","Fallen_Jerusalem_Island","Frenchman's_Cay","George_Dog_Island","Ginger_Island","Great_Camanoe","Great_Dog_Island","Great_Thatch","Great_Tobago_Island","Green_Cay","Guana_Island","Jost_Van_Dyke","Little_Camanoe","Little_Jerusalem_Island","Little_Jost_Van_Dyke","Little_Seal_Dog_Island","Little_Thatch","Little_Tobago,_British_Virgin_Islands","Marina_Cay","Mosquito_Island","Necker_Island_(British_Virgin_Islands)","Norman_Island","Pelican_Island_(British_Virgin_Islands)","Peter_Island","Prickly_Pear_(British_Virgin_Islands)","Round_Rock,_British_Virgin_Islands","Saba_Rock","Salt_Island,_British_Virgin_Islands","Sandy_Cay","Sandy_Spit","Scrub_Island_(British_Virgin_Islands)","Tortola","Virgin_Gorda","West_Dog_Island","Whale_Rock_(British_Virgin_Islands)","Cayman_Brac","Grand_Cayman","Little_Cayman","Montserrat","Ambergris_Cay","Bird_Island_(Turks_and_Caicos)","East_Caicos","Grand_Turk_Island","Mangrove_Cay","Middle_Caicos","North_Caicos","Parrot_Cay","Prickly_Pear_Cays","Providenciales","South_Caicos","Navassa_Island","Serranilla_Bank","Bajo_Nuevo_Bank","Alcarraza_(Puerto_Rico)","Cayo_Batata","Cayo_Largo_(Puerto_Rico)","Guayanilla,_Puerto_Rico","Salinas,_Puerto_Rico","Cayo_Norte","Fajardo,_Puerto_Rico","Cayo_Santiago","Cayo_Luis_Peña","Cayos_de_Caña_Gorda","Caja_de_Muertos","Culebrita","Culebra,_Puerto_Rico","Isla_de_Cabras","Isla_Desecheo_(Puerto_Rico)","Mayagüez,_Puerto_Rico","Isla_de_Mona_(Puerto_Rico)","Mayagüez,_Puerto_Rico","Isla_de_Ratones_(Ponce,_Puerto_Rico)","Isla_de_Ratones_(Cabo_Rojo,_Puerto_Rico)","Cabo_Rojo,_Puerto_Rico","Isla_de_Vieques","Isla_Monito_(Puerto_Rico)","Mayagüez,_Puerto_Rico","Puerto_Rico","Buck_Island_Reef_National_Monument","Saint_Croix,_U.S._Virgin_Islands","Buck_Island_(Saint_Thomas,_U.S._Virgin_Islands)","Saint_Thomas,_U.S._Virgin_Islands","Capella_Islands_(U.S._Virgin_Islands)","Green_Cay_(Saint_Croix,_U.S._Virgin_Islands)","Saint_Croix,_U.S._Virgin_Islands","Saint_Thomas,_U.S._Virgin_Islands","Hans_Lollik_Island","Hassel_Island,_U.S._Virgin_Islands","Inner_Brass,_U.S._Virgin_Islands","Hans_Lollik_Island","Outer_Brass,_U.S._Virgin_Islands","Ruth_Island","Saint_Croix,_U.S._Virgin_Islands","Saint_John,_U.S._Virgin_Islands","Saint_Thomas,_U.S._Virgin_Islands","Savana_Island,_U.S._Virgin_Islands","Thatch_Cay,_U.S._Virgin_Islands","Water_Island,_U.S._Virgin_Islands","Charlotte_Amalie,_United_States_Virgin_Islands","List_of_Caribbean_Islands_by_area","List_of_Caribbean_island_countries_by_population","List_of_metropolitan_areas_in_the_West_Indies","List_of_West_Indian_First-level_Subdivisions"]}