{"cursor":"47049","size":15,"audio":[],"currentlang":"en","article":"\n\nThe 'commune' () is a level of administrative division in the French Republic.\nFrench communes are roughly equivalent to townships or incorporated\nmunicipalities in the United States or [[Gemeinden]] in Germany. French communes\nhave no exact equivalent in the United Kingdom, but are closest to parishes. The\ncommunes are the fifth level administrative divisions of France. This makes\nFrance one of the few countries to have official fifth level administrative\ndivisions.\n\nA French commune may be a city of two million inhabitants like Paris, a town of\nten thousand people, or just a ten-person hamlet. Except for the municipal\narrondissements of its largest cities, the communes are the lowest level of\nadministrative division in France.\n","linknr":672,"url":"commune_in_France","recorded":1376429401,"links":["/w/index.php?title=Communes_of_France&action=edit","/w/index.php?title=Communes_of_France&action=edit","//bits.wikimedia.org/favicon/wikipedia.ico","/w/opensearch_desc.php","//en.wikipedia.org/w/api.php?action=rsd","//creativecommons.org/licenses/by-sa/3.0/","/w/index.php?title=Special:RecentChanges&feed=atom","/wiki/Communes_of_France","//bits.wikimedia.org/en.wikipedia.org/load.php?debug=false&lang=en&modules=ext.gadget.DRN-wizard%2CReferenceTooltips%2Ccharinsert%2Cteahouse%7Cext.rtlcite%2Cwikihiero%7Cext.uls.nojs%7Cmediawiki.legacy.commonPrint%2Cshared%7Cmw.PopUpMediaTransform%7Cskins.vector&only=styles&skin=vector&*","//bits.wikimedia.org/en.wikipedia.org/load.php?debug=false&lang=en&modules=site&only=styles&skin=vector&*","//bits.wikimedia.org/en.wikipedia.org/load.php?debug=false&lang=en&modules=startup&only=scripts&skin=vector&*","//bits.wikimedia.org/geoiplookup","//meta.wikimedia.org","/w/index.php?title=Commune_in_France&redirect=no","#mw-navigation","#p-search","/wiki/File:Logo_de_la_R%C3%A9publique_fran%C3%A7aise.svg","//upload.wikimedia.org/wikipedia/commons/thumb/3/3b/Logo_de_la_R%C3%A9publique_fran%C3%A7aise.svg/155px-Logo_de_la_R%C3%A9publique_fran%C3%A7aise.svg.png","/wiki/Administrative_divisions_of_France","/wiki/Administrative_divisions_of_France","/wiki/Regions_of_France","/wiki/Overseas_region","/wiki/Departments_of_France","/wiki/Overseas_department","/wiki/Arrondissements_of_France","/wiki/Cantons_of_France","/wiki/Communes_of_France#Intercommunality","/wiki/Urban_communities_in_France","/wiki/Agglomeration_communities_in_France","/wiki/Commune_communities_in_France","/wiki/Associated_communes_of_France","/wiki/Municipal_arrondissements_of_France","/wiki/Overseas_departments_and_territories_of_France","/wiki/Overseas_collectivity","/wiki/New_Caledonia","/wiki/Overseas_country_of_France","/wiki/Overseas_territory_(France)","/wiki/Clipperton_Island","/wiki/French_language","/wiki/Help:IPA_for_French","/wiki/Administrative_divisions","/wiki/France","/wiki/Civil_township","/wiki/Municipality","/wiki/United_States","/wiki/Gemeinden","/wiki/Germany","/wiki/United_Kingdom","/wiki/Parish_(administrative_division)","/wiki/Paris","/wiki/Hamlet_(place)","/wiki/Municipal_arrondissements_of_France","#General_characteristics","#Total_number_of_communes","#Surface_area_of_a_typical_commune","#Population_of_a_typical_commune","#A_typical_example:_Alsace","#Status_of_the_communes","#History_of_the_French_communes","#Kingdom_of_France","#Parishes","#Chartered_Cities","#French_Revolution","#Trends_after_the_French_Revolution","#Current_debate","#Intercommunality","#Allocation_of_government_money","#Miscellaneous_facts","#Most_and_least_populous_communes","#Largest_and_smallest_commune_territories","#Communes_farthest_away_from_the_capital_city_of_France","#Shortest_and_longest_commune_names","#Communes_with_non-French_names","#Classification","#See_also","#References","#External_links","/w/index.php?title=Communes_of_France&action=edit&section=1","/wiki/Medieval_Latin","/wiki/Medieval_commune","/wiki/Latin","/w/index.php?title=Communes_of_France&action=edit&section=2","/wiki/France","/wiki/Metropolitan_France","/wiki/Overseas_France","#cite_note-1","#cite_note-2","/wiki/European_country","/wiki/Parish","/wiki/French_Revolution","#cite_note-3","/wiki/Metropolitan_France","/wiki/Overseas_France","/wiki/Metropolitan_France","/wiki/Overseas_France","/wiki/New_Hebrides","/wiki/File:Communes_of_France.png","//upload.wikimedia.org/wikipedia/commons/thumb/0/03/Communes_of_France.png/300px-Communes_of_France.png","/wiki/File:Communes_of_France.png","//bits.wikimedia.org/static-1.22wmf10/skins/common/images/magnify-clip.png","/wiki/Metropolitan_France","/wiki/Rain_forest","/wiki/United_States","/wiki/Unincorporated_area","/wiki/Overseas_collectivity","/wiki/Saint_Martin_(France)","/wiki/Guadeloupe","/wiki/Regions_of_France","/wiki/Wallis_and_Futuna","/wiki/Saint-Barth%C3%A9lemy","/wiki/Overseas_territory_(France)","/wiki/French_Southern_and_Antarctic_Lands","/wiki/Clipperton_Island","/w/index.php?title=Communes_of_France&action=edit&section=3","/wiki/France","/wiki/Median","/wiki/Italy","/wiki/Comune","/wiki/Belgium","/wiki/Spain","/wiki/Germany","/wiki/States_of_Germany","/wiki/States_of_Germany#Gemeinden","/wiki/Switzerland","/wiki/States_of_Germany","/wiki/Rhineland-Palatinate","/wiki/Schleswig-Holstein","/wiki/Thuringia","/wiki/D%C3%A9partement_d%27outre-mer","/wiki/R%C3%A9union","/wiki/French_Guiana","/wiki/R%C3%A9union","/w/index.php?title=Communes_of_France&action=edit&section=4","/wiki/Median","/wiki/European_countries","/wiki/Switzerland","/wiki/Rhineland-Palatinate","/wiki/Italy","/wiki/Belgium","/wiki/Spain","/w/index.php?title=Communes_of_France&action=edit&section=5","/wiki/File:Alsace_Adve3.png","//upload.wikimedia.org/wikipedia/commons/thumb/3/3e/Alsace_Adve3.png/250px-Alsace_Adve3.png","/wiki/File:Alsace_Adve3.png","//bits.wikimedia.org/static-1.22wmf10/skins/common/images/magnify-clip.png","/wiki/Alsace","/wiki/Metropolitan_France","/wiki/Alsace","/wiki/Regions_of_France","/wiki/Metropolitan_France","/wiki/Sweden","/wiki/Municipalities_of_Sweden","/wiki/Netherlands","/wiki/Municipalities_of_the_Netherlands","/wiki/States_of_Germany","/wiki/Baden-W%C3%BCrttemberg","#cite_note-4","#cite_note-German_Gemeinden-5","#cite_note-6","#cite_note-7","/wiki/Communes_of_France#Current_debate","/wiki/North_Rhine-Westphalia","/w/index.php?title=Communes_of_France&action=edit&section=6","/wiki/City_hall_(administration)","/wiki/Municipal_arrondissement_in_France","/wiki/Paris","/wiki/Marseille","/wiki/Lyon","/wiki/Municipal_arrondissement","/wiki/French_arrondissements","/wiki/D%C3%A9partements","/wiki/Juristic_person","#cite_note-8","#cite_note-9","/w/index.php?title=Communes_of_France&action=edit&section=7","/wiki/French_Revolution","/w/index.php?title=Communes_of_France&action=edit&section=8","/w/index.php?title=Communes_of_France&action=edit&section=9","/wiki/French_Revolution","/wiki/Parish","/wiki/England","/w/index.php?title=Building_committee&action=edit&redlink=1","/wiki/Ordinance_of_Villers-Cotter%C3%AAts","/wiki/Francis_I_of_France","/wiki/Corv%C3%A9e","/w/index.php?title=Communes_of_France&action=edit&section=10","/wiki/Charter","/wiki/Toulouse","/wiki/Defensive_wall","/wiki/Oligarchies","/wiki/Bordeaux","/wiki/Jurat","/wiki/Toulouse","/wiki/Provost_(civil)","/wiki/Paris","/wiki/Lyon","/wiki/Marseille","/wiki/Rouen","/wiki/Orl%C3%A9ans","/wiki/Bayonne","/wiki/Lille","/wiki/Montpellier","/wiki/Strasbourg","/wiki/Metz","/wiki/Nancy,_France","/wiki/Valenciennes","/w/index.php?title=Communes_of_France&action=edit&section=11","/wiki/Bastille","/wiki/Jacques_de_Flesselles","/wiki/Charles_V_of_France","/wiki/Louis_XVI_of_France","/wiki/National_Constituent_Assembly","/wiki/Ren%C3%A9_Descartes","/wiki/The_Age_of_Enlightenment","/wiki/D%C3%A9partements","/wiki/French_arrondissements","/wiki/Canton_in_France","/wiki/Honor%C3%A9_Mirabeau","/wiki/Civil_war","/wiki/Napoleon_I","/wiki/Prefect","/w/index.php?title=Communes_of_France&action=edit&section=12","/wiki/Juristic_person","/wiki/Jacobin_(politics)","/wiki/D%C3%A9partements","#cite_note-10","/wiki/Savoie","/wiki/Haute-Savoie","/wiki/Alpes-Maritimes","/wiki/Belgium","/wiki/Germany","/wiki/Rhine","/wiki/China","/wiki/County","/wiki/Industrial_Revolution","/wiki/World_war","/wiki/Rural_exodus","/wiki/Paris","/wiki/Napol%C3%A9on_III","/wiki/Germany","/wiki/Italy","/wiki/States_of_Germany#Gemeinden","/wiki/West_Germany","/wiki/Switzerland","/wiki/Municipalities_of_Switzerland","/wiki/European_Union","/wiki/United_States","/wiki/Municipal_government","/wiki/Civil_township","/w/index.php?title=Communes_of_France&action=edit&section=13","/wiki/Cour_des_Comptes","/wiki/Marcellin_law","/wiki/Cities","/wiki/Lyon","/wiki/Aire_urbaine","/wiki/Prague","/wiki/Paris","/wiki/Rome","/w/index.php?title=Communes_of_France&action=edit&section=14","/wiki/French_Revolution","/wiki/Chev%C3%A8nement_law","/wiki/Consortium","/wiki/Marcellin_law","/wiki/Communaut%C3%A9_de_communes","/wiki/Communaut%C3%A9_d%27agglom%C3%A9ration","/wiki/Communaut%C3%A9_urbaine","/w/index.php?title=Communes_of_France&action=edit&section=15","/wiki/Metropolitan_France","/w/index.php?title=Syndicat_d%27agglom%C3%A9ration_nouvelle&action=edit&redlink=1","#cite_note-11","/wiki/Wikipedia:Citation_needed","/wiki/Wikipedia:Citation_needed","/wiki/Wikipedia:Citation_needed","/wiki/Wikipedia:Citation_needed","/wiki/Wikipedia:Citation_needed","/w/index.php?title=Communes_of_France&action=edit&section=16","/w/index.php?title=Communes_of_France&action=edit&section=17","/wiki/Paris","/wiki/French_villages_destroyed_in_the_First_World_War","/wiki/Meuse","/wiki/Battle_of_Verdun","/wiki/Pr%C3%A9fet","/wiki/Beaumont-en-Verdunois","/wiki/Bezonvaux","/wiki/Cumi%C3%A8res-le-Mort-Homme","/wiki/Fleury-devant-Douaumont","/wiki/Haumont-pr%C3%A8s-Samogneux","/wiki/Louvemont-C%C3%B4te-du-Poivre","/wiki/Rouvroy-Ripont","/wiki/Marne","/wiki/Champagne_(province)","/wiki/Lem%C3%A9nil-Mitry","/wiki/Meurthe-et-Moselle","/wiki/Lorraine_(r%C3%A9gion)","/wiki/Rochefourchat","/wiki/Dr%C3%B4me","/w/index.php?title=Communes_of_France&action=edit&section=18","/wiki/Maripasoula","/wiki/French_Guiana","/wiki/Castelmoron-d%27Albret","/wiki/Bordeaux","/wiki/Metropolitan_France","/wiki/Arles","/wiki/Marseilles","/wiki/Camargue","/wiki/River_delta","/wiki/Rh%C3%B4ne_River","/wiki/Bois_de_Boulogne","/wiki/Bois_de_Vincennes","/w/index.php?title=Communes_of_France&action=edit&section=19","/wiki/L%27%C3%8Ele-des-Pins","/wiki/New_Caledonia","/wiki/Corsica","/wiki/Paris","/wiki/Coustouges","/wiki/Laman%C3%A8re","/w/index.php?title=Communes_of_France&action=edit&section=20","/wiki/File:Comunne_Y_picardhiv68.jpg","//upload.wikimedia.org/wikipedia/commons/thumb/a/ac/Comunne_Y_picardhiv68.jpg/180px-Comunne_Y_picardhiv68.jpg","/wiki/File:Comunne_Y_picardhiv68.jpg","//bits.wikimedia.org/static-1.22wmf10/skins/common/images/magnify-clip.png","/wiki/Y,_Somme","/wiki/Somme","/wiki/D%C3%A9partement_in_France","/wiki/Picardy","/wiki/Y,_Somme","/wiki/Somme","/wiki/Saint-Germain-de-Tallevende-la-Lande-Vaumont","/wiki/Calvados","/wiki/Saint-Remy-en-Bouzemont-Saint-Genest-et-Isson","/wiki/Marne","/wiki/Beaujeu-Saint-Vallier-Pierrejux-et-Quitteur","/wiki/Haute-Sa%C3%B4ne","/w/index.php?title=Communes_of_France&action=edit&section=21","/wiki/File:Panneau_Mittelhausbergen.JPG","//upload.wikimedia.org/wikipedia/commons/thumb/d/d1/Panneau_Mittelhausbergen.JPG/150px-Panneau_Mittelhausbergen.JPG","/wiki/File:Panneau_Mittelhausbergen.JPG","//bits.wikimedia.org/static-1.22wmf10/skins/common/images/magnify-clip.png","/wiki/Mittelhausbergen","/wiki/Alsace","/wiki/File:Panneau_Vacqueyras.jpg","//upload.wikimedia.org/wikipedia/commons/thumb/2/20/Panneau_Vacqueyras.jpg/150px-Panneau_Vacqueyras.jpg","/wiki/File:Panneau_Vacqueyras.jpg","//bits.wikimedia.org/static-1.22wmf10/skins/common/images/magnify-clip.png","/wiki/Vacqueyras","/wiki/Provence-Alpes-C%C3%B4te_d%27Azur","/wiki/French_language","/wiki/Dunkerque","/wiki/Dutch_language","/wiki/Toulouse","/wiki/Occitan","/wiki/Strasbourg","/wiki/German_language","/wiki/Perpignan","/wiki/Catalan_language","/wiki/German_language","/wiki/Mittelhausbergen","/wiki/Dutch_language","/wiki/Steenvoorde","/wiki/Breton_language","/wiki/Kermoroc%27h","/wiki/Occitan_language","/wiki/Belcastel,_Aveyron","/wiki/Basque_language","/wiki/Ustaritz","/wiki/Franco-Proven%C3%A7al_language","/wiki/Oyonnax","/wiki/Catalan_language","/wiki/Banyuls-dels-Aspres","/wiki/Italian_language","/wiki/San-Gavino-di-Carbini","/wiki/Comorian_language","/wiki/M%27Tsangamouji","/wiki/Polynesian_languages","/wiki/Hitiaa_O_Te_Ra","/wiki/Austronesian_languages","/wiki/Kouaoua","/wiki/Native_American_languages","/wiki/Kourou","/w/index.php?title=Communes_of_France&action=edit&section=22","/wiki/INSEE_code","/wiki/Postcode","/wiki/Departments_of_France","/wiki/Overseas_departments","/wiki/Overseas_collectivities","/w/index.php?title=Overseas_Countries&action=edit&redlink=1","//fr.wikipedia.org/wiki/Code_INSEE#Code_communal","/w/index.php?title=Communes_of_France&action=edit&section=23","/wiki/Lists_of_communes_of_France","/wiki/Commune_(subdivision)","/wiki/Comune","/wiki/Aire_urbaine","/wiki/List_of_submerged_places_in_France","/w/index.php?title=Communes_of_France&action=edit&section=24","#cite_ref-1","/wiki/INSEE","/wiki/Government_of_France","http://www.insee.fr/fr/methodes/nomenclatures/cog/documentation.asp","#cite_ref-2","/wiki/INSEE","/wiki/Government_of_France","http://www.insee.fr/fr/methodes/default.asp?page=nomenclatures/cog/outremer.htm","#cite_ref-3","/wiki/INSEE","/wiki/Government_of_France","http://projetbabel.org/gl/cog.pdf","#cite_ref-4","http://www.landtag-bw.de/wp12/drucksachen/5000/12_5490_d.pdf","#cite_ref-German_Gemeinden_5-0","http://www.gemeindeverzeichnis.de/dtland/dtland.htm","#cite_ref-6","http://splaf.free.fr/67his.html","#cite_ref-7","http://splaf.free.fr/68his.html","#cite_ref-8","http://www.droit.org/code/index-CGCTERRL.html","/wiki/Wikipedia:Link_rot","#cite_ref-9","http://www.droit.org/code/index-CGCTERRM.html","/wiki/Wikipedia:Link_rot","#cite_ref-10","http://big.chez.com/lpcornu/servstats01.htm","/wiki/Wikipedia:Link_rot","#cite_ref-11","/wiki/Minister_of_the_Interior_(France)","http://web.archive.org/web/20070701014149/http://www.dgcl.interieur.gouv.fr/donneeschiffrees/interco/stat2007/repart_EPCI_FP_departement.pdf","http://www.dgcl.interieur.gouv.fr/donneeschiffrees/interco/stat2007/repart_EPCI_FP_departement.pdf","/wiki/La_Documentation_fran%C3%A7aise","http://www.ladocumentationfrancaise.fr/dossiers/intercommunalite/index.shtml","http://www.lescommunes.com","/wiki/Special:BookSources/2110058749","/w/index.php?title=Communes_of_France&action=edit&section=25","http://www.lescommunes.com/","/wiki/Template:Communes_of_France","/wiki/Template_talk:Communes_of_France","//en.wikipedia.org/w/index.php?title=Template:Communes_of_France&action=edit","/wiki/France","/wiki/Departments_of_France","/wiki/Communes_of_the_Ain_department","/wiki/Communes_of_the_Aisne_department","/wiki/Communes_of_the_Allier_department","/wiki/Communes_of_the_Alpes-de-Haute-Provence_department","/wiki/Communes_of_the_Alpes-Maritimes_department","/wiki/Communes_of_the_Ard%C3%A8che_department","/wiki/Communes_of_the_Ardennes_department","/wiki/Communes_of_the_Ari%C3%A8ge_department","/wiki/Communes_of_the_Aube_department","/wiki/Communes_of_the_Aude_department","/wiki/Communes_of_the_Aveyron_department","/wiki/Communes_of_the_Bas-Rhin_department","/wiki/Communes_of_the_Bouches-du-Rh%C3%B4ne_department","/wiki/Communes_of_the_Cantal_department","/wiki/Communes_of_the_Calvados_department","/wiki/Communes_of_the_Charente_department","/wiki/Communes_of_the_Charente-Maritime_department","/wiki/Communes_of_the_Cher_department","/wiki/Communes_of_the_Corr%C3%A8ze_department","/wiki/Communes_of_the_Corse-du-Sud_department","/wiki/Communes_of_the_C%C3%B4te-d%27Or_department","/wiki/Communes_of_the_C%C3%B4tes-d%27Armor_department","/wiki/Communes_of_the_Creuse_department","/wiki/Communes_of_the_Deux-S%C3%A8vres_department","/wiki/Communes_of_the_Dordogne_department","/wiki/Communes_of_the_Doubs_department","/wiki/Communes_of_the_Dr%C3%B4me_department","/wiki/Communes_of_the_Essonne_department","/wiki/Communes_of_the_Eure_department","/wiki/Communes_of_the_Eure-et-Loir_department","/wiki/Communes_of_the_Finist%C3%A8re_department","/wiki/Communes_of_the_Gard_department","/wiki/Communes_of_the_Gers_department","/wiki/Communes_of_the_Gironde_department","/wiki/Communes_of_the_Guadeloupe_department","/wiki/Communes_of_the_Guyane_department","/wiki/Communes_of_the_Haut-Rhin_department","/wiki/Communes_of_the_Haute-Corse_department","/wiki/Communes_of_the_Haute-Garonne_department","/wiki/Communes_of_the_Haute-Loire_department","/wiki/Communes_of_the_Haute-Marne_department","/wiki/Communes_of_the_Haute-Sa%C3%B4ne_department","/wiki/Communes_of_the_Haute-Savoie_department","/wiki/Communes_of_the_Haute-Vienne_department","/wiki/Communes_of_the_Hautes-Alpes_department","/wiki/Communes_of_the_Hautes-Pyr%C3%A9n%C3%A9es_department","/wiki/Communes_of_the_Hauts-de-Seine_department","/wiki/Communes_of_the_H%C3%A9rault_department","/wiki/Communes_of_the_Ille-et-Vilaine_department","/wiki/Communes_of_the_Indre_department","/wiki/Communes_of_the_Indre-et-Loire_department","/wiki/Communes_of_the_Is%C3%A8re_department","/wiki/Communes_of_the_Jura_department","/wiki/Communes_of_the_Landes_department","/wiki/Communes_of_the_Loir-et-Cher_department","/wiki/Communes_of_the_Loire_department","/wiki/Communes_of_the_Loire-Atlantique_department","/wiki/Communes_of_the_Loiret_department","/wiki/Communes_of_the_Lot_department","/wiki/Communes_of_the_Lot-et-Garonne_department","/wiki/Communes_of_the_Loz%C3%A8re_department","/wiki/Communes_of_the_Maine-et-Loire_department","/wiki/Communes_of_the_Manche_department","/wiki/Communes_of_the_Marne_department","/wiki/Communes_of_the_Martinique_department","/wiki/Communes_of_the_Mayenne_department","/wiki/Communes_of_the_Meurthe-et-Moselle_department","/wiki/Communes_of_the_Meuse_department","/wiki/Communes_of_the_Morbihan_department","/wiki/Communes_of_the_Moselle_department","/wiki/Communes_of_the_Ni%C3%A8vre_department","/wiki/Communes_of_the_Nord_department","/wiki/Communes_of_the_Oise_department","/wiki/Communes_of_the_Orne_department","/wiki/Communes_of_the_Pas-de-Calais_department","/wiki/Communes_of_the_Puy-de-D%C3%B4me_department","/wiki/Communes_of_the_Pyr%C3%A9n%C3%A9es-Atlantiques_department","/wiki/Communes_of_the_Pyr%C3%A9n%C3%A9es-Orientales_department","/wiki/Communes_of_the_R%C3%A9union_department","/wiki/Communes_of_the_Rh%C3%B4ne_department","/wiki/Communes_of_the_Sa%C3%B4ne-et-Loire_department","/wiki/Communes_of_the_Sarthe_department","/wiki/Communes_of_the_Savoie_department","/wiki/Communes_of_the_Seine-Maritime_department","/wiki/Communes_of_the_Seine-Saint-Denis_department","/wiki/Communes_of_the_Seine-et-Marne_department","/wiki/Communes_of_the_Somme_department","/wiki/Communes_of_the_Tarn_department","/wiki/Communes_of_the_Tarn-et-Garonne_department","/wiki/Communes_of_the_Territoire_de_Belfort_department","/wiki/Communes_of_the_Val-d%27Oise_department","/wiki/Communes_of_the_Val-de-Marne_department","/wiki/Communes_of_the_Var_department","/wiki/Communes_of_the_Vaucluse_department","/wiki/Communes_of_the_Vend%C3%A9e_department","/wiki/Communes_of_the_Vienne_department","/wiki/Communes_of_the_Vosges_department","/wiki/Communes_of_the_Yonne_department","/wiki/Communes_of_the_Yvelines_department","/wiki/Template:Articles_on_fourth-level_administrative_divisions_of_countries","/wiki/Template_talk:Articles_on_fourth-level_administrative_divisions_of_countries","//en.wikipedia.org/w/index.php?title=Template:Articles_on_fourth-level_administrative_divisions_of_countries&action=edit","/wiki/Administrative_division","/wiki/List_of_sovereign_states","/wiki/Municipalities_of_Belgium","/wiki/Townships_of_the_People%27s_Republic_of_China","/wiki/Chiefdoms_and_sectors_of_the_Democratic_Republic_of_the_Congo","/wiki/Municipalities_of_Germany","/wiki/Municipalities_and_communities_of_Greece","/wiki/Village_(Indonesia)","/wiki/Wards_of_Japan","/wiki/Locations_of_Kenya","/wiki/Communes_of_Mali","/wiki/Populated_centers_of_Peru","/wiki/Barangay","/wiki/Rural_communities_of_Senegal","/wiki/Muban","/wiki/List_of_urban-type_settlements_in_Ukraine_by_subdivision","/wiki/Civil_parish","/wiki/Table_of_administrative_divisions_by_country","//en.wikipedia.org/w/index.php?title=Special:CentralAutoLogin/start&type=1x1&from=enwiki","http://en.wikipedia.org/w/index.php?title=Communes_of_France&oldid=563550791","/wiki/Help:Categories","/wiki/Category:Country_subdivisions_of_Europe","/wiki/Category:Fifth-level_administrative_country_subdivisions","/wiki/Category:Populated_places_in_France","/wiki/Category:Subdivisions_of_France","/wiki/Category:Local_government_in_France","/wiki/Category:Articles_with_French-language_external_links","/wiki/Category:Articles_with_German-language_external_links","/wiki/Category:All_articles_with_dead_external_links","/wiki/Category:Articles_with_dead_external_links_from_May_2010","/wiki/Category:All_articles_with_unsourced_statements","/wiki/Category:Articles_with_unsourced_statements_from_December_2011","/w/index.php?title=Special:UserLogin&returnto=Communes+of+France&type=signup","/w/index.php?title=Special:UserLogin&returnto=Communes+of+France","/wiki/Communes_of_France","/wiki/Talk:Communes_of_France","#","/wiki/Communes_of_France","/w/index.php?title=Communes_of_France&action=edit","/w/index.php?title=Communes_of_France&action=history","#","/w/index.php","//bits.wikimedia.org/static-1.22wmf11/skins/vector/images/search-ltr.png?303-4","/wiki/Main_Page","/wiki/Main_Page","/wiki/Portal:Contents","/wiki/Portal:Featured_content","/wiki/Portal:Current_events","/wiki/Special:Random","//donate.wikimedia.org/wiki/Special:FundraiserRedirector?utm_source=donate&utm_medium=sidebar&utm_campaign=C13_en.wikipedia.org&uselang=en","/wiki/Help:Contents","/wiki/Wikipedia:About","/wiki/Wikipedia:Community_portal","/wiki/Special:RecentChanges","//en.wikipedia.org/wiki/Wikipedia:Contact_us","/wiki/Special:WhatLinksHere/Communes_of_France","/wiki/Special:RecentChangesLinked/Communes_of_France","/wiki/Wikipedia:File_Upload_Wizard","/wiki/Special:SpecialPages","/w/index.php?title=Communes_of_France&oldid=563550791","/w/index.php?title=Communes_of_France&action=info","//www.wikidata.org/wiki/Q484170","/w/index.php?title=Special:Cite&page=Communes_of_France&id=563550791","/w/index.php?title=Special:Book&bookcmd=book_creator&referer=Communes+of+France","/w/index.php?title=Special:Book&bookcmd=render_article&arttitle=Communes+of+France&oldid=563550791&writer=rl","/w/index.php?title=Communes_of_France&printable=yes","//als.wikipedia.org/wiki/Gemeinde_(Frankreich)","//ar.wikipedia.org/wiki/%D8%A8%D9%84%D8%AF%D9%8A%D8%A7%D8%AA_%D9%81%D8%B1%D9%86%D8%B3%D8%A7","//an.wikipedia.org/wiki/Comunas_de_Francia","//be.wikipedia.org/wiki/%D0%9A%D0%B0%D0%BC%D1%83%D0%BD%D1%8B_%D0%A4%D1%80%D0%B0%D0%BD%D1%86%D1%8B%D1%96","//be-x-old.wikipedia.org/wiki/%D0%9A%D0%B0%D0%BC%D1%83%D0%BD%D1%8B_%D0%A4%D1%80%D0%B0%D0%BD%D1%86%D1%8B%D1%96","//bg.wikipedia.org/wiki/%D0%9E%D0%B1%D1%89%D0%B8%D0%BD%D0%B8_%D0%B2%D1%8A%D0%B2_%D0%A4%D1%80%D0%B0%D0%BD%D1%86%D0%B8%D1%8F","//br.wikipedia.org/wiki/Kumun_c%27hall","//ceb.wikipedia.org/wiki/Komyun","//cs.wikipedia.org/wiki/Obec_(Francie)","//cy.wikipedia.org/wiki/Cymuned_(Ffrainc)","//da.wikipedia.org/wiki/Frankrigs_kommuner","//de.wikipedia.org/wiki/Gemeinde_(Frankreich)","//el.wikipedia.org/wiki/%CE%9A%CE%BF%CE%B9%CE%BD%CF%8C%CF%84%CE%B7%CF%84%CE%B1_(%CE%93%CE%B1%CE%BB%CE%BB%CE%AF%CE%B1)","//es.wikipedia.org/wiki/Comuna_francesa","//eo.wikipedia.org/wiki/Komunumo_(Francio)","//fr.wikipedia.org/wiki/Commune_(France)","//gl.wikipedia.org/wiki/Comuna_francesa","//ko.wikipedia.org/wiki/%EC%BD%94%EB%AE%8C","//id.wikipedia.org/wiki/Komune_di_Perancis","//os.wikipedia.org/wiki/%D0%9A%D0%BE%D0%BC%D0%BC%D1%83%D0%BD%C3%A6_(%D0%A4%D1%80%D0%B0%D0%BD%D1%86)","//it.wikipedia.org/wiki/Comuni_della_Francia","//he.wikipedia.org/wiki/%D7%A7%D7%95%D7%9E%D7%95%D7%A0%D7%94_(%D7%A6%D7%A8%D7%A4%D7%AA)","//jv.wikipedia.org/wiki/Komune_ing_Perancis","//pam.wikipedia.org/wiki/Commune_king_France","//ka.wikipedia.org/wiki/%E1%83%A1%E1%83%90%E1%83%A4%E1%83%A0%E1%83%90%E1%83%9C%E1%83%92%E1%83%94%E1%83%97%E1%83%98%E1%83%A1_%E1%83%99%E1%83%9D%E1%83%9B%E1%83%A3%E1%83%9C%E1%83%94%E1%83%91%E1%83%98","//ku.wikipedia.org/wiki/Communes","//lb.wikipedia.org/wiki/Gemeng_(Frankr%C3%A4ich)","//lt.wikipedia.org/wiki/Komuna","//mk.wikipedia.org/wiki/%D0%9E%D0%BF%D1%88%D1%82%D0%B8%D0%BD%D0%B8_%D0%B2%D0%BE_%D0%A4%D1%80%D0%B0%D0%BD%D1%86%D0%B8%D1%98%D0%B0","//mg.wikipedia.org/wiki/Kaominina_any_Frantsa","//ms.wikipedia.org/wiki/Komun_di_Perancis","//nl.wikipedia.org/wiki/Gemeente_(Frankrijk)","//ja.wikipedia.org/wiki/%E3%82%B3%E3%83%9F%E3%83%A5%E3%83%BC%E3%83%B3","//no.wikipedia.org/wiki/Kommuner_i_Frankrike","//nn.wikipedia.org/wiki/Kommunar_i_Frankrike","//oc.wikipedia.org/wiki/Comuna_francesa","//uz.wikipedia.org/wiki/Fransiya_kommunalari","//pl.wikipedia.org/wiki/Gmina_(Francja)","//pt.wikipedia.org/wiki/Comuna_francesa","//ro.wikipedia.org/wiki/Comunele_Fran%C8%9Bei","//ru.wikipedia.org/wiki/%D0%9A%D0%BE%D0%BC%D0%BC%D1%83%D0%BD%D1%8B_%D0%A4%D1%80%D0%B0%D0%BD%D1%86%D0%B8%D0%B8","//simple.wikipedia.org/wiki/Communes_of_France","//sk.wikipedia.org/wiki/Obec_(Franc%C3%BAzsko)","//sl.wikipedia.org/wiki/Ob%C4%8Dine_Francije","//fi.wikipedia.org/wiki/Ranskan_kunnat","//sv.wikipedia.org/wiki/Frankrikes_kommuner","//th.wikipedia.org/wiki/%E0%B9%80%E0%B8%97%E0%B8%A8%E0%B8%9A%E0%B8%B2%E0%B8%A5%E0%B9%83%E0%B8%99%E0%B8%9B%E0%B8%A3%E0%B8%B0%E0%B9%80%E0%B8%97%E0%B8%A8%E0%B8%9D%E0%B8%A3%E0%B8%B1%E0%B9%88%E0%B8%87%E0%B9%80%E0%B8%A8%E0%B8%AA","//uk.wikipedia.org/wiki/%D0%9A%D0%BE%D0%BC%D1%83%D0%BD%D0%B0_(%D0%A4%D1%80%D0%B0%D0%BD%D1%86%D1%96%D1%8F)","//vi.wikipedia.org/wiki/X%C3%A3_c%E1%BB%A7a_Ph%C3%A1p","//zh.wikipedia.org/wiki/%E5%B8%82%E9%95%87_(%E6%B3%95%E5%9B%BD)","#","//www.wikidata.org/wiki/Q484170#sitelinks-wikipedia","//en.wikipedia.org/wiki/Wikipedia:Text_of_Creative_Commons_Attribution-ShareAlike_3.0_Unported_License","//creativecommons.org/licenses/by-sa/3.0/","//wikimediafoundation.org/wiki/Terms_of_Use","//wikimediafoundation.org/wiki/Privacy_policy","//www.wikimediafoundation.org/","//wikimediafoundation.org/wiki/Privacy_policy","/wiki/Wikipedia:About","/wiki/Wikipedia:General_disclaimer","//en.wikipedia.org/wiki/Wikipedia:Contact_us","//en.m.wikipedia.org/wiki/Communes_of_France","//wikimediafoundation.org/","//bits.wikimedia.org/images/wikimedia-button.png","//www.mediawiki.org/","//bits.wikimedia.org/static-1.22wmf11/skins/common/images/poweredby_mediawiki_88x31.png","//bits.wikimedia.org/en.wikipedia.org/load.php?debug=false&lang=en&modules=site&only=scripts&skin=vector&*"],"instances":["région","civil","administration","place","province","france","administrative_division","subdivision","politics","france"],"pdf":["http://projetbabel.org/gl/cog.pdf","http://www.landtag-bw.de/wp12/drucksachen/5000/12_5490_d.pdf","http://web.archive.org/web/20070701014149/http://www.dgcl.interieur.gouv.fr/donneeschiffrees/interco/stat2007/repart_EPCI_FP_departement.pdf","http://www.dgcl.interieur.gouv.fr/donneeschiffrees/interco/stat2007/repart_EPCI_FP_departement.pdf"],"categories":["Country subdivisions of Europe|France 4","Fifth-level administrative country subdivisions|Communes, France","Populated places in France|","Subdivisions of France","Local government in France"],"headings":["General characteristics","History of the French communes","Miscellaneous facts","Classification","See also","References","External links"],"image":["//upload.wikimedia.org/wikipedia/commons/thumb/3/3b/Logo_de_la_R%C3%A9publique_fran%C3%A7aise.svg/155px-Logo_de_la_R%C3%A9publique_fran%C3%A7aise.svg.png","//upload.wikimedia.org/wikipedia/commons/thumb/0/03/Communes_of_France.png/300px-Communes_of_France.png","//bits.wikimedia.org/static-1.22wmf10/skins/common/images/magnify-clip.png","//upload.wikimedia.org/wikipedia/commons/thumb/3/3e/Alsace_Adve3.png/250px-Alsace_Adve3.png","//bits.wikimedia.org/static-1.22wmf10/skins/common/images/magnify-clip.png","//upload.wikimedia.org/wikipedia/commons/thumb/a/ac/Comunne_Y_picardhiv68.jpg/180px-Comunne_Y_picardhiv68.jpg","//bits.wikimedia.org/static-1.22wmf10/skins/common/images/magnify-clip.png","//upload.wikimedia.org/wikipedia/commons/thumb/d/d1/Panneau_Mittelhausbergen.JPG/150px-Panneau_Mittelhausbergen.JPG","//bits.wikimedia.org/static-1.22wmf10/skins/common/images/magnify-clip.png","//upload.wikimedia.org/wikipedia/commons/thumb/2/20/Panneau_Vacqueyras.jpg/150px-Panneau_Vacqueyras.jpg","//bits.wikimedia.org/static-1.22wmf10/skins/common/images/magnify-clip.png","//en.wikipedia.org/w/index.php?title=Special:CentralAutoLogin/start&type=1x1&from=enwiki","//bits.wikimedia.org/static-1.22wmf11/skins/vector/images/search-ltr.png?303-4","//bits.wikimedia.org/images/wikimedia-button.png","//bits.wikimedia.org/static-1.22wmf11/skins/common/images/poweredby_mediawiki_88x31.png"],"tags":[["parish","administrative_division"],["hamlet","place"],["saint_martin","france"],["overseas_territory","france"],["city_hall","administration"],["provost","civil"],["jacobin","politics"],["champagne","province"],["lorraine","région"],["commune","subdivision"]],"members":["lorraine","provost","city_hall","hamlet","champagne","overseas_territory","parish","commune","jacobin","saint_martin"],"related":["Administrative_divisions","France","Civil_township","Municipality","United_States","Germany","United_Kingdom","Parish_(administrative_division)","Paris","Hamlet_(place)","Municipal_arrondissements_of_France","Medieval_Latin","Latin","France","Metropolitan_France","Overseas_France","European_country","Parish","French_Revolution","Metropolitan_France","Overseas_France","Metropolitan_France","Overseas_France","New_Hebrides","Rain_forest","United_States","Unincorporated_area","Overseas_collectivity","Saint_Martin_(France)","Guadeloupe","Wallis_and_Futuna","Saint-Barthélemy","Overseas_territory_(France)","French_Southern_and_Antarctic_Lands","Clipperton_Island","France","Median","Italy","Belgium","Spain","Germany","Switzerland","Rhineland-Palatinate","Schleswig-Holstein","Thuringia","Département_d'outre-mer","Réunion","French_Guiana","Réunion","Median","European_countries","Switzerland","Rhineland-Palatinate","Italy","Belgium","Spain","Metropolitan_France","Alsace","Regions_of_France","Metropolitan_France","Sweden","Netherlands","States_of_Germany","Baden-Württemberg","North_Rhine-Westphalia","City_hall_(administration)","Municipal_arrondissement_in_France","Paris","Marseille","Lyon","Municipal_arrondissement","French_arrondissements","Juristic_person","French_Revolution","French_Revolution","Parish","England","Building_committee","Ordinance_of_Villers-Cotterêts","Francis_I_of_France","Corvée","Charter","Toulouse","Defensive_wall","Oligarchies","Bordeaux","Toulouse","Provost_(civil)","Paris","Lyon","Marseille","Rouen","Orléans","Bayonne","Lille","Montpellier","Strasbourg","Metz","Nancy,_France","Valenciennes","Bastille","Jacques_de_Flesselles","Charles_V_of_France","Louis_XVI_of_France","National_Constituent_Assembly","René_Descartes","The_Age_of_Enlightenment","French_arrondissements","Canton_in_France","Honoré_Mirabeau","Civil_war","Napoleon_I","Prefect","Juristic_person","Jacobin_(politics)","Savoie","Haute-Savoie","Alpes-Maritimes","Belgium","Germany","Rhine","China","County","Industrial_Revolution","World_war","Rural_exodus","Paris","Napoléon_III","Germany","Italy","West_Germany","Switzerland","Municipalities_of_Switzerland","European_Union","United_States","Municipal_government","Civil_township","Cour_des_Comptes","Marcellin_law","Cities","Lyon","Aire_urbaine","Prague","Paris","Rome","French_Revolution","Chevènement_law","Consortium","Marcellin_law","Metropolitan_France","Syndicat_d'agglomération_nouvelle","Paris","French_villages_destroyed_in_the_First_World_War","Meuse","Battle_of_Verdun","Préfet","Beaumont-en-Verdunois","Bezonvaux","Cumières-le-Mort-Homme","Fleury-devant-Douaumont","Haumont-près-Samogneux","Louvemont-Côte-du-Poivre","Rouvroy-Ripont","Marne","Champagne_(province)","Leménil-Mitry","Meurthe-et-Moselle","Lorraine_(région)","Rochefourchat","Drôme","Maripasoula","French_Guiana","Castelmoron-d'Albret","Bordeaux","Metropolitan_France","Arles","Marseilles","Camargue","River_delta","Rhône_River","Bois_de_Boulogne","Bois_de_Vincennes","L'Île-des-Pins","New_Caledonia","Corsica","Paris","Coustouges","Lamanère","Somme","Picardy","Y,_Somme","Somme","Saint-Germain-de-Tallevende-la-Lande-Vaumont","Calvados","Saint-Remy-en-Bouzemont-Saint-Genest-et-Isson","Marne","Beaujeu-Saint-Vallier-Pierrejux-et-Quitteur","Haute-Saône","Mittelhausbergen","Alsace","Vacqueyras","Provence-Alpes-Côte_d'Azur","Alsace","Provence-Alpes-Côte_d'Azur","French_language","Dunkerque","Dutch_language","Toulouse","Occitan","Strasbourg","German_language","Perpignan","Catalan_language","German_language","Mittelhausbergen","Dutch_language","Steenvoorde","Breton_language","Kermoroc'h","Occitan_language","Belcastel,_Aveyron","Basque_language","Ustaritz","Franco-Provençal_language","Oyonnax","Catalan_language","Banyuls-dels-Aspres","Italian_language","San-Gavino-di-Carbini","Comorian_language","M'Tsangamouji","Polynesian_languages","Hitiaa_O_Te_Ra","Austronesian_languages","Kouaoua","Native_American_languages","Kourou","INSEE_code","Postcode","Overseas_departments","Overseas_collectivities","Overseas_Countries","Lists_of_communes_of_France","Commune_(subdivision)","Comune","Aire_urbaine","List_of_submerged_places_in_France"]}