{"cursor":"30692","size":15,"audio":[],"currentlang":"en","article":"A 'dependent territory', 'dependent area' or 'dependency' is a territory that\ndoes not possess full political independence or sovereignty as a sovereign state\nyet remains politically outside of the controlling state's integral\narea.\n\nA dependency is commonly distinguished from other subnational entities in that\nthey are not considered to be part of the integral territory of the governing\nState. A subnational entity typically represents a division of the State proper,\nwhile a dependent territory often maintains a great degree of autonomy from the\ncontrolling State. Historically, most colonies were considered to be\ndependencies of their controlling State. Most of these have either become\nindependent, by joining neighbouring independent countries, or assimilated into\nthe conquering state. The dependencies that remain generally maintain a very\nhigh degree of political autonomy. Although dependencies retain a degree of\nautonomy, not all autonomous entities are considered to be\ndependencies. [http://www.un.org/Depts/dpi/decolonization/council.htm United\nNations Trusteeship Council]\n\n\n\nMany political entities have a special position recognized by international\ntreaty or agreement resulting in a certain level of autonomy or differences in\nimmigration rules. These are sometimes [http://unyearbook.un.org/1960YUN/1960_P1_SEC3_CH4.pdf\nUnited Nations General Assembly 15th Session - The Trusteeship System and Non-Self-\nGoverning Territories (pages:509-510)] considered\ndependencies, [http://www.listaba.com/list/01000326594567/\nListaba.com] but are officially considered by their controlling states to\nbe integral parts of the state. Examples are Ãland (Finland), Hong Kong (China), and\nMacau (China). [https://www.cia.gov/library/publications/the-world-\nfactbook/fields/2006.html The World Factbook]. Cia.gov. Retrieved on 2013-07-\n12.\n","linknr":991,"url":"dependent_territories","recorded":1376426356,"links":["/w/index.php?title=Dependent_territory&action=edit","/w/index.php?title=Dependent_territory&action=edit","//bits.wikimedia.org/favicon/wikipedia.ico","/w/opensearch_desc.php","//en.wikipedia.org/w/api.php?action=rsd","//creativecommons.org/licenses/by-sa/3.0/","/w/index.php?title=Special:RecentChanges&feed=atom","http://en.wikipedia.org/wiki/Dependent_territory","//bits.wikimedia.org/en.wikipedia.org/load.php?debug=false&lang=en&modules=ext.gadget.DRN-wizard%2CReferenceTooltips%2Ccharinsert%2Cteahouse%7Cext.rtlcite%2Cwikihiero%7Cext.uls.nojs%7Cmediawiki.legacy.commonPrint%2Cshared%7Cmw.PopUpMediaTransform%7Cskins.vector&only=styles&skin=vector&*","//bits.wikimedia.org/en.wikipedia.org/load.php?debug=false&lang=en&modules=ext.visualEditor.viewPageTarget.noscript&only=styles&skin=vector&*","//bits.wikimedia.org/en.wikipedia.org/load.php?debug=false&lang=en&modules=site&only=styles&skin=vector&*","//bits.wikimedia.org/en.wikipedia.org/load.php?debug=false&lang=en&modules=startup&only=scripts&skin=vector&*","//bits.wikimedia.org/geoiplookup","//meta.wikimedia.org","/w/index.php?title=Dependent_territories&redirect=no","#mw-navigation","#p-search","/wiki/Territory_(country_subdivision)","/wiki/Independence","/wiki/Sovereignty","/wiki/Sovereign_state","#cite_note-1","/wiki/Subnational_entity","#cite_note-2","/wiki/File:Trust_and_Non-Self-Governing_Territories.djvu","//upload.wikimedia.org/wikipedia/commons/thumb/1/19/Trust_and_Non-Self-Governing_Territories.djvu/page1-200px-Trust_and_Non-Self-Governing_Territories.djvu.jpg","/wiki/File:Trust_and_Non-Self-Governing_Territories.djvu","//bits.wikimedia.org/static-1.22wmf12/skins/common/images/magnify-clip.png","#cite_note-The_Trusteeship_System_and_Non-Self-Governing_Territories-3","#cite_note-4","#cite_note-The_Trusteeship_System_and_Non-Self-Governing_Territories-3","/wiki/%C3%85land","/wiki/Finland","/wiki/Hong_Kong","/wiki/China","/wiki/Macau","#cite_note-5","#Lists_of_dependent_territories","#New_Zealand","#Norway","#United_Kingdom","#United_States","#Lists_of_other_entities","#Australia","#Chile","#China","#Denmark","#Finland","#France","#Netherlands","#Norway_2","#United_States_2","#Description","#See_also","#References","#External_links","/w/index.php?title=Dependent_territory&action=edit&section=1","/w/index.php?title=Dependent_territory&veaction=edit&section=1","/wiki/Antarctica","/wiki/United_Nations_list_of_Non-Self-Governing_Territories","/wiki/United_Nations","#cite_note-6","/w/index.php?title=Dependent_territory&action=edit&section=2","/w/index.php?title=Dependent_territory&veaction=edit&section=2","/wiki/Realm_of_New_Zealand","//upload.wikimedia.org/wikipedia/commons/thumb/3/35/Flag_of_the_Cook_Islands.svg/23px-Flag_of_the_Cook_Islands.svg.png","/wiki/Cook_Islands","//upload.wikimedia.org/wikipedia/commons/thumb/0/01/Flag_of_Niue.svg/23px-Flag_of_Niue.svg.png","/wiki/Niue","//upload.wikimedia.org/wikipedia/commons/thumb/8/8e/Flag_of_Tokelau.svg/23px-Flag_of_Tokelau.svg.png","/wiki/Tokelau","/wiki/Tokelauan_self-determination_referendum,_2006","/wiki/Supermajority","/wiki/Tokelauan_self-determination_referendum,_2007","/wiki/New_Zealand","//upload.wikimedia.org/wikipedia/commons/thumb/3/3e/Flag_of_New_Zealand.svg/23px-Flag_of_New_Zealand.svg.png","/wiki/Ross_Dependency","/wiki/Antarctica","/w/index.php?title=Dependent_territory&action=edit&section=3","/w/index.php?title=Dependent_territory&veaction=edit&section=3","/wiki/Dependencies_of_Norway","//upload.wikimedia.org/wikipedia/commons/thumb/d/d9/Flag_of_Norway.svg/21px-Flag_of_Norway.svg.png","/wiki/Bouvet_Island","/wiki/Oslo","/wiki/Norwegian_Ministry_of_Justice_and_the_Police","/wiki/Norway","//upload.wikimedia.org/wikipedia/commons/thumb/d/d9/Flag_of_Norway.svg/21px-Flag_of_Norway.svg.png","/wiki/Peter_I_Island","/wiki/Antarctic_Treaty_System","/wiki/Oslo","/wiki/Minister_of_Justice_and_the_Police_(Norway)","/wiki/Norway","//upload.wikimedia.org/wikipedia/commons/thumb/d/d9/Flag_of_Norway.svg/21px-Flag_of_Norway.svg.png","/wiki/Queen_Maud_Land","/w/index.php?title=Dependent_territory&action=edit&section=4","/w/index.php?title=Dependent_territory&veaction=edit&section=4","/wiki/British_overseas_territories","/wiki/Crown_dependency","/wiki/Sovereign_Base_Areas","//upload.wikimedia.org/wikipedia/commons/thumb/b/b4/Flag_of_Anguilla.svg/23px-Flag_of_Anguilla.svg.png","/wiki/Anguilla","//upload.wikimedia.org/wikipedia/commons/thumb/0/0f/Flag_of_the_Cayman_Islands.svg/23px-Flag_of_the_Cayman_Islands.svg.png","/wiki/Cayman_Islands","//upload.wikimedia.org/wikipedia/commons/thumb/0/02/Flag_of_Gibraltar.svg/23px-Flag_of_Gibraltar.svg.png","/wiki/Gibraltar","//upload.wikimedia.org/wikipedia/commons/thumb/d/d0/Flag_of_Montserrat.svg/23px-Flag_of_Montserrat.svg.png","/wiki/Montserrat","//upload.wikimedia.org/wikipedia/commons/thumb/8/88/Flag_of_the_Pitcairn_Islands.svg/23px-Flag_of_the_Pitcairn_Islands.svg.png","/wiki/Pitcairn_Islands","//upload.wikimedia.org/wikipedia/commons/thumb/a/a0/Flag_of_the_Turks_and_Caicos_Islands.svg/23px-Flag_of_the_Turks_and_Caicos_Islands.svg.png","/wiki/Turks_and_Caicos_Islands","//upload.wikimedia.org/wikipedia/en/thumb/a/ae/Flag_of_the_United_Kingdom.svg/23px-Flag_of_the_United_Kingdom.svg.png","/wiki/Saint_Helena,_Ascension_and_Tristan_da_Cunha","//upload.wikimedia.org/wikipedia/commons/thumb/e/ed/Flag_of_South_Georgia_and_the_South_Sandwich_Islands.svg/23px-Flag_of_South_Georgia_and_the_South_Sandwich_Islands.svg.png","/wiki/South_Georgia_and_the_South_Sandwich_Islands","//upload.wikimedia.org/wikipedia/commons/thumb/b/bf/Flag_of_Bermuda.svg/23px-Flag_of_Bermuda.svg.png","/wiki/Bermuda","//upload.wikimedia.org/wikipedia/commons/thumb/f/fd/Flag_of_the_British_Antarctic_Territory.svg/23px-Flag_of_the_British_Antarctic_Territory.svg.png","/wiki/British_Antarctic_Territory","/wiki/Antarctica","//upload.wikimedia.org/wikipedia/commons/thumb/6/6e/Flag_of_the_British_Indian_Ocean_Territory.svg/23px-Flag_of_the_British_Indian_Ocean_Territory.svg.png","/wiki/British_Indian_Ocean_Territory","#cite_note-whitehouse.gov-7","/wiki/Foreign_and_Commonwealth_Office","//upload.wikimedia.org/wikipedia/commons/thumb/4/42/Flag_of_the_British_Virgin_Islands.svg/23px-Flag_of_the_British_Virgin_Islands.svg.png","/wiki/British_Virgin_Islands","//upload.wikimedia.org/wikipedia/commons/thumb/8/83/Flag_of_the_Falkland_Islands.svg/23px-Flag_of_the_Falkland_Islands.svg.png","/wiki/Falkland_Islands","/wiki/South_Georgia_and_the_South_Sandwich_Islands","/wiki/British_monarchy","/wiki/United_Kingdom","//upload.wikimedia.org/wikipedia/en/thumb/a/ae/Flag_of_the_United_Kingdom.svg/23px-Flag_of_the_United_Kingdom.svg.png","/wiki/Akrotiri_and_Dhekelia","http://www.sba.mod.uk/web_pages/appdx-o.htm","/wiki/Crown_dependency","//upload.wikimedia.org/wikipedia/commons/thumb/f/fa/Flag_of_Guernsey.svg/23px-Flag_of_Guernsey.svg.png","/wiki/Guernsey","/wiki/Good_government","/wiki/Parliament_of_the_United_Kingdom","#cite_note-8","#cite_note-9","#cite_note-10","//upload.wikimedia.org/wikipedia/commons/thumb/1/1c/Flag_of_Jersey.svg/23px-Flag_of_Jersey.svg.png","/wiki/Jersey","//upload.wikimedia.org/wikipedia/commons/thumb/b/bc/Flag_of_the_Isle_of_Man.svg/23px-Flag_of_the_Isle_of_Man.svg.png","/wiki/Isle_of_Man","/w/index.php?title=Dependent_territory&action=edit&section=5","/w/index.php?title=Dependent_territory&veaction=edit&section=5","/wiki/Insular_area","/wiki/Territories_of_the_United_States","//upload.wikimedia.org/wikipedia/commons/thumb/8/87/Flag_of_American_Samoa.svg/23px-Flag_of_American_Samoa.svg.png","/wiki/American_Samoa","/wiki/Incorporated_territory","/wiki/Office_of_Insular_Affairs","/wiki/United_Nations_list_of_Non-Self-Governing_Territories","//upload.wikimedia.org/wikipedia/commons/thumb/0/07/Flag_of_Guam.svg/23px-Flag_of_Guam.svg.png","/wiki/Guam","/wiki/United_Nations_list_of_Non-Self-Governing_Territories","//upload.wikimedia.org/wikipedia/commons/thumb/e/e0/Flag_of_the_Northern_Mariana_Islands.svg/23px-Flag_of_the_Northern_Mariana_Islands.svg.png","/wiki/Northern_Mariana_Islands","/wiki/Commonwealth_(United_States_insular_area)","//upload.wikimedia.org/wikipedia/commons/thumb/2/28/Flag_of_Puerto_Rico.svg/23px-Flag_of_Puerto_Rico.svg.png","/wiki/Puerto_Rico","/wiki/Commonwealth_(United_States_insular_area)","/wiki/Executive_Office_of_the_President_of_the_United_States","//upload.wikimedia.org/wikipedia/commons/thumb/f/f8/Flag_of_the_United_States_Virgin_Islands.svg/23px-Flag_of_the_United_States_Virgin_Islands.svg.png","/wiki/United_States_Virgin_Islands","/wiki/Office_of_Insular_Affairs","/wiki/United_Nations_list_of_Non-Self-Governing_Territories","/wiki/United_States","//upload.wikimedia.org/wikipedia/en/thumb/a/a4/Flag_of_the_United_States.svg/23px-Flag_of_the_United_States.svg.png","/wiki/Baker_Island","/wiki/Washington,_D.C.","/wiki/United_States_Fish_and_Wildlife_Service","/wiki/United_States_Department_of_the_Interior","/wiki/United_States","//upload.wikimedia.org/wikipedia/en/thumb/a/a4/Flag_of_the_United_States.svg/23px-Flag_of_the_United_States.svg.png","/wiki/Howland_Island","/wiki/United_States","//upload.wikimedia.org/wikipedia/en/thumb/a/a4/Flag_of_the_United_States.svg/23px-Flag_of_the_United_States.svg.png","/wiki/Jarvis_Island","/wiki/United_States","//upload.wikimedia.org/wikipedia/en/thumb/a/a4/Flag_of_the_United_States.svg/23px-Flag_of_the_United_States.svg.png","/wiki/Johnston_Atoll","/wiki/United_States","//upload.wikimedia.org/wikipedia/en/thumb/a/a4/Flag_of_the_United_States.svg/23px-Flag_of_the_United_States.svg.png","/wiki/Kingman_Reef","/wiki/United_States","//upload.wikimedia.org/wikipedia/en/thumb/a/a4/Flag_of_the_United_States.svg/23px-Flag_of_the_United_States.svg.png","/wiki/Midway_Atoll","/wiki/United_States","//upload.wikimedia.org/wikipedia/en/thumb/a/a4/Flag_of_the_United_States.svg/23px-Flag_of_the_United_States.svg.png","/wiki/Navassa_Island","/wiki/United_States_Fish_and_Wildlife_Service","/wiki/Boquer%C3%B3n,_Puerto_Rico","/wiki/Haiti","/wiki/Guano_Islands_Act","/wiki/United_States","//upload.wikimedia.org/wikipedia/en/thumb/a/a4/Flag_of_the_United_States.svg/23px-Flag_of_the_United_States.svg.png","/wiki/Wake_Island","/wiki/United_States_Air_Force","/wiki/Marshall_Islands","/wiki/United_States","//upload.wikimedia.org/wikipedia/en/thumb/a/a4/Flag_of_the_United_States.svg/23px-Flag_of_the_United_States.svg.png","/wiki/Bajo_Nuevo_Bank","/wiki/Colombia","/wiki/Jamaica","/wiki/Nicaragua","/wiki/United_States","//upload.wikimedia.org/wikipedia/en/thumb/a/a4/Flag_of_the_United_States.svg/23px-Flag_of_the_United_States.svg.png","/wiki/Serranilla_Bank","/wiki/Colombia","/wiki/Honduras","/wiki/Nicaragua","/w/index.php?title=Dependent_territory&action=edit&section=6","/w/index.php?title=Dependent_territory&veaction=edit&section=6","/w/index.php?title=Dependent_territory&action=edit&section=7","/w/index.php?title=Dependent_territory&veaction=edit&section=7","/wiki/States_and_territories_of_Australia","/wiki/Australia","/wiki/Federation","/wiki/Federated_state","#cite_note-11","//upload.wikimedia.org/wikipedia/commons/thumb/6/67/Flag_of_Christmas_Island.svg/23px-Flag_of_Christmas_Island.svg.png","/wiki/Christmas_Island","/wiki/Government_of_Australia","/wiki/Attorney-General%27s_Department_(Australia)","#cite_note-AussieAG-12","#cite_note-13","//upload.wikimedia.org/wikipedia/commons/thumb/7/74/Flag_of_the_Cocos_%28Keeling%29_Islands.svg/23px-Flag_of_the_Cocos_%28Keeling%29_Islands.svg.png","/wiki/Cocos_(Keeling)_Islands","//upload.wikimedia.org/wikipedia/commons/thumb/4/48/Flag_of_Norfolk_Island.svg/23px-Flag_of_Norfolk_Island.svg.png","/wiki/Norfolk_Island","#cite_note-AussieAG-12","/wiki/Australia","//upload.wikimedia.org/wikipedia/en/thumb/b/b9/Flag_of_Australia.svg/23px-Flag_of_Australia.svg.png","/wiki/Ashmore_and_Cartier_Islands","/wiki/Government_of_Australia","/wiki/Attorney-General%27s_Department_(Australia)","#cite_note-AussieAG-12","/wiki/Australia","//upload.wikimedia.org/wikipedia/en/thumb/b/b9/Flag_of_Australia.svg/23px-Flag_of_Australia.svg.png","/wiki/Coral_Sea_Islands","#cite_note-14","/wiki/Australia","//upload.wikimedia.org/wikipedia/en/thumb/b/b9/Flag_of_Australia.svg/23px-Flag_of_Australia.svg.png","/wiki/Australian_Antarctic_Territory","/wiki/Australian_Antarctic_Division","/wiki/Department_of_Sustainability,_Environment,_Water,_Population_and_Communities","/wiki/Australia","//upload.wikimedia.org/wikipedia/en/thumb/b/b9/Flag_of_Australia.svg/23px-Flag_of_Australia.svg.png","/wiki/Heard_Island_and_McDonald_Islands","/w/index.php?title=Dependent_territory&action=edit&section=8","/w/index.php?title=Dependent_territory&veaction=edit&section=8","/w/index.php?title=Special_territories_of_Chile&action=edit&redlink=1","/wiki/Republic_of_Chile","//upload.wikimedia.org/wikipedia/commons/thumb/d/d8/Flag_of_Rapa_Nui%2C_Chile.svg/23px-Flag_of_Rapa_Nui%2C_Chile.svg.png","/wiki/Easter_Island","/wiki/Chile","/wiki/Constitution_of_Chile","#cite_note-emol.com-15","//upload.wikimedia.org/wikipedia/commons/thumb/7/78/Flag_of_Chile.svg/23px-Flag_of_Chile.svg.png","/wiki/Chile","/wiki/Chile","/wiki/Constitution_of_Chile","#cite_note-emol.com-15","/w/index.php?title=Dependent_territory&action=edit&section=9","/w/index.php?title=Dependent_territory&veaction=edit&section=9","/wiki/Special_Administrative_Region_of_the_People%27s_Republic_of_China","//upload.wikimedia.org/wikipedia/commons/thumb/5/5b/Flag_of_Hong_Kong.svg/23px-Flag_of_Hong_Kong.svg.png","/wiki/Hong_Kong","/wiki/British_Overseas_Territory","/wiki/People%27s_Republic_of_China","/wiki/Sino-British_Joint_Declaration","/wiki/Treaty","/wiki/United_Nations","/wiki/Hong_Kong_Basic_Law","/wiki/One_Country,_Two_Systems","/wiki/Central_People%27s_Government","/wiki/Mainland_China","#cite_note-16","#cite_note-17","#cite_note-18","//upload.wikimedia.org/wikipedia/commons/thumb/6/63/Flag_of_Macau.svg/23px-Flag_of_Macau.svg.png","/wiki/Macau","/wiki/Portuguese_empire","/wiki/Sino-Portuguese_Joint_Declaration","/wiki/Macau_Basic_Law","/w/index.php?title=Dependent_territory&action=edit&section=10","/w/index.php?title=Dependent_territory&veaction=edit&section=10","/wiki/Rigsf%C3%A6llesskabet","//upload.wikimedia.org/wikipedia/commons/thumb/3/3c/Flag_of_the_Faroe_Islands.svg/21px-Flag_of_the_Faroe_Islands.svg.png","/wiki/Faroe_Islands","/wiki/Denmark","/wiki/European_Union","//upload.wikimedia.org/wikipedia/commons/thumb/0/09/Flag_of_Greenland.svg/23px-Flag_of_Greenland.svg.png","/wiki/Greenland","/wiki/European_Economic_Community","/w/index.php?title=Dependent_territory&action=edit&section=11","/w/index.php?title=Dependent_territory&veaction=edit&section=11","/wiki/Administrative_divisions_of_Finland","//upload.wikimedia.org/wikipedia/commons/thumb/5/52/Flag_of_%C3%85land.svg/23px-Flag_of_%C3%85land.svg.png","/wiki/%C3%85land_Islands","/w/index.php?title=Dependent_territory&action=edit&section=12","/w/index.php?title=Dependent_territory&veaction=edit&section=12","/wiki/Overseas_departments_and_territories_of_France","//upload.wikimedia.org/wikipedia/commons/thumb/d/db/Flag_of_French_Polynesia.svg/23px-Flag_of_French_Polynesia.svg.png","/wiki/French_Polynesia","/wiki/Collectivit%C3%A9_d%27outre-mer","/wiki/Pays_d%27outre-mer","/wiki/United_Nations_list_of_Non-Self-Governing_Territories","//upload.wikimedia.org/wikipedia/commons/thumb/2/23/Flag_of_New_Caledonia.svg/23px-Flag_of_New_Caledonia.svg.png","/wiki/New_Caledonia","/wiki/Sui_generis","/wiki/United_Nations_list_of_Non-Self-Governing_Territories","//upload.wikimedia.org/wikipedia/en/thumb/c/c3/Flag_of_France.svg/23px-Flag_of_France.svg.png","/wiki/Saint_Barth%C3%A9lemy","/wiki/Collectivity_of_Saint_Martin","//upload.wikimedia.org/wikipedia/en/thumb/c/c3/Flag_of_France.svg/23px-Flag_of_France.svg.png","/wiki/Saint_Martin_(France)","//upload.wikimedia.org/wikipedia/en/thumb/c/c3/Flag_of_France.svg/23px-Flag_of_France.svg.png","/wiki/Saint_Pierre_and_Miquelon","/wiki/Territorial_collectivity","//upload.wikimedia.org/wikipedia/en/thumb/c/c3/Flag_of_France.svg/23px-Flag_of_France.svg.png","/wiki/Wallis_and_Futuna","/wiki/France","//upload.wikimedia.org/wikipedia/en/thumb/c/c3/Flag_of_France.svg/23px-Flag_of_France.svg.png","/wiki/Clipperton_Island","/wiki/French_Southern_and_Antarctic_Lands","//upload.wikimedia.org/wikipedia/commons/thumb/a/a7/Flag_of_the_French_Southern_and_Antarctic_Lands.svg/23px-Flag_of_the_French_Southern_and_Antarctic_Lands.svg.png","/wiki/French_Southern_and_Antarctic_Lands","/wiki/Paris","/wiki/Adelie_Land","/w/index.php?title=Dependent_territory&action=edit&section=13","/w/index.php?title=Dependent_territory&veaction=edit&section=13","/wiki/Kingdom_of_the_Netherlands","//upload.wikimedia.org/wikipedia/commons/thumb/f/f6/Flag_of_Aruba.svg/23px-Flag_of_Aruba.svg.png","/wiki/Aruba","/wiki/Kingdom_of_the_Netherlands","/wiki/Statute_of_the_Kingdom_of_the_Netherlands","/wiki/Netherlands_Antilles","/wiki/Politics_of_the_Netherlands","/wiki/Kingdom_of_the_Netherlands","/wiki/European_Union","/wiki/Dutch_nationality","/wiki/Citizens_of_the_European_Union","/wiki/Baseball","/wiki/European_Baseball_Championship","//upload.wikimedia.org/wikipedia/commons/thumb/b/b1/Flag_of_Cura%C3%A7ao.svg/23px-Flag_of_Cura%C3%A7ao.svg.png","/wiki/Cura%C3%A7ao","//upload.wikimedia.org/wikipedia/commons/thumb/d/d3/Flag_of_Sint_Maarten.svg/23px-Flag_of_Sint_Maarten.svg.png","/wiki/Sint_Maarten","//upload.wikimedia.org/wikipedia/commons/thumb/1/1e/Flag_of_Bonaire.svg/23px-Flag_of_Bonaire.svg.png","/wiki/Bonaire","/wiki/Dissolution_of_the_Netherlands_Antilles","/wiki/Netherlands_Antilles","/wiki/Bonaire","/wiki/Saba","/wiki/Sint_Eustatius","/wiki/Netherlands","/wiki/Caribbean_Netherlands","/wiki/European_Union","/wiki/Dutch_nationality","/wiki/Citizens_of_the_European_Union","//upload.wikimedia.org/wikipedia/commons/thumb/5/5a/Flag_of_Saba.svg/23px-Flag_of_Saba.svg.png","/wiki/Saba","//upload.wikimedia.org/wikipedia/commons/thumb/0/08/Flag_of_Sint_Eustatius.svg/23px-Flag_of_Sint_Eustatius.svg.png","/wiki/Sint_Eustatius","/w/index.php?title=Dependent_territory&action=edit&section=14","/w/index.php?title=Dependent_territory&veaction=edit&section=14","/wiki/Administrative_divisions_of_Norway","//upload.wikimedia.org/wikipedia/commons/thumb/d/d9/Flag_of_Norway.svg/21px-Flag_of_Norway.svg.png","/wiki/Svalbard","/w/index.php?title=Dependent_territory&action=edit&section=15","/w/index.php?title=Dependent_territory&veaction=edit&section=15","/wiki/Incorporated_territory#Incorporated_unorganized_territories","/wiki/United_States","//upload.wikimedia.org/wikipedia/en/thumb/a/a4/Flag_of_the_United_States.svg/23px-Flag_of_the_United_States.svg.png","/wiki/Palmyra_Atoll","/wiki/Washington,_D.C.","/wiki/United_States_Fish_and_Wildlife_Service","/wiki/United_States_Department_of_the_Interior","/wiki/United_States_Minor_Outlying_Islands","/w/index.php?title=Dependent_territory&action=edit&section=16","/w/index.php?title=Dependent_territory&veaction=edit&section=16","/wiki/Crown_dependency","/wiki/United_Kingdom","/wiki/European_Union","/wiki/Bermuda","/wiki/Gibraltar","/wiki/British_overseas_territories","/wiki/Governor-General_of_New_Zealand","/wiki/Realm_of_New_Zealand","/wiki/Cook_Islands","/wiki/Niue","/wiki/Associated_state","/wiki/Puerto_Rico","/wiki/Northern_Mariana_Islands","/wiki/United_States","#cite_note-19","/wiki/Constitution_of_Puerto_Rico","/wiki/Autonomous_entity","/wiki/U.S._state","/wiki/U.S._citizenship#Birthright_citizenship","/wiki/Jones-Shafroth_Act","#cite_note-20","#cite_note-21","/wiki/Commonwealth_(United_States_insular_area)","/wiki/Puerto_Rico","/wiki/Compact_of_Free_Association","/wiki/Interstate_compact","/wiki/Politics_of_Puerto_Rico","/wiki/Commonwealth_(United_States_insular_area)","/wiki/Puerto_Rico","#cite_note-FinalReport-22","#cite_note-FinalReport-22","/wiki/Kingdom_of_the_Netherlands","/wiki/Federacy","/wiki/Netherlands","/wiki/Aruba","/wiki/Netherlands_Antilles","/wiki/Cura%C3%A7ao","/wiki/Sint_Maarten","/wiki/Denmark","/wiki/Faroes","/wiki/Greenland","/wiki/Rigsf%C3%A6llesskabet","/w/index.php?title=Dependent_territory&action=edit&section=17","/w/index.php?title=Dependent_territory&veaction=edit&section=17","/wiki/Associated_state","/wiki/Colonisation","/wiki/Colony","/wiki/Condominium_(international_law)","/wiki/Federacy","/wiki/List_of_autonomous_areas_by_country","/wiki/List_of_current_dependent_territory_leaders","/wiki/List_of_sovereign_states","/wiki/List_of_former_sovereign_states#Former_colonies.2C_possessions.2C_protectorates_and_territories","/wiki/Suzerainty","/wiki/Table_of_administrative_divisions_by_country","/wiki/Territorial_claims_in_Antarctica","/wiki/United_Nations_list_of_Non-Self-Governing_Territories","/w/index.php?title=Dependent_territory&action=edit&section=18","/w/index.php?title=Dependent_territory&veaction=edit&section=18","#cite_ref-1","//en.wikisource.org/wiki/United_Nations_General_Assembly_Resolution_1514","#cite_ref-2","http://www.un.org/Depts/dpi/decolonization/council.htm","#cite_ref-The_Trusteeship_System_and_Non-Self-Governing_Territories_3-0","#cite_ref-The_Trusteeship_System_and_Non-Self-Governing_Territories_3-1","http://unyearbook.un.org/1960YUN/1960_P1_SEC3_CH4.pdf","#cite_ref-4","http://www.listaba.com/list/01000326594567/","#cite_ref-5","https://www.cia.gov/library/publications/the-world-factbook/fields/2006.html","#cite_ref-6","http://www.un.org/en/decolonization/nonselfgov.shtml","#cite_ref-whitehouse.gov_7-0","https://wwws.whitehouse.gov/petitions#!/petition/us-government-must-redress-wrongs-against-chagossians/gPRF7hmz","/wiki/Whitehouse.gov","#cite_ref-8","https://www.cia.gov/library/publications/the-world-factbook/geos/gk.html","#cite_ref-9","https://www.cia.gov/library/publications/the-world-factbook/geos/je.html","#cite_ref-10","https://www.cia.gov/library/publications/the-world-factbook/geos/im.html","#cite_ref-11","http://books.google.com.au/books?id=6Pd8F1mFp1oC","/wiki/International_Standard_Book_Number","/wiki/Special:BookSources/978-0-521-86305-6","#cite_ref-AussieAG_12-0","#cite_ref-AussieAG_12-1","#cite_ref-AussieAG_12-2","http://www.infrastructure.gov.au/territories/index.aspx","#cite_ref-13","http://www.ag.gov.au/www/agd/agd.nsf/Page/TerritoriesofAustralia_Cocos(Keeling)Islands_CocosIslandsGovernanceandAdministration","#cite_ref-14","/wiki/Willis_Island","#cite_ref-emol.com_15-0","#cite_ref-emol.com_15-1","http://www.emol.com/noticias/nacional/2006/04/18/216679/isla-de-pascua-y-juan-fernandez-seran-territorios-especiales.html","#cite_ref-16","http://www.gov.cn/gzdt/2007-01/17/content_498423.htm","#cite_ref-17","http://www.stats.gov.cn/tjgb/rkpcgb/qgrkpcgb/t20110428_402722232.htm","#cite_ref-18","http://big5.huaxia.com/sw/cjzx/jjdt/00265648.html","#cite_ref-19","https://www.cia.gov/library/publications/the-world-factbook/geos/cq.html","#cite_ref-20","#cite_ref-21","https://www.cia.gov/library/publications/the-world-factbook/geos/rq.html","#cite_ref-FinalReport_22-0","#cite_ref-FinalReport_22-1","http://www.prfaa.com/eng/PuertoRicoBookletFinal.pdf","//upload.wikimedia.org/wikipedia/en/thumb/6/62/PD-icon.svg/12px-PD-icon.svg.png","/wiki/Copyright_status_of_work_by_the_U.S._government","/wiki/CIA_World_Factbook","/w/index.php?title=Dependent_territory&action=edit&section=19","/w/index.php?title=Dependent_territory&veaction=edit&section=19","http://www.worldstatesmen.org/COLONIES.html","/wiki/Template:Terms_for_types_of_country_subdivisions","/wiki/Template_talk:Terms_for_types_of_country_subdivisions","//en.wikipedia.org/w/index.php?title=Template:Terms_for_types_of_country_subdivisions&action=edit","/wiki/Administrative_division","/wiki/Area_(country_subdivision)","/wiki/Insular_area","/wiki/Local_Government_Area","/wiki/Special_Areas_Board","/wiki/Urban_area","/wiki/Borough","/wiki/County_borough","/wiki/Metropolitan_borough","/wiki/Capital_city","/wiki/Federal_capital","/wiki/Capital_city#Origins","/wiki/City","/wiki/Autonomous_city","/wiki/Charter_city","/wiki/Independent_city","/wiki/Rural_city_(Victoria)","/wiki/Imperial_city","/wiki/Free_imperial_city","/wiki/Royal_free_city","/wiki/Community_(administrative_division)","/wiki/Autonomous_communities_of_Spain","/wiki/Residential_community","/wiki/County","/wiki/Administrative_county","/wiki/Autonomous_counties_of_the_People%27s_Republic_of_China","/wiki/Metropolitan_county","/wiki/Viscount","/wiki/District","/wiki/Capital_districts_and_territories","/wiki/City_district","/wiki/Electoral_district","/wiki/Federal_district","/wiki/List_of_municipalities_in_British_Columbia#Indian_government_districts","/wiki/Metropolitan_borough","/wiki/Municipal_district","/wiki/Lands_administrative_divisions_of_Tasmania","/wiki/List_of_regional_districts_of_British_Columbia","/wiki/Rural_district","/wiki/Sanitary_district","/wiki/Subdistrict","/wiki/District","/wiki/Districts_of_Republican_Subordination","/wiki/Municipality","/wiki/District_municipality","/wiki/Direct-controlled_municipality","/wiki/List_of_municipalities_in_British_Columbia#Mountain_resort_municipalities","/wiki/Regional_municipality","/wiki/Regional_county_municipality","/wiki/List_of_municipalities_in_British_Columbia#Resort_municipalities","/wiki/Rural_municipality","/wiki/Specialized_municipalities_of_Alberta","/wiki/Prefecture","/wiki/Autonomous_prefectures_of_the_People%27s_Republic_of_China","/wiki/Subprefecture","/wiki/Super-prefectures_of_Greece","/wiki/Praetorian_prefecture","/wiki/Province","/wiki/Autonomous_province","/wiki/Overseas_province","/wiki/Region","/wiki/Administrative_region","/wiki/Autonomous_region","/wiki/Capital_region","/wiki/Mesoregion","/wiki/Microregion","/wiki/Overseas_region","/wiki/Special_administrative_region","/wiki/Subregion_(country_subdivision)","/wiki/Federated_state","/wiki/Federation","/wiki/Free_state_(government)","/wiki/States_of_Colombia","/wiki/Territory_(country_subdivision)","/wiki/Capital_territory","/wiki/Federal_territory","/wiki/National_territory","/wiki/Organized_incorporated_territories_of_the_United_States","/wiki/Overseas_territory","/wiki/Unorganized_territory","/wiki/Union_territory","/wiki/Town","/wiki/Civil_township","/wiki/Charter_township","/wiki/Autonomous_territorial_unit","/wiki/Local_administrative_unit","/wiki/Local_government_in_Victoria#Alpine_resorts","/wiki/Bailiwick","/wiki/Banner_(country_subdivision)","/wiki/Banners_of_Inner_Mongolia","/wiki/Block_(country_subdivision)","/wiki/Cadastre","/wiki/Canton_(country_subdivision)","/wiki/Circle_(country_subdivision)","/wiki/Circuit_(administrative_division)","/wiki/Colony","/wiki/Municipality","/wiki/Condominium_(international_law)","/wiki/Constituency_(administrative_division)","/wiki/Department_(country_subdivision)","/wiki/Overseas_department","/wiki/Division_(country_subdivision)","/wiki/Subdivision_(country_subdivision)","/wiki/Duchy","/wiki/Elderships_of_Lithuania","/wiki/Federal_Dependencies_of_Venezuela","/wiki/Governorate","/wiki/Hamlet_(place)","/wiki/Neighbourhood","/wiki/Parish_(administrative_division)","/wiki/Periphery_(country_subdivision)","/wiki/Principality","/wiki/Principality","/wiki/Protectorate","/wiki/Quarter_(urban_subdivision)","/wiki/List_of_regencies_and_cities_of_Indonesia","/wiki/Autonomous_republic","/wiki/Indian_reservation","/wiki/Indian_reserve","/wiki/Riding_(country_subdivision)","/wiki/Sector_(country_subdivision)","/wiki/Autonomous_sector","/wiki/Shire","/wiki/Suzerainty","/wiki/Townland","/wiki/Village","/wiki/List_of_summer_villages_in_Alberta","/wiki/Ward_(country_subdivision)","/wiki/Agency_(country_subdivision)","/wiki/Barony_(geographic)","/wiki/Burgh","/wiki/Imperial_Circle","/wiki/Roman_diocese","/wiki/Exarch","/wiki/Hide_(unit)","/wiki/Hundred_(county_division)","/wiki/March_(territory)","/wiki/Monthon","/wiki/Presidency_(country_subdivision)","/wiki/Residency_(country_subdivision)","/wiki/Tenth_(country_subdivision)","/wiki/Tithing","/wiki/Amt_(country_subdivision)","/wiki/Arrondissement","/wiki/Bairro","/wiki/Bakhsh","/wiki/Baladiyah","/wiki/Barangay","/wiki/Bezirk","/wiki/Regierungsbezirk","/wiki/Colonia_(country_subdivision)","/wiki/Comarca","/wiki/Comune","/wiki/Da%C3%AFra","/wiki/Deme","/wiki/Frazione","/wiki/Freguesia_(Portugal)","/wiki/Gmina","/wiki/Gemeinde","/wiki/Provinces_of_Turkey","/wiki/Jude%C8%9B","/wiki/Administrative_village","/wiki/Municipalities_of_Sweden","/wiki/Circle_(country_subdivision)","/wiki/Municipalities_of_Finland","/wiki/L%C3%A4n","/wiki/Localit%C3%A0","/wiki/Mahalle","/wiki/Counties_of_Hungary","/wiki/Muban","/wiki/Nome_(Egypt)","/wiki/Nome_(Greece)","/wiki/Oblast","/wiki/Autonomous_oblast","/wiki/Okrug","/wiki/Autonomous_okrug","/wiki/Ortsteil","/wiki/Ost%C4%81n","/wiki/Poblacion","/wiki/Powiat","/wiki/Purok","/wiki/Raion","/wiki/Rancher%C3%ADa","/wiki/Shabiyah","/wiki/Shahr","/wiki/Shahrest%C4%81n","/wiki/Sitio","/wiki/S%C3%BDsla","/wiki/Tehsil","/wiki/Tehsil","/wiki/Vingtaine","/wiki/Voivodeship","/wiki/Wilayah","/wiki/Commote","/wiki/Heerlijkheid","/wiki/Katepanikion","/wiki/K%C3%B6ping","/wiki/Maalaiskunta","/wiki/Liwa_(Arabic)","/wiki/Naucrary","/wiki/Pagus","/wiki/Pargana","/wiki/Plas%C4%83","/wiki/Satrap","/wiki/Syssel","/wiki/Theme_(Byzantine_district)","/wiki/Subah_(country_subdivision)","/wiki/Census_division","/wiki/Electoral_district","/wiki/Political_division","/wiki/Template:Arabic_terms_for_country_subdivisions","/wiki/Template:French_terms_for_country_subdivisions","/wiki/Template:Spanish_terms_for_country_subdivisions","/wiki/Table_of_administrative_divisions_by_country","/wiki/Template:United_Nations_list_of_Non-Self-Governing_Territories","/wiki/Template_talk:United_Nations_list_of_Non-Self-Governing_Territories","//en.wikipedia.org/w/index.php?title=Template:United_Nations_list_of_Non-Self-Governing_Territories&action=edit","/wiki/United_Nations_list_of_Non-Self-Governing_Territories","/wiki/United_Kingdom","/wiki/Anguilla","/wiki/Bermuda","/wiki/British_Virgin_Islands","/wiki/Cayman_Islands","/wiki/Falkland_Islands","/wiki/Gibraltar","/wiki/Montserrat","/wiki/Pitcairn_Islands","/wiki/Saint_Helena","/wiki/Turks_and_Caicos_Islands","/wiki/United_States","/wiki/American_Samoa","/wiki/Guam","/wiki/United_States_Virgin_Islands","/wiki/France","/wiki/French_Polynesia","/wiki/New_Caledonia","/wiki/Spain","/wiki/Morocco","/wiki/Western_Sahara","/wiki/New_Zealand","/wiki/Tokelau","/wiki/Category:United_Nations","/wiki/Portal:United_Nations","/wiki/Template:United_Nations_list_of_Non-Self-Governing_Territories_(1945%E2%80%931999)","/wiki/Template_talk:United_Nations_list_of_Non-Self-Governing_Territories_(1945%E2%80%931999)","//en.wikipedia.org/w/index.php?title=Template:United_Nations_list_of_Non-Self-Governing_Territories_(1945%E2%80%931999)&action=edit","/wiki/United_Nations_list_of_Non-Self-Governing_Territories","/wiki/United_Nations_Trusteeship","/wiki/Treaty","//commons.wikimedia.org/wiki/File:Trust_and_Non-Self-Governing_Territories.djvu","/wiki/Australia","/wiki/Cocos_(Keeling)_Islands","/wiki/Territory_of_Papua","/wiki/Nauru","/wiki/New_Guinea","/wiki/File:Emblem_of_the_United_Nations.svg","//upload.wikimedia.org/wikipedia/commons/thumb/5/52/Emblem_of_the_United_Nations.svg/150px-Emblem_of_the_United_Nations.svg.png","/wiki/Belgium","/wiki/Belgian_Congo","/wiki/Ruanda-Urundi","/wiki/Denmark","/wiki/Greenland","/wiki/France","/wiki/French_Equatorial_Africa","/wiki/Middle_Congo","/wiki/Ubangi_Shari","/wiki/French_Establishments_in_India","/wiki/French_Establishments_in_Oceania","/wiki/French_Guiana","/wiki/French_Somaliland","/wiki/French_West_Africa","/wiki/French_Guinea","/wiki/French_Sudan","/wiki/Niger","/wiki/Guadeloupe","/wiki/Indo-China","/wiki/Madagascar","/wiki/Martinique","/wiki/Morocco","/wiki/New_Caledonia_and_Dependencies","/wiki/New_Hebrides","/wiki/Anglo-French_Condominium","/wiki/R%C3%A9union","/wiki/St._Pierre_and_Miquelon","/wiki/Tunisia","/wiki/Cameroons","/wiki/French_Togoland","/wiki/Italy","/wiki/Somaliland","/wiki/Netherlands","/wiki/Netherlands_Indies","/wiki/Netherlands_New_Guinea","/wiki/Netherlands_Antilles","/wiki/Surinam","/wiki/New_Zealand","/wiki/Cook_Islands","/wiki/Niue_Island","/wiki/Western_Samoa","/wiki/Portugal","/wiki/Angola","/wiki/Cape_Verde_Archipelago","/wiki/Goa","/wiki/Portuguese_Guinea","/wiki/Macau","/wiki/Mozambique","/wiki/S%C3%A3o_Jo%C3%A3o_Baptista_de_Ajud%C3%A1","/wiki/Sao_Tome_and_Principe","/wiki/East_Timor","/wiki/South_Africa","/wiki/South_West_Africa","/wiki/Spain","/wiki/Equatorial_Guinea","/wiki/R%C3%ADo_Muni","/wiki/Ifni","/wiki/United_Kingdom","/wiki/Aden","/wiki/The_Bahamas","/wiki/Barbados","/wiki/Basutoland","/wiki/Bechuanaland_Protectorate","/wiki/British_Guiana","/wiki/British_Honduras","/wiki/British_Somaliland","/wiki/Brunei","/wiki/Cyprus","/wiki/Fiji","/wiki/The_Gambia","/wiki/Gilbert_and_Ellice_Islands_Colony","/wiki/Gold_Coast_(British_colony)","/wiki/Hong_Kong","/wiki/Jamaica","/wiki/Kenya","/wiki/Leeward_Islands","/wiki/Antigua","/wiki/St._Kitts-Nevis-Anguilla","/wiki/Malayan_Union","/wiki/Malta","/wiki/Mauritius","/wiki/Nigeria","/wiki/Sabah","/wiki/Sabah","/wiki/Labuan","/wiki/Northern_Rhodesia","/wiki/Nyasaland","/wiki/Sarawak","/wiki/Seychelles","/wiki/Sierra_Leone","/wiki/Singapore","/wiki/Solomon_Islands","/wiki/Southern_Rhodesia","/wiki/Swaziland","/wiki/Trinidad_and_Tobago","/wiki/Uganda","/wiki/Windward_Islands","/wiki/Dominica","/wiki/Grenada","/wiki/St._Lucia","/wiki/Saint_Vincent_(island)","/wiki/Zanzibar","/wiki/Cameroons","/wiki/Togoland","/wiki/Tanganyka","/wiki/United_States","/wiki/Alaska","/wiki/Hawaii","/wiki/Panama_Canal_Zone","/wiki/Puerto_Rico","/wiki/Pacific_Islands_Trust_Territory","//upload.wikimedia.org/wikipedia/en/thumb/4/4a/Commons-logo.svg/12px-Commons-logo.svg.png","//commons.wikimedia.org/wiki/File:Trust_and_Non-Self-Governing_Territories.djvu","//upload.wikimedia.org/wikipedia/commons/thumb/4/4c/Wikisource-logo.svg/16px-Wikisource-logo.svg.png","//en.wikisource.org/wiki/United_Nations_Trusteeship_Agreements_listed_by_the_General_Assembly_as_Non-Self-Governing","//upload.wikimedia.org/wikipedia/en/thumb/4/48/Folder_Hexagonal_Icon.svg/16px-Folder_Hexagonal_Icon.svg.png","/wiki/Category:United_Nations","//upload.wikimedia.org/wikipedia/en/thumb/f/fd/Portal-puzzle.svg/16px-Portal-puzzle.svg.png","/wiki/Portal:United_Nations","//en.wikipedia.org/w/index.php?title=Special:CentralAutoLogin/start&type=1x1&from=enwiki","http://en.wikipedia.org/w/index.php?title=Dependent_territory&oldid=567127914","/wiki/Help:Categories","/wiki/Category:Dependent_territories","/wiki/Category:Lists_of_countries","/wiki/Category:Types_of_country_subdivisions","/wiki/Category:Wikipedia_articles_incorporating_text_from_the_World_Factbook","/w/index.php?title=Special:UserLogin&returnto=Dependent+territory&type=signup","/w/index.php?title=Special:UserLogin&returnto=Dependent+territory","/wiki/Dependent_territory","/wiki/Talk:Dependent_territory","#","/wiki/Dependent_territory","/w/index.php?title=Dependent_territory&action=edit","/w/index.php?title=Dependent_territory&veaction=edit","/w/index.php?title=Dependent_territory&action=history","#","/w/index.php","//bits.wikimedia.org/static-1.22wmf12/skins/vector/images/search-ltr.png?303-4","/wiki/Main_Page","/wiki/Main_Page","/wiki/Portal:Contents","/wiki/Portal:Featured_content","/wiki/Portal:Current_events","/wiki/Special:Random","https://donate.wikimedia.org/wiki/Special:FundraiserRedirector?utm_source=donate&utm_medium=sidebar&utm_campaign=C13_en.wikipedia.org&uselang=en","/wiki/Help:Contents","/wiki/Wikipedia:About","/wiki/Wikipedia:Community_portal","/wiki/Special:RecentChanges","//en.wikipedia.org/wiki/Wikipedia:Contact_us","/wiki/Special:WhatLinksHere/Dependent_territory","/wiki/Special:RecentChangesLinked/Dependent_territory","/wiki/Wikipedia:File_Upload_Wizard","/wiki/Special:SpecialPages","/w/index.php?title=Dependent_territory&oldid=567127914","/w/index.php?title=Dependent_territory&action=info","//www.wikidata.org/wiki/Q161243","/w/index.php?title=Special:Cite&page=Dependent_territory&id=567127914","/w/index.php?title=Special:Book&bookcmd=book_creator&referer=Dependent+territory","/w/index.php?title=Special:Book&bookcmd=render_article&arttitle=Dependent+territory&oldid=567127914&writer=rl","/w/index.php?title=Dependent_territory&printable=yes","//af.wikipedia.org/wiki/Lys_van_afhanklike_gebiede","//ar.wikipedia.org/wiki/%D8%AA%D8%A8%D8%B9%D9%8A%D8%A9","//an.wikipedia.org/wiki/Territorios_dependients","//zh-min-nan.wikipedia.org/wiki/I-l%C4%81i-t%C4%93","//be.wikipedia.org/wiki/%D0%97%D0%B0%D0%BB%D0%B5%D0%B6%D0%BD%D1%8B%D1%8F_%D1%82%D1%8D%D1%80%D1%8B%D1%82%D0%BE%D1%80%D1%8B%D1%96","//be-x-old.wikipedia.org/wiki/%D0%97%D0%B0%D0%BB%D0%B5%D0%B6%D0%BD%D1%8B%D1%8F_%D1%82%D1%8D%D1%80%D1%8B%D1%82%D0%BE%D1%80%D1%8B%D1%96","//bg.wikipedia.org/wiki/%D0%97%D0%B0%D0%B2%D0%B8%D1%81%D0%B8%D0%BC%D0%B0_%D1%82%D0%B5%D1%80%D0%B8%D1%82%D0%BE%D1%80%D0%B8%D1%8F","//ca.wikipedia.org/wiki/Territori_dependent","//cs.wikipedia.org/wiki/Seznam_z%C3%A1visl%C3%BDch_%C3%BAzem%C3%AD","//cy.wikipedia.org/wiki/Rhestr_tiriogaethau_dibynnol","//da.wikipedia.org/wiki/Afh%C3%A6ngigt_territorium","//de.wikipedia.org/wiki/Liste_abh%C3%A4ngiger_Gebiete","//es.wikipedia.org/wiki/Territorio_dependiente","//fa.wikipedia.org/wiki/%D9%82%D9%84%D9%85%D8%B1%D9%88%DB%8C_%D9%88%D8%A7%D8%A8%D8%B3%D8%AA%D9%87","//fo.wikipedia.org/wiki/Hj%C3%A1land","//fr.wikipedia.org/wiki/Liste_des_d%C3%A9pendances_et_territoires_%C3%A0_souverainet%C3%A9_sp%C3%A9ciale","//gl.wikipedia.org/wiki/Territorio_dependente","//ko.wikipedia.org/wiki/%EC%86%8D%EB%A0%B9","//hi.wikipedia.org/wiki/%E0%A4%85%E0%A4%A7%E0%A5%80%E0%A4%A8_%E0%A4%95%E0%A5%8D%E0%A4%B7%E0%A5%87%E0%A4%A4%E0%A5%8D%E0%A4%B0","//hr.wikipedia.org/wiki/Popis_zavisnih_teritorija","//id.wikipedia.org/wiki/Wilayah_dependensi","//ia.wikipedia.org/wiki/Lista_de_territorios_dependente_o_disputate","//is.wikipedia.org/wiki/Hj%C3%A1lenda","//it.wikipedia.org/wiki/Territori_dipendenti","//jv.wikipedia.org/wiki/Wilayah_dependensi","//ka.wikipedia.org/wiki/%E1%83%93%E1%83%90%E1%83%9B%E1%83%9D%E1%83%99%E1%83%98%E1%83%93%E1%83%94%E1%83%91%E1%83%A3%E1%83%9A%E1%83%98_%E1%83%A2%E1%83%94%E1%83%A0%E1%83%98%E1%83%A2%E1%83%9D%E1%83%A0%E1%83%98%E1%83%94%E1%83%91%E1%83%98%E1%83%A1_%E1%83%A1%E1%83%98%E1%83%90","//lv.wikipedia.org/wiki/Atkar%C4%ABgo_teritoriju_uzskait%C4%ABjums","//li.wikipedia.org/wiki/Aafhenkelike_gebejer","//hu.wikipedia.org/wiki/F%C3%BCgg%C5%91_ter%C3%BCletek_list%C3%A1ja","//mk.wikipedia.org/wiki/%D0%97%D0%B0%D0%B2%D0%B8%D1%81%D0%BD%D0%B0_%D1%82%D0%B5%D1%80%D0%B8%D1%82%D0%BE%D1%80%D0%B8%D1%98%D0%B0","//nl.wikipedia.org/wiki/Afhankelijk_gebied","//ja.wikipedia.org/wiki/%E6%B5%B7%E5%A4%96%E9%A0%98%E5%9C%9F%E3%83%BB%E8%87%AA%E6%B2%BB%E9%A0%98%E3%81%AE%E4%B8%80%E8%A6%A7","//no.wikipedia.org/wiki/Biland","//nn.wikipedia.org/wiki/Biland","//pl.wikipedia.org/wiki/Terytorium_zale%C5%BCne","//pt.wikipedia.org/wiki/Anexo:Lista_de_territ%C3%B3rios_dependentes","//ro.wikipedia.org/wiki/List%C4%83_de_teritorii_dependente_dup%C4%83_continent","//ru.wikipedia.org/wiki/%D0%A1%D0%BF%D0%B8%D1%81%D0%BE%D0%BA_%D0%B7%D0%B0%D0%B2%D0%B8%D1%81%D0%B8%D0%BC%D1%8B%D1%85_%D1%82%D0%B5%D1%80%D1%80%D0%B8%D1%82%D0%BE%D1%80%D0%B8%D0%B9","//sah.wikipedia.org/wiki/%D0%A2%D1%83%D1%82%D1%83%D0%BB%D1%83%D0%BA%D1%82%D0%B0%D0%B0%D1%85_%D1%81%D0%B8%D1%80","//sco.wikipedia.org/wiki/Owerseas_territories","//simple.wikipedia.org/wiki/List_of_dependent_territories","//sl.wikipedia.org/wiki/Odvisno_ozemlje","//sr.wikipedia.org/wiki/%D0%A1%D0%BF%D0%B8%D1%81%D0%B0%D0%BA_%D0%B7%D0%B0%D0%B2%D0%B8%D1%81%D0%BD%D0%B8%D1%85_%D1%82%D0%B5%D1%80%D0%B8%D1%82%D0%BE%D1%80%D0%B8%D1%98%D0%B0","//sh.wikipedia.org/wiki/Popis_zavisnih_teritorija","//su.wikipedia.org/wiki/Wewengkon_dep%C3%A9ndensi","//sv.wikipedia.org/wiki/Avh%C3%A4ngiga_territorier","//tl.wikipedia.org/wiki/Teritoryong_panlabas","//ta.wikipedia.org/wiki/%E0%AE%9A%E0%AE%BE%E0%AE%B0%E0%AF%8D%E0%AE%AA%E0%AF%81_%E0%AE%AE%E0%AE%A3%E0%AF%8D%E0%AE%9F%E0%AE%B2%E0%AE%AE%E0%AF%8D","//uk.wikipedia.org/wiki/%D0%97%D0%B0%D0%BB%D0%B5%D0%B6%D0%BD%D1%96_%D1%82%D0%B5%D1%80%D0%B8%D1%82%D0%BE%D1%80%D1%96%D1%97","//ur.wikipedia.org/wiki/%D9%85%D9%86%D8%AD%D8%B5%D8%B1_%D8%B9%D9%84%D8%A7%D9%82%DB%81","//vec.wikipedia.org/wiki/Elenco_dei_teritori_dipendenti","//vi.wikipedia.org/wiki/Danh_s%C3%A1ch_l%C3%A3nh_th%E1%BB%95_ph%E1%BB%A5_thu%E1%BB%99c","//zh.wikipedia.org/wiki/%E5%A2%83%E5%A4%96%E9%A0%98%E5%9C%9F","#","//www.wikidata.org/wiki/Q161243#sitelinks-wikipedia","//en.wikipedia.org/wiki/Wikipedia:Text_of_Creative_Commons_Attribution-ShareAlike_3.0_Unported_License","//creativecommons.org/licenses/by-sa/3.0/","//wikimediafoundation.org/wiki/Terms_of_Use","//wikimediafoundation.org/wiki/Privacy_policy","//www.wikimediafoundation.org/","//wikimediafoundation.org/wiki/Privacy_policy","/wiki/Wikipedia:About","/wiki/Wikipedia:General_disclaimer","//en.wikipedia.org/wiki/Wikipedia:Contact_us","//en.m.wikipedia.org/wiki/Dependent_territory","//wikimediafoundation.org/","//bits.wikimedia.org/images/wikimedia-button.png","//www.mediawiki.org/","//bits.wikimedia.org/static-1.22wmf12/skins/common/images/poweredby_mediawiki_88x31.png","//bits.wikimedia.org/en.wikipedia.org/load.php?debug=false&lang=en&modules=site&only=scripts&skin=vector&*"],"instances":["international_law","country_subdivision","united_states_insular_area","australia","norway","france"],"pdf":["http://unyearbook.un.org/1960YUN/1960_P1_SEC3_CH4.pdf","http://www.prfaa.com/eng/PuertoRicoBookletFinal.pdf"],"categories":["Dependent territories|","Lists of countries","Types of country subdivisions"],"headings":["Lists of dependent territories","Lists of other entities","Description","See also","References","External links"],"image":["//upload.wikimedia.org/wikipedia/commons/thumb/1/19/Trust_and_Non-Self-Governing_Territories.djvu/page1-200px-Trust_and_Non-Self-Governing_Territories.djvu.jpg","//bits.wikimedia.org/static-1.22wmf12/skins/common/images/magnify-clip.png","//upload.wikimedia.org/wikipedia/commons/thumb/3/35/Flag_of_the_Cook_Islands.svg/23px-Flag_of_the_Cook_Islands.svg.png","//upload.wikimedia.org/wikipedia/commons/thumb/0/01/Flag_of_Niue.svg/23px-Flag_of_Niue.svg.png","//upload.wikimedia.org/wikipedia/commons/thumb/8/8e/Flag_of_Tokelau.svg/23px-Flag_of_Tokelau.svg.png","//upload.wikimedia.org/wikipedia/commons/thumb/3/3e/Flag_of_New_Zealand.svg/23px-Flag_of_New_Zealand.svg.png","//upload.wikimedia.org/wikipedia/commons/thumb/d/d9/Flag_of_Norway.svg/21px-Flag_of_Norway.svg.png","//upload.wikimedia.org/wikipedia/commons/thumb/d/d9/Flag_of_Norway.svg/21px-Flag_of_Norway.svg.png","//upload.wikimedia.org/wikipedia/commons/thumb/d/d9/Flag_of_Norway.svg/21px-Flag_of_Norway.svg.png","//upload.wikimedia.org/wikipedia/commons/thumb/b/b4/Flag_of_Anguilla.svg/23px-Flag_of_Anguilla.svg.png","//upload.wikimedia.org/wikipedia/commons/thumb/0/0f/Flag_of_the_Cayman_Islands.svg/23px-Flag_of_the_Cayman_Islands.svg.png","//upload.wikimedia.org/wikipedia/commons/thumb/0/02/Flag_of_Gibraltar.svg/23px-Flag_of_Gibraltar.svg.png","//upload.wikimedia.org/wikipedia/commons/thumb/d/d0/Flag_of_Montserrat.svg/23px-Flag_of_Montserrat.svg.png","//upload.wikimedia.org/wikipedia/commons/thumb/8/88/Flag_of_the_Pitcairn_Islands.svg/23px-Flag_of_the_Pitcairn_Islands.svg.png","//upload.wikimedia.org/wikipedia/commons/thumb/a/a0/Flag_of_the_Turks_and_Caicos_Islands.svg/23px-Flag_of_the_Turks_and_Caicos_Islands.svg.png","//upload.wikimedia.org/wikipedia/en/thumb/a/ae/Flag_of_the_United_Kingdom.svg/23px-Flag_of_the_United_Kingdom.svg.png","//upload.wikimedia.org/wikipedia/commons/thumb/e/ed/Flag_of_South_Georgia_and_the_South_Sandwich_Islands.svg/23px-Flag_of_South_Georgia_and_the_South_Sandwich_Islands.svg.png","//upload.wikimedia.org/wikipedia/commons/thumb/b/bf/Flag_of_Bermuda.svg/23px-Flag_of_Bermuda.svg.png","//upload.wikimedia.org/wikipedia/commons/thumb/f/fd/Flag_of_the_British_Antarctic_Territory.svg/23px-Flag_of_the_British_Antarctic_Territory.svg.png","//upload.wikimedia.org/wikipedia/commons/thumb/6/6e/Flag_of_the_British_Indian_Ocean_Territory.svg/23px-Flag_of_the_British_Indian_Ocean_Territory.svg.png","//upload.wikimedia.org/wikipedia/commons/thumb/4/42/Flag_of_the_British_Virgin_Islands.svg/23px-Flag_of_the_British_Virgin_Islands.svg.png","//upload.wikimedia.org/wikipedia/commons/thumb/8/83/Flag_of_the_Falkland_Islands.svg/23px-Flag_of_the_Falkland_Islands.svg.png","//upload.wikimedia.org/wikipedia/en/thumb/a/ae/Flag_of_the_United_Kingdom.svg/23px-Flag_of_the_United_Kingdom.svg.png","//upload.wikimedia.org/wikipedia/commons/thumb/f/fa/Flag_of_Guernsey.svg/23px-Flag_of_Guernsey.svg.png","//upload.wikimedia.org/wikipedia/commons/thumb/1/1c/Flag_of_Jersey.svg/23px-Flag_of_Jersey.svg.png","//upload.wikimedia.org/wikipedia/commons/thumb/b/bc/Flag_of_the_Isle_of_Man.svg/23px-Flag_of_the_Isle_of_Man.svg.png","//upload.wikimedia.org/wikipedia/commons/thumb/8/87/Flag_of_American_Samoa.svg/23px-Flag_of_American_Samoa.svg.png","//upload.wikimedia.org/wikipedia/commons/thumb/0/07/Flag_of_Guam.svg/23px-Flag_of_Guam.svg.png","//upload.wikimedia.org/wikipedia/commons/thumb/e/e0/Flag_of_the_Northern_Mariana_Islands.svg/23px-Flag_of_the_Northern_Mariana_Islands.svg.png","//upload.wikimedia.org/wikipedia/commons/thumb/2/28/Flag_of_Puerto_Rico.svg/23px-Flag_of_Puerto_Rico.svg.png","//upload.wikimedia.org/wikipedia/commons/thumb/f/f8/Flag_of_the_United_States_Virgin_Islands.svg/23px-Flag_of_the_United_States_Virgin_Islands.svg.png","//upload.wikimedia.org/wikipedia/en/thumb/a/a4/Flag_of_the_United_States.svg/23px-Flag_of_the_United_States.svg.png","//upload.wikimedia.org/wikipedia/en/thumb/a/a4/Flag_of_the_United_States.svg/23px-Flag_of_the_United_States.svg.png","//upload.wikimedia.org/wikipedia/en/thumb/a/a4/Flag_of_the_United_States.svg/23px-Flag_of_the_United_States.svg.png","//upload.wikimedia.org/wikipedia/en/thumb/a/a4/Flag_of_the_United_States.svg/23px-Flag_of_the_United_States.svg.png","//upload.wikimedia.org/wikipedia/en/thumb/a/a4/Flag_of_the_United_States.svg/23px-Flag_of_the_United_States.svg.png","//upload.wikimedia.org/wikipedia/en/thumb/a/a4/Flag_of_the_United_States.svg/23px-Flag_of_the_United_States.svg.png","//upload.wikimedia.org/wikipedia/en/thumb/a/a4/Flag_of_the_United_States.svg/23px-Flag_of_the_United_States.svg.png","//upload.wikimedia.org/wikipedia/en/thumb/a/a4/Flag_of_the_United_States.svg/23px-Flag_of_the_United_States.svg.png","//upload.wikimedia.org/wikipedia/en/thumb/a/a4/Flag_of_the_United_States.svg/23px-Flag_of_the_United_States.svg.png","//upload.wikimedia.org/wikipedia/en/thumb/a/a4/Flag_of_the_United_States.svg/23px-Flag_of_the_United_States.svg.png","//upload.wikimedia.org/wikipedia/commons/thumb/6/67/Flag_of_Christmas_Island.svg/23px-Flag_of_Christmas_Island.svg.png","//upload.wikimedia.org/wikipedia/commons/thumb/7/74/Flag_of_the_Cocos_%28Keeling%29_Islands.svg/23px-Flag_of_the_Cocos_%28Keeling%29_Islands.svg.png","//upload.wikimedia.org/wikipedia/commons/thumb/4/48/Flag_of_Norfolk_Island.svg/23px-Flag_of_Norfolk_Island.svg.png","//upload.wikimedia.org/wikipedia/en/thumb/b/b9/Flag_of_Australia.svg/23px-Flag_of_Australia.svg.png","//upload.wikimedia.org/wikipedia/en/thumb/b/b9/Flag_of_Australia.svg/23px-Flag_of_Australia.svg.png","//upload.wikimedia.org/wikipedia/en/thumb/b/b9/Flag_of_Australia.svg/23px-Flag_of_Australia.svg.png","//upload.wikimedia.org/wikipedia/en/thumb/b/b9/Flag_of_Australia.svg/23px-Flag_of_Australia.svg.png","//upload.wikimedia.org/wikipedia/commons/thumb/d/d8/Flag_of_Rapa_Nui%2C_Chile.svg/23px-Flag_of_Rapa_Nui%2C_Chile.svg.png","//upload.wikimedia.org/wikipedia/commons/thumb/7/78/Flag_of_Chile.svg/23px-Flag_of_Chile.svg.png","//upload.wikimedia.org/wikipedia/commons/thumb/5/5b/Flag_of_Hong_Kong.svg/23px-Flag_of_Hong_Kong.svg.png","//upload.wikimedia.org/wikipedia/commons/thumb/6/63/Flag_of_Macau.svg/23px-Flag_of_Macau.svg.png","//upload.wikimedia.org/wikipedia/commons/thumb/3/3c/Flag_of_the_Faroe_Islands.svg/21px-Flag_of_the_Faroe_Islands.svg.png","//upload.wikimedia.org/wikipedia/commons/thumb/0/09/Flag_of_Greenland.svg/23px-Flag_of_Greenland.svg.png","//upload.wikimedia.org/wikipedia/commons/thumb/5/52/Flag_of_%C3%85land.svg/23px-Flag_of_%C3%85land.svg.png","//upload.wikimedia.org/wikipedia/commons/thumb/d/db/Flag_of_French_Polynesia.svg/23px-Flag_of_French_Polynesia.svg.png","//upload.wikimedia.org/wikipedia/commons/thumb/2/23/Flag_of_New_Caledonia.svg/23px-Flag_of_New_Caledonia.svg.png","//upload.wikimedia.org/wikipedia/en/thumb/c/c3/Flag_of_France.svg/23px-Flag_of_France.svg.png","//upload.wikimedia.org/wikipedia/en/thumb/c/c3/Flag_of_France.svg/23px-Flag_of_France.svg.png","//upload.wikimedia.org/wikipedia/en/thumb/c/c3/Flag_of_France.svg/23px-Flag_of_France.svg.png","//upload.wikimedia.org/wikipedia/en/thumb/c/c3/Flag_of_France.svg/23px-Flag_of_France.svg.png","//upload.wikimedia.org/wikipedia/en/thumb/c/c3/Flag_of_France.svg/23px-Flag_of_France.svg.png","//upload.wikimedia.org/wikipedia/commons/thumb/a/a7/Flag_of_the_French_Southern_and_Antarctic_Lands.svg/23px-Flag_of_the_French_Southern_and_Antarctic_Lands.svg.png","//upload.wikimedia.org/wikipedia/commons/thumb/f/f6/Flag_of_Aruba.svg/23px-Flag_of_Aruba.svg.png","//upload.wikimedia.org/wikipedia/commons/thumb/b/b1/Flag_of_Cura%C3%A7ao.svg/23px-Flag_of_Cura%C3%A7ao.svg.png","//upload.wikimedia.org/wikipedia/commons/thumb/d/d3/Flag_of_Sint_Maarten.svg/23px-Flag_of_Sint_Maarten.svg.png","//upload.wikimedia.org/wikipedia/commons/thumb/1/1e/Flag_of_Bonaire.svg/23px-Flag_of_Bonaire.svg.png","//upload.wikimedia.org/wikipedia/commons/thumb/5/5a/Flag_of_Saba.svg/23px-Flag_of_Saba.svg.png","//upload.wikimedia.org/wikipedia/commons/thumb/0/08/Flag_of_Sint_Eustatius.svg/23px-Flag_of_Sint_Eustatius.svg.png","//upload.wikimedia.org/wikipedia/commons/thumb/d/d9/Flag_of_Norway.svg/21px-Flag_of_Norway.svg.png","//upload.wikimedia.org/wikipedia/en/thumb/a/a4/Flag_of_the_United_States.svg/23px-Flag_of_the_United_States.svg.png","//upload.wikimedia.org/wikipedia/en/thumb/6/62/PD-icon.svg/12px-PD-icon.svg.png","//upload.wikimedia.org/wikipedia/commons/thumb/5/52/Emblem_of_the_United_Nations.svg/150px-Emblem_of_the_United_Nations.svg.png","//upload.wikimedia.org/wikipedia/en/thumb/4/4a/Commons-logo.svg/12px-Commons-logo.svg.png","//upload.wikimedia.org/wikipedia/commons/thumb/4/4c/Wikisource-logo.svg/16px-Wikisource-logo.svg.png","//upload.wikimedia.org/wikipedia/en/thumb/4/48/Folder_Hexagonal_Icon.svg/16px-Folder_Hexagonal_Icon.svg.png","//upload.wikimedia.org/wikipedia/en/thumb/f/fd/Portal-puzzle.svg/16px-Portal-puzzle.svg.png","//en.wikipedia.org/w/index.php?title=Special:CentralAutoLogin/start&type=1x1&from=enwiki","//bits.wikimedia.org/static-1.22wmf12/skins/vector/images/search-ltr.png?303-4","//bits.wikimedia.org/images/wikimedia-button.png","//bits.wikimedia.org/static-1.22wmf12/skins/common/images/poweredby_mediawiki_88x31.png"],"tags":[["territory","country_subdivision"],["minister_of_justice_and_the_police","norway"],["commonwealth","united_states_insular_area"],["commonwealth","united_states_insular_area"],["attorney-general's_department","australia"],["attorney-general's_department","australia"],["saint_martin","france"],["commonwealth","united_states_insular_area"],["commonwealth","united_states_insular_area"],["condominium","international_law"]],"members":["condominium","territory","commonwealth","minister_of_justice_and_the_police","saint_martin"],"related":["Territory_(country_subdivision)","Independence","Sovereignty","Sovereign_state","Subnational_entity","Åland","Finland","Hong_Kong","China","Macau","Antarctica","United_Nations_list_of_Non-Self-Governing_Territories","United_Nations","Tokelauan_self-determination_referendum,_2006","Supermajority","Tokelauan_self-determination_referendum,_2007","Antarctica","Oslo","Norwegian_Ministry_of_Justice_and_the_Police","Antarctic_Treaty_System","Oslo","Minister_of_Justice_and_the_Police_(Norway)","Antarctica","Foreign_and_Commonwealth_Office","South_Georgia_and_the_South_Sandwich_Islands","British_monarchy","Akrotiri_and_Dhekelia","Crown_dependency","Good_government","Parliament_of_the_United_Kingdom","Incorporated_territory","Office_of_Insular_Affairs","United_Nations_list_of_Non-Self-Governing_Territories","United_Nations_list_of_Non-Self-Governing_Territories","Commonwealth_(United_States_insular_area)","Commonwealth_(United_States_insular_area)","Executive_Office_of_the_President_of_the_United_States","Office_of_Insular_Affairs","United_Nations_list_of_Non-Self-Governing_Territories","Baker_Island","Washington,_D.C.","United_States_Fish_and_Wildlife_Service","United_States_Department_of_the_Interior","Howland_Island","Jarvis_Island","Johnston_Atoll","Kingman_Reef","Midway_Atoll","Navassa_Island","United_States_Fish_and_Wildlife_Service","Boquerón,_Puerto_Rico","Haiti","Guano_Islands_Act","Wake_Island","United_States_Air_Force","Marshall_Islands","Colombia","Jamaica","Nicaragua","Colombia","Honduras","Nicaragua","Australia","Federation","Federated_state","Government_of_Australia","Attorney-General's_Department_(Australia)","Ashmore_and_Cartier_Islands","Government_of_Australia","Attorney-General's_Department_(Australia)","Coral_Sea_Islands","Willis_Island","Australian_Antarctic_Division","Department_of_Sustainability,_Environment,_Water,_Population_and_Communities","Heard_Island_and_McDonald_Islands","Special_territories_of_Chile","Republic_of_Chile","Chile","Constitution_of_Chile","Chile","Constitution_of_Chile","British_Overseas_Territory","People's_Republic_of_China","Sino-British_Joint_Declaration","Treaty","United_Nations","Hong_Kong_Basic_Law","One_Country,_Two_Systems","Central_People's_Government","Mainland_China","Portuguese_empire","Sino-Portuguese_Joint_Declaration","Macau_Basic_Law","Denmark","European_Union","European_Economic_Community","Collectivité_d'outre-mer","Pays_d'outre-mer","United_Nations_list_of_Non-Self-Governing_Territories","United_Nations_list_of_Non-Self-Governing_Territories","Saint_Martin_(France)","Territorial_collectivity","Clipperton_Island","French_Southern_and_Antarctic_Lands","Paris","Kingdom_of_the_Netherlands","Statute_of_the_Kingdom_of_the_Netherlands","Netherlands_Antilles","Politics_of_the_Netherlands","Kingdom_of_the_Netherlands","European_Union","Dutch_nationality","Citizens_of_the_European_Union","Baseball","European_Baseball_Championship","Dissolution_of_the_Netherlands_Antilles","Netherlands_Antilles","Bonaire","Saba","Sint_Eustatius","Netherlands","European_Union","Dutch_nationality","Citizens_of_the_European_Union","Palmyra_Atoll","Washington,_D.C.","United_States_Fish_and_Wildlife_Service","United_States_Department_of_the_Interior","United_States_Minor_Outlying_Islands","Crown_dependency","United_Kingdom","European_Union","Bermuda","Gibraltar","British_overseas_territories","Governor-General_of_New_Zealand","Realm_of_New_Zealand","Cook_Islands","Niue","Associated_state","Puerto_Rico","Northern_Mariana_Islands","United_States","Constitution_of_Puerto_Rico","Autonomous_entity","U.S._state","Jones-Shafroth_Act","Commonwealth_(United_States_insular_area)","Puerto_Rico","Compact_of_Free_Association","Interstate_compact","Politics_of_Puerto_Rico","Commonwealth_(United_States_insular_area)","Puerto_Rico","Kingdom_of_the_Netherlands","Federacy","Netherlands","Aruba","Netherlands_Antilles","Curaçao","Sint_Maarten","Denmark","Faroes","Greenland","Rigsfællesskabet","Associated_state","Colonisation","Colony","Condominium_(international_law)","Federacy","List_of_autonomous_areas_by_country","List_of_current_dependent_territory_leaders","List_of_sovereign_states","Suzerainty","Table_of_administrative_divisions_by_country","Territorial_claims_in_Antarctica","United_Nations_list_of_Non-Self-Governing_Territories"]}