{"cursor":"58923","size":15,"audio":["//upload.wikimedia.org/wikipedia/commons/7/7a/Hokchew.ogg","//upload.wikimedia.org/wikipedia/commons/8/83/Fu2zhou1.ogg"],"currentlang":"en","article":"\n\n{{Infobox settlement ","linknr":1233,"url":"Fuzhou","recorded":1376425114,"links":["/w/index.php?title=Fuzhou&action=edit","/w/index.php?title=Fuzhou&action=edit","//bits.wikimedia.org/favicon/wikipedia.ico","/w/opensearch_desc.php","//en.wikipedia.org/w/api.php?action=rsd","//creativecommons.org/licenses/by-sa/3.0/","/w/index.php?title=Special:RecentChanges&feed=atom","http://en.wikipedia.org/wiki/Fuzhou","//bits.wikimedia.org/en.wikipedia.org/load.php?debug=false&lang=en&modules=ext.gadget.DRN-wizard%2CReferenceTooltips%2Ccharinsert%2Cteahouse%7Cext.rtlcite%2Cwikihiero%7Cext.uls.nojs%7Cmediawiki.legacy.commonPrint%2Cshared%7Cmw.PopUpMediaTransform%7Cskins.vector&only=styles&skin=vector&*","//bits.wikimedia.org/en.wikipedia.org/load.php?debug=false&lang=en&modules=ext.visualEditor.viewPageTarget.noscript&only=styles&skin=vector&*","//bits.wikimedia.org/en.wikipedia.org/load.php?debug=false&lang=en&modules=site&only=styles&skin=vector&*","//bits.wikimedia.org/en.wikipedia.org/load.php?debug=false&lang=en&modules=startup&only=scripts&skin=vector&*","//bits.wikimedia.org/geoiplookup","//meta.wikimedia.org","#mw-navigation","#p-search","/wiki/Fuzhou,_Jiangxi","/wiki/Fuzhou_(disambiguation)","//upload.wikimedia.org/wikipedia/en/thumb/9/99/Question_book-new.svg/50px-Question_book-new.svg.png","//en.wikipedia.org/w/index.php?title=Fuzhou&action=edit","/wiki/Help:Introduction_to_referencing/1","/wiki/Template:Citation_needed","/wiki/Wikipedia:Verifiability#Burden_of_evidence","/wiki/Prefecture-level_city","/wiki/File:Hokchew.JPG","//upload.wikimedia.org/wikipedia/commons/thumb/4/4e/Hokchew.JPG/250px-Hokchew.JPG","/wiki/File:ChinaFujianFuzhou.png","//upload.wikimedia.org/wikipedia/commons/thumb/5/50/ChinaFujianFuzhou.png/250px-ChinaFujianFuzhou.png","/wiki/File:China_edcp_location_map.svg","//upload.wikimedia.org/wikipedia/commons/thumb/a/ab/China_edcp_location_map.svg/250px-China_edcp_location_map.svg.png","//upload.wikimedia.org/wikipedia/en/thumb/0/0c/Red_pog.svg/6px-Red_pog.svg.png","//tools.wmflabs.org/geohack/geohack.php?pagename=Fuzhou&params=26_04_34_N_119_18_23_E_type:city(7200000)_region:CN-35","/wiki/Geographic_coordinate_system","//tools.wmflabs.org/geohack/geohack.php?pagename=Fuzhou&params=26_04_34_N_119_18_23_E_type:city(7200000)_region:CN-35","/wiki/People%27s_Republic_of_China","/wiki/Provinces_of_the_People%27s_Republic_of_China","/wiki/Fujian","/wiki/Administrative_divisions_of_the_People%27s_Republic_of_China","/wiki/Party_chief_of_the_Communist_Party_of_China","/wiki/Prefecture-level_city","#cite_note-GDP-1","/wiki/Prefecture-level_city","/wiki/Urban_area","/wiki/Rural_area","/wiki/Time_zone","/wiki/China_Standard_Time","/wiki/UTC%2B8","/wiki/Postal_code_of_China","/wiki/Telephone_numbering_plan","/wiki/Telephone_numbers_in_China","/wiki/Gross_domestic_product","#cite_note-GDP-1","/wiki/Renminbi","/wiki/United_States_dollar","//upload.wikimedia.org/wikipedia/commons/thumb/b/b0/Increase2.svg/11px-Increase2.svg.png","/wiki/License_Plate_(China)","/wiki/Spoken_Chinese","/wiki/Fuzhou_dialect","/wiki/Eastern_Min_Language","http://www.fuzhou.gov.cn/","/wiki/Chinese_language","//en.wiktionary.org/wiki/%E7%A6%8F","//en.wiktionary.org/wiki/%E5%B7%9E","/wiki/Hakka_Chinese","/wiki/Guangdong_Romanization#Hakka","/wiki/Mandarin_Chinese","/wiki/Pinyin","/wiki/Wade%E2%80%93Giles","/wiki/Min_Chinese","/wiki/Hokkien","/wiki/Pe%CC%8Dh-%C5%8De-j%C4%AB","/wiki/Min_Dong","/wiki/Foochow_Romanized","/wiki/File:Hokchew.ogg","//upload.wikimedia.org/wikipedia/commons/thumb/8/8a/Loudspeaker.svg/11px-Loudspeaker.svg.png","//upload.wikimedia.org/wikipedia/commons/7/7a/Hokchew.ogg","/wiki/Wikipedia:Media_help","/wiki/File:Hokchew.ogg","/wiki/Wu_Chinese","/wiki/Wu_Chinese","/wiki/Yue_Chinese","/wiki/Jyutping","/wiki/File:Fu2zhou1.ogg","//upload.wikimedia.org/wikipedia/commons/thumb/8/8a/Loudspeaker.svg/11px-Loudspeaker.svg.png","//upload.wikimedia.org/wikipedia/commons/8/83/Fu2zhou1.ogg","/wiki/Wikipedia:Media_help","/wiki/File:Fu2zhou1.ogg","/wiki/Chinese_language","//en.wiktionary.org/wiki/%E7%A6%8F","//en.wiktionary.org/wiki/%E5%B7%9E","/wiki/Pinyin","/wiki/Wikipedia:IPA_for_Mandarin","/wiki/Cantonese","/wiki/Fuzhou_dialect","/wiki/Prefecture-level_city","/wiki/Fujian_Province","/wiki/People%27s_Republic_of_China","/wiki/Ningde","/wiki/Mindong","/wiki/Min_River_(Fujian)","/wiki/Gutian_County","/wiki/Putian","/wiki/Quanzhou","/wiki/Sanming","/wiki/Nanping","#cite_note-GDP-1","#Etymology_and_names","#History","#Pre-Qin_History_.28before_221_BC.29","#Qin_and_Han_Dynasties_.28221_BC_-_206_AD.29","#Three_Kingdoms_to_Sui_Dynasty_.28200_-_618.29","#Tang.2C_Song.2C_and_Yuan_Dynasties_.28618_-_1368.29","#Ming_Dynasty","#Qing_Dynasty","#Engravings_and_photos","#Republic_of_China","#Revolutionary_Republic","#Japanese_Occupation","#People.27s_Republic","#Geography","#Climate","#Administrative_divisions","#Culture","#Language_and_art","#Religion","#Local_cuisine","#Special_crafts","#Transportation","#Airports","#Railways","#Seaport","#Economy","#Economic_and_Technological_Zones","#Tourist_attractions","#Historical_.2F_cultural","#Recreational","#Photo_gallery","#Notable_people","#Education","#Colleges_and_universities","#High_Schools","#International_relations","#Sister_cities","#Friendship_cities","#See_also","#References","#Sources","#External_links","/w/index.php?title=Fuzhou&action=edit&section=1","/w/index.php?title=Fuzhou&veaction=edit&section=1","/wiki/Yuanhe_Maps_and_Records_of_Prefectures_and_Counties","/wiki/Warring_States_period","/wiki/Han_Chinese","/wiki/Chinese_language","/wiki/Qin_Dynasty","#cite_note-2","/wiki/Chinese_language","/wiki/Banyan_tree","/w/index.php?title=Fuzhou&action=edit&section=2","/w/index.php?title=Fuzhou&veaction=edit&section=2","/wiki/Timeline_of_Fuzhou_history","/w/index.php?title=Fuzhou&action=edit&section=3","/w/index.php?title=Fuzhou&veaction=edit&section=3","/wiki/Yue_peoples","/wiki/Minyue","/wiki/Neolithic","/wiki/Warring_States_period","/wiki/Han_Chinese","/wiki/Yue_peoples","#cite_note-Xu-3","/wiki/Yue_(state)","/wiki/Zhejiang_Province","/wiki/Chu_(state)","/wiki/Han_Dynasty","/wiki/Sima_Qian","#cite_note-4","/wiki/Wuyishan_City","/w/index.php?title=Fuzhou&action=edit&section=4","/w/index.php?title=Fuzhou&veaction=edit&section=4","/wiki/Southward_expansion_of_the_Han_Dynasty","/wiki/Qin%27s_campaign_against_the_Yue_tribes","/wiki/Qin_Shi_Huang","/wiki/Chinese_language","/wiki/Pinyin","/wiki/Han_Dynasty","/wiki/Emperor_Gaozu_of_Han","/wiki/Nanyue","/wiki/Old_Chinese","/wiki/Chinese_language","/wiki/Emperor_Wu_of_Han","/wiki/Han_campaigns_against_Minyue","/wiki/Jiangnan","#cite_note-Xu-3","/w/index.php?title=Fuzhou&action=edit&section=5","/w/index.php?title=Fuzhou&veaction=edit&section=5","/wiki/File:Zh-fuzhou.jpg","//upload.wikimedia.org/wikipedia/commons/thumb/0/0c/Zh-fuzhou.jpg/170px-Zh-fuzhou.jpg","/wiki/File:Zh-fuzhou.jpg","//bits.wikimedia.org/static-1.22wmf12/skins/common/images/magnify-clip.png","/wiki/Three_Kingdoms_Period","/wiki/Eastern_Wu","/wiki/Yangtze_River","/wiki/Jin_Dynasty_(265%E2%80%93420)","/wiki/War_of_the_Eight_Princes","/wiki/Central_Plain_(China)","/wiki/Sui_Dynasty","/w/index.php?title=Fuzhou&action=edit&section=6","/w/index.php?title=Fuzhou&veaction=edit&section=6","/wiki/Tang_Dynasty","/wiki/Huang_Chao","/wiki/Wang_Chao_(Tang_Dynasty)","/wiki/Min_(Ten_Kingdoms)","/wiki/Song_Dynasty","/wiki/Buddhism","/wiki/Guangzhou","/wiki/Emperor_Taizong_of_Song","/wiki/Song_Dynasty","/wiki/Southern_Song_Dynasty","/wiki/Zhu_Xi","/wiki/Confucius","/wiki/Xin_Qiji","/wiki/Ci_(poetry)","/wiki/Marco_Polo","/wiki/Kubilai","/wiki/Transcription_(linguistics)","/wiki/Italian_language","/wiki/Min_Chinese","/wiki/Mandarin_Chinese","/w/index.php?title=Fuzhou&action=edit&section=7","/w/index.php?title=Fuzhou&veaction=edit&section=7","/wiki/Ming_Dynasty","/wiki/Zheng_He","/wiki/Indian_Ocean","/wiki/Africa","/wiki/Stele","/wiki/Matsu_(goddess)","/wiki/Seaport","/wiki/Philippine","/wiki/Quanzhou","#cite_note-5","/wiki/Galeote_Pereira","/wiki/Exile#Personal_exile","/wiki/Macau","/wiki/Jesuit","/wiki/Goa","#cite_note-6","/w/index.php?title=Fuzhou&action=edit&section=8","/w/index.php?title=Fuzhou&veaction=edit&section=8","/wiki/Lin_Zexu","/wiki/Guangzhou","/wiki/East_India_Company","/wiki/Exile#Personal_exile","/wiki/Xinjiang","/wiki/Russia","/wiki/Treaty_of_Nanjing","/wiki/First_Opium_War","/wiki/Treaty_ports","/wiki/Protestant","/wiki/ABCFM","/wiki/Methodist_Episcopal_Missionary_Society","/wiki/M._C._White","/wiki/Judson_Dwight_Collins","/wiki/Church_Missionary_Society","/wiki/Chinese_Revolution_(1949)","/wiki/Battle_of_Fuzhou","/wiki/Fujian_Fleet","/w/index.php?title=Fuzhou&action=edit&section=9","/w/index.php?title=Fuzhou&veaction=edit&section=9","/wiki/File:City_of_fuhchau.JPG","//upload.wikimedia.org/wikipedia/commons/thumb/3/3d/City_of_fuhchau.JPG/200px-City_of_fuhchau.JPG","/wiki/File:View_of_southern_suburbs_of_fuhchau.JPG","//upload.wikimedia.org/wikipedia/commons/thumb/5/54/View_of_southern_suburbs_of_fuhchau.JPG/200px-View_of_southern_suburbs_of_fuhchau.JPG","/wiki/File:Fuh-chow.jpg","//upload.wikimedia.org/wikipedia/commons/thumb/8/8f/Fuh-chow.jpg/200px-Fuh-chow.jpg","/wiki/File:Zhongzhou_island.jpg","//upload.wikimedia.org/wikipedia/commons/thumb/4/40/Zhongzhou_island.jpg/200px-Zhongzhou_island.jpg","/wiki/Methodist_Episcopal_Church","/wiki/File:Bridge_of_cloudy_hills.JPG","//upload.wikimedia.org/wikipedia/commons/thumb/4/40/Bridge_of_cloudy_hills.JPG/200px-Bridge_of_cloudy_hills.JPG","/wiki/File:Scenery_of_min.JPG","//upload.wikimedia.org/wikipedia/commons/thumb/c/c5/Scenery_of_min.JPG/200px-Scenery_of_min.JPG","/wiki/Min_River_(Fujian)","/wiki/File:Fuh-chow_and_river_min.jpg","//upload.wikimedia.org/wikipedia/commons/thumb/f/fe/Fuh-chow_and_river_min.jpg/200px-Fuh-chow_and_river_min.jpg","/wiki/File:Fuh-chow_from_black-stone_hill.jpg","//upload.wikimedia.org/wikipedia/commons/thumb/0/00/Fuh-chow_from_black-stone_hill.jpg/200px-Fuh-chow_from_black-stone_hill.jpg","/wiki/File:St_johns_church_1880_1.jpeg","//upload.wikimedia.org/wikipedia/commons/thumb/4/48/St_johns_church_1880_1.jpeg/200px-St_johns_church_1880_1.jpeg","/wiki/St._John%27s_Church_(Fuzhou)","/wiki/File:1800s_painting_France_Qing_naval_battle_Fuzhou.jpg","//upload.wikimedia.org/wikipedia/commons/thumb/d/d8/1800s_painting_France_Qing_naval_battle_Fuzhou.jpg/200px-1800s_painting_France_Qing_naval_battle_Fuzhou.jpg","/wiki/Battle_of_Fuzhou","/w/index.php?title=Fuzhou&action=edit&section=10","/w/index.php?title=Fuzhou&veaction=edit&section=10","/wiki/Qing_Dynasty","/w/index.php?title=Fuzhou&action=edit&section=11","/w/index.php?title=Fuzhou&veaction=edit&section=11","/wiki/Eugene_Chen","/wiki/National_Revolutionary_Army","/wiki/Fujian_People%27s_Government","#cite_note-7","/wiki/Chiang_Kai-shek","/wiki/Soviet_Republic_of_China","/w/index.php?title=Fuzhou&action=edit&section=12","/w/index.php?title=Fuzhou&veaction=edit&section=12","/wiki/Second_Sino-Japanese_War","#cite_note-8","#cite_note-9","/wiki/Japan","/wiki/Wilfred_Burchett","#cite_note-10","/wiki/Joseph_Needham","#cite_note-Winchester-11","/wiki/Simon_Winchester","/wiki/Murray_MacLehose","#cite_note-Winchester-11","/wiki/Operation_Ichi-Go","#cite_note-12","#cite_note-13","/wiki/Japan","/w/index.php?title=Fuzhou&action=edit&section=13","/w/index.php?title=Fuzhou&veaction=edit&section=13","/wiki/Textile","#cite_note-mac.gov.tw-14","/wiki/Typhoon_Longwang","/wiki/Military_school","/wiki/Paramilitary","#cite_note-mac.gov.tw-14","/w/index.php?title=Fuzhou&action=edit&section=14","/w/index.php?title=Fuzhou&veaction=edit&section=14","/wiki/File:Wiki_letter_w_cropped.svg","//upload.wikimedia.org/wikipedia/commons/thumb/1/1c/Wiki_letter_w_cropped.svg/20px-Wiki_letter_w_cropped.svg.png","//en.wikipedia.org/w/index.php?title=Fuzhou&action=edit","/w/index.php?title=Fuzhou&action=edit&section=15","/w/index.php?title=Fuzhou&veaction=edit&section=15","/wiki/Humid_subtropical_climate","#cite_note-15","/wiki/Precipitation","/wiki/Humidity","/wiki/Sunshine_duration","/wiki/Sunshine_duration","http://old-cdc.cma.gov.cn/shuju/search1.jsp?dsid=SURF_CLI_CHN_MUL_MMON_19712000_CES&tpcat=SURF&type=table&pageid=3","/w/index.php?title=Fuzhou&action=edit&section=16","/w/index.php?title=Fuzhou&veaction=edit&section=16","#cite_note-GDP-1","#cite_note-GDP-1","/wiki/County-level_city","/wiki/District_of_China","/wiki/County-level_city","/wiki/County_(People%27s_Republic_of_China)","/wiki/Chinese_characters","/wiki/Foochow_Romanized","#cite_note-GDP-1","/wiki/File:Subdivisions_of_Fuzhou-China.png","//upload.wikimedia.org/wikipedia/commons/thumb/d/dd/Subdivisions_of_Fuzhou-China.png/400px-Subdivisions_of_Fuzhou-China.png","/wiki/Gulou_District,_Fuzhou","/wiki/Taijiang_District","/wiki/Cangshan_District","/wiki/Mawei_District","/wiki/Jin%27an_District,_Fuzhou","/wiki/Minhou_County","/wiki/Lianjiang_County","/wiki/Luoyuan_County","/wiki/Minqing_County","/wiki/Yongtai_County","/wiki/Pingtan_County","/wiki/Changle_City","/wiki/Fuqing_City","/w/index.php?title=Fuzhou&action=edit&section=17","/w/index.php?title=Fuzhou&veaction=edit&section=17","/wiki/File:Banyan_King,_Fuzhou.JPG","//upload.wikimedia.org/wikipedia/commons/thumb/a/a1/Banyan_King%2C_Fuzhou.JPG/220px-Banyan_King%2C_Fuzhou.JPG","/wiki/File:Banyan_King,_Fuzhou.JPG","//bits.wikimedia.org/static-1.22wmf12/skins/common/images/magnify-clip.png","/w/index.php?title=Fuzhou&action=edit&section=18","/w/index.php?title=Fuzhou&veaction=edit&section=18","/wiki/Mandarin_Chinese","/wiki/Fuzhou_people","/wiki/Fuzhou_dialect","/wiki/Min_Dong","/wiki/Min_opera","/wiki/Operas","/wiki/Fujian","/wiki/Taiwan","/wiki/Malay_Archipelago","http://arts.cultural-china.com/en/87Arts251.html","/w/index.php?title=Fuzhou&action=edit&section=19","/w/index.php?title=Fuzhou&veaction=edit&section=19","/wiki/Mahayana_Buddhism","/wiki/Taoism","/wiki/Monkey_King","/wiki/Journey_to_the_West","/wiki/Ming_dynasty","/w/index.php?title=Lady_Linshui&action=edit&redlink=1","/wiki/Mazu_(goddess)","/w/index.php?title=Fuzhou&action=edit&section=20","/w/index.php?title=Fuzhou&veaction=edit&section=20","/wiki/File:Litchi_Pork.jpg","//upload.wikimedia.org/wikipedia/commons/thumb/4/44/Litchi_Pork.jpg/220px-Litchi_Pork.jpg","/wiki/File:Litchi_Pork.jpg","//bits.wikimedia.org/static-1.22wmf12/skins/common/images/magnify-clip.png","/wiki/Fuzhou_cuisine","/wiki/Fujian_cuisine","/wiki/Umami_taste","/wiki/Simplified_Chinese_characters","/wiki/Traditional_Chinese_characters","/wiki/Tangyuan_(food)","/wiki/Zongzi","/w/index.php?title=Fuzhou&action=edit&section=21","/w/index.php?title=Fuzhou&veaction=edit&section=21","/wiki/Paper_umbrella","http://www.fz3b.com","/w/index.php?title=Fuzhou&action=edit&section=22","/w/index.php?title=Fuzhou&veaction=edit&section=22","/wiki/File:Fuzhouseal.jpg","//upload.wikimedia.org/wikipedia/en/9/9d/Fuzhouseal.jpg","/wiki/File:Fuzhouseal.jpg","//bits.wikimedia.org/static-1.22wmf12/skins/common/images/magnify-clip.png","/w/index.php?title=Fuzhou&action=edit&section=23","/w/index.php?title=Fuzhou&veaction=edit&section=23","/wiki/Fuzhou_Changle_International_Airport","/wiki/Fuzhou_Changle_International_Airport","/w/index.php?title=Fuzhou_Yixu_Airport&action=edit&redlink=1","/wiki/People%27s_Liberation_Army","/w/index.php?title=Fuzhou&action=edit&section=24","/w/index.php?title=Fuzhou&veaction=edit&section=24","/wiki/File:Fuzhou_Train.JPG","//upload.wikimedia.org/wikipedia/commons/thumb/d/d0/Fuzhou_Train.JPG/220px-Fuzhou_Train.JPG","/wiki/File:Fuzhou_Train.JPG","//bits.wikimedia.org/static-1.22wmf12/skins/common/images/magnify-clip.png","/wiki/Wenzhou","#cite_note-16","/w/index.php?title=Fuzhou_Rail_Station&action=edit&redlink=1","/w/index.php?title=Strait_Rail_Station&action=edit&redlink=1","/w/index.php?title=Fuzhou&action=edit&section=25","/w/index.php?title=Fuzhou&veaction=edit&section=25","/wiki/File:Lo-nguong_Bay.jpg","//upload.wikimedia.org/wikipedia/commons/thumb/b/b7/Lo-nguong_Bay.jpg/220px-Lo-nguong_Bay.jpg","/wiki/File:Lo-nguong_Bay.jpg","//bits.wikimedia.org/static-1.22wmf12/skins/common/images/magnify-clip.png","/wiki/Foochow_Arsenal","/wiki/Shipyard","/wiki/Arsenal","/wiki/France","/wiki/Naval_academy","/wiki/Engineering","/wiki/Navigation","/wiki/Yan_Fu","/wiki/Second_Opium_War","/wiki/Confucian","/wiki/World_War_II","/wiki/Industry","/wiki/Japan","/wiki/Min_River_(Fujian)","/wiki/Nanping","/wiki/Transport_in_the_People%27s_Republic_of_China","/w/index.php?title=Luoxingta&action=edit&redlink=1","/wiki/Anchor","/w/index.php?title=Guantou&action=edit&redlink=1","/wiki/East_China_Sea","/w/index.php?title=Fuzhou&action=edit&section=26","/w/index.php?title=Fuzhou&veaction=edit&section=26","/wiki/Gross_domestic_product","#cite_note-GDP-1","/wiki/Renminbi","/wiki/File:FuzhouTaijiang.jpg","//upload.wikimedia.org/wikipedia/commons/thumb/8/8f/FuzhouTaijiang.jpg/170px-FuzhouTaijiang.jpg","/wiki/File:FuzhouTaijiang.jpg","//bits.wikimedia.org/static-1.22wmf12/skins/common/images/magnify-clip.png","/wiki/Taijiang_District","/wiki/File:Fuzhouresidentialhousing.jpg","//upload.wikimedia.org/wikipedia/commons/thumb/a/a6/Fuzhouresidentialhousing.jpg/220px-Fuzhouresidentialhousing.jpg","/wiki/File:Fuzhouresidentialhousing.jpg","//bits.wikimedia.org/static-1.22wmf12/skins/common/images/magnify-clip.png","/wiki/Gutian_County","/wiki/Hydroelectric","/wiki/Industrial_chemicals","/wiki/Food-processing","/wiki/Timber","/wiki/Open-door_policy","/wiki/Foreign_investment","/wiki/Handicrafts","/wiki/Lacquer","/wiki/GDP","/wiki/List_of_cities_in_the_People%27s_Republic_of_China_by_GDP_per_capita","#cite_note-China_Expat_City_Guide:_Dandong-17","#cite_note-China_Briefing_Business_Guide:_North_East_China-18","#cite_note-China_Briefing_Business_Guide:_North_East_China-18","#cite_note-China_Briefing_Business_Guide:_North_East_China-18","/w/index.php?title=Fuzhou&action=edit&section=27","/w/index.php?title=Fuzhou&veaction=edit&section=27","#cite_note-19","#cite_note-20","#cite_note-21","#cite_note-22","#cite_note-23","#cite_note-24","/w/index.php?title=Fuzhou&action=edit&section=28","/w/index.php?title=Fuzhou&veaction=edit&section=28","/w/index.php?title=Fuzhou&action=edit&section=29","/w/index.php?title=Fuzhou&veaction=edit&section=29","/wiki/File:Three_Lanes_and_Seven_Alleys_at_night.jpg","//upload.wikimedia.org/wikipedia/commons/thumb/7/72/Three_Lanes_and_Seven_Alleys_at_night.jpg/250px-Three_Lanes_and_Seven_Alleys_at_night.jpg","/wiki/File:Three_Lanes_and_Seven_Alleys_at_night.jpg","//bits.wikimedia.org/static-1.22wmf12/skins/common/images/magnify-clip.png","/wiki/Lin_Zexu","/w/index.php?title=Hualin_Temple&action=edit&redlink=1","/wiki/Mawei_District","/wiki/Saint_Dominic%27s_Cathedral,_Fuzhou","/w/index.php?title=Fuzhou&action=edit&section=30","/w/index.php?title=Fuzhou&veaction=edit&section=30","/w/index.php?title=Fuzhou&action=edit&section=31","/w/index.php?title=Fuzhou&veaction=edit&section=31","/wiki/File:Black_pagoda.JPG","//upload.wikimedia.org/wikipedia/commons/thumb/5/59/Black_pagoda.JPG/90px-Black_pagoda.JPG","/wiki/File:Flower_lane_church.JPG","//upload.wikimedia.org/wikipedia/commons/thumb/d/d3/Flower_lane_church.JPG/90px-Flower_lane_church.JPG","/wiki/Flower_Lane_Church","/wiki/File:Fuzhou_confucian_temple.JPG","//upload.wikimedia.org/wikipedia/commons/thumb/3/35/Fuzhou_confucian_temple.JPG/120px-Fuzhou_confucian_temple.JPG","/wiki/File:Hualinsi_2.jpg","//upload.wikimedia.org/wikipedia/commons/thumb/5/5d/Hualinsi_2.jpg/120px-Hualinsi_2.jpg","/wiki/File:Jinshan.temple.jpg","//upload.wikimedia.org/wikipedia/commons/thumb/0/0c/Jinshan.temple.jpg/120px-Jinshan.temple.jpg","/wiki/File:Majiang_1.JPG","//upload.wikimedia.org/wikipedia/commons/thumb/d/d4/Majiang_1.JPG/120px-Majiang_1.JPG","/wiki/Battle_of_Foochow","/wiki/File:Luoxing_pagoda.JPG","//upload.wikimedia.org/wikipedia/commons/thumb/6/60/Luoxing_pagoda.JPG/90px-Luoxing_pagoda.JPG","/wiki/File:Puqian_church.JPG","//upload.wikimedia.org/wikipedia/commons/thumb/b/b8/Puqian_church.JPG/90px-Puqian_church.JPG","/wiki/File:Three_lanes_%26_seven_alleys.JPG","//upload.wikimedia.org/wikipedia/commons/thumb/e/e2/Three_lanes_%26_seven_alleys.JPG/90px-Three_lanes_%26_seven_alleys.JPG","/wiki/File:White_pagoda.JPG","//upload.wikimedia.org/wikipedia/commons/thumb/4/44/White_pagoda.JPG/120px-White_pagoda.JPG","/wiki/File:Rog_pics_Oct_2007_Luo_Yuan_041.jpg","//upload.wikimedia.org/wikipedia/commons/thumb/b/bb/Rog_pics_Oct_2007_Luo_Yuan_041.jpg/120px-Rog_pics_Oct_2007_Luo_Yuan_041.jpg","/wiki/File:Zhenhai_tower.JPG","//upload.wikimedia.org/wikipedia/commons/thumb/a/a4/Zhenhai_tower.JPG/120px-Zhenhai_tower.JPG","/w/index.php?title=Fuzhou&action=edit&section=32","/w/index.php?title=Fuzhou&veaction=edit&section=32","/wiki/File:Fuzhou_Linzexu.jpg","//upload.wikimedia.org/wikipedia/commons/thumb/c/c6/Fuzhou_Linzexu.jpg/220px-Fuzhou_Linzexu.jpg","/wiki/File:Fuzhou_Linzexu.jpg","//bits.wikimedia.org/static-1.22wmf12/skins/common/images/magnify-clip.png","/wiki/Lin_Zexu","/wiki/Opium","/wiki/First_Anglo-Chinese_War","/wiki/Shen_Baozhen","/wiki/Viceroy_of_Liangjiang","/wiki/Zhan_Shi_Chai","/wiki/Chen_Baochen","/w/index.php?title=Wong_Nai-siong&action=edit&redlink=1","/wiki/Sibu","/wiki/Sarawak","/wiki/Lin_Shu","/wiki/Alexandre_Dumas,_fils","/wiki/La_Dame_aux_Cam%C3%A9lias","/wiki/Yan_Fu","/wiki/Charles_Darwin","/w/index.php?title=Sa_Zhenbin&action=edit&redlink=1","/wiki/Mongols","/wiki/Lin_Sen","/wiki/President_of_the_Republic_of_China","/wiki/Lin_Juemin","/w/index.php?title=Revolutionary_Martyrs&action=edit&redlink=1","/wiki/E.A._Coffin","/wiki/U.S._Coast_Guard","/wiki/Hou_Debang","/wiki/Chemical_engineer","//zh.wikipedia.org/wiki/%E6%9E%97%E8%AF%A6%E8%B0%A6","//zh.wikipedia.org/wiki/%E5%BB%AC%E9%9A%B1","/wiki/Zheng_Zhenduo","/wiki/Bing_Xin","/wiki/Watchman_Nee","/wiki/Lin_Huiyin","/wiki/Chen_Jingrun","/wiki/Number_theory","/wiki/Chen_Zhangliang","/wiki/Guangxi","/wiki/Wu_Qingyuan","/w/index.php?title=Fuzhou&action=edit&section=33","/w/index.php?title=Fuzhou&veaction=edit&section=33","/w/index.php?title=Fuzhou&action=edit&section=34","/w/index.php?title=Fuzhou&veaction=edit&section=34","/wiki/Fujian_Normal_University","/wiki/Fuzhou_University","/wiki/Fujian_Agriculture_and_Forestry_University","/wiki/Fujian_Medical_University","/wiki/Fujian_University_of_Traditional_Chinese_Medicine","/wiki/Minjiang_University","/wiki/Fujian_University_of_Technology","/w/index.php?title=Fuzhou&action=edit&section=35","/w/index.php?title=Fuzhou&veaction=edit&section=35","/wiki/Fuzhou_Gezhi_High_School","/wiki/Fuzhou_No.1_Middle_School","/wiki/Fuzhou_No.3_Middle_School","/w/index.php?title=Fuzhou&action=edit&section=36","/w/index.php?title=Fuzhou&veaction=edit&section=36","/wiki/List_of_twin_towns_and_sister_cities_in_China","/w/index.php?title=Fuzhou&action=edit&section=37","/w/index.php?title=Fuzhou&veaction=edit&section=37","/wiki/Town_twinning","#cite_note-25","#cite_note-FZ-26","/wiki/File:Fukushuen_Waterfall.JPG","//upload.wikimedia.org/wikipedia/commons/thumb/0/09/Fukushuen_Waterfall.JPG/220px-Fukushuen_Waterfall.JPG","/wiki/File:Fukushuen_Waterfall.JPG","//bits.wikimedia.org/static-1.22wmf12/skins/common/images/magnify-clip.png","/wiki/Naha,_Okinawa","//upload.wikimedia.org/wikipedia/en/thumb/9/9e/Flag_of_Japan.svg/23px-Flag_of_Japan.svg.png","/wiki/Japan","/wiki/Nagasaki","/wiki/Nagasaki_Prefecture","//upload.wikimedia.org/wikipedia/en/thumb/9/9e/Flag_of_Japan.svg/23px-Flag_of_Japan.svg.png","/wiki/Japan","/wiki/Naha,_Okinawa","/wiki/Okinawa_Prefecture","//upload.wikimedia.org/wikipedia/en/thumb/a/a4/Flag_of_the_United_States.svg/23px-Flag_of_the_United_States.svg.png","/wiki/United_States","/wiki/Syracuse,_New_York","/wiki/New_York","//upload.wikimedia.org/wikipedia/en/thumb/a/a4/Flag_of_the_United_States.svg/23px-Flag_of_the_United_States.svg.png","/wiki/United_States","/wiki/Tacoma,_Washington","/wiki/Washington_(U.S._state)","//upload.wikimedia.org/wikipedia/en/thumb/0/05/Flag_of_Brazil.svg/22px-Flag_of_Brazil.svg.png","/wiki/Brazil","/wiki/Campinas","/wiki/S%C3%A3o_Paulo_(state)","//upload.wikimedia.org/wikipedia/commons/thumb/a/af/Flag_of_South_Africa.svg/23px-Flag_of_South_Africa.svg.png","/wiki/South_Africa","/wiki/George,_Western_Cape","/wiki/Western_Cape","//upload.wikimedia.org/wikipedia/en/thumb/b/b9/Flag_of_Australia.svg/23px-Flag_of_Australia.svg.png","/wiki/Australia","/wiki/City_of_Shoalhaven","/wiki/New_South_Wales","//upload.wikimedia.org/wikipedia/commons/thumb/9/99/Flag_of_Guyana.svg/23px-Flag_of_Guyana.svg.png","/wiki/Guyana","/wiki/Georgetown,_Guyana","/wiki/Demerara-Mahaica","//upload.wikimedia.org/wikipedia/en/thumb/1/12/Flag_of_Poland.svg/23px-Flag_of_Poland.svg.png","/wiki/Poland","/wiki/Koszalin","/wiki/West_Pomeranian_Voivodeship","//upload.wikimedia.org/wikipedia/commons/thumb/4/49/Flag_of_Kenya.svg/23px-Flag_of_Kenya.svg.png","/wiki/Kenya","/wiki/Mombasa","/wiki/Coast_Province","/w/index.php?title=Fuzhou&action=edit&section=38","/w/index.php?title=Fuzhou&veaction=edit&section=38","#cite_note-FZ2-27","//upload.wikimedia.org/wikipedia/commons/thumb/0/09/Flag_of_South_Korea.svg/23px-Flag_of_South_Korea.svg.png","/wiki/South_Korea","/wiki/Pyeongtaek","/wiki/Gyeonggi-do","#cite_note-28","//upload.wikimedia.org/wikipedia/commons/thumb/0/09/Flag_of_South_Korea.svg/23px-Flag_of_South_Korea.svg.png","/wiki/South_Korea","/wiki/Gwangyang","/wiki/Jeollanam-do","#cite_note-29","/w/index.php?title=Fuzhou&action=edit&section=39","/w/index.php?title=Fuzhou&veaction=edit&section=39","/wiki/File:China.svg","//upload.wikimedia.org/wikipedia/commons/thumb/4/4a/China.svg/32px-China.svg.png","/wiki/Portal:China","/wiki/List_of_cities_in_the_People%27s_Republic_of_China_by_population","/w/index.php?title=Fuzhou&action=edit&section=40","/w/index.php?title=Fuzhou&veaction=edit&section=40","#cite_ref-GDP_1-0","#cite_ref-GDP_1-1","#cite_ref-GDP_1-2","#cite_ref-GDP_1-3","#cite_ref-GDP_1-4","#cite_ref-GDP_1-5","#cite_ref-GDP_1-6","http://www.fuzhou.gov.cn/tjj/njdtjsj/","#cite_ref-2","#cite_ref-Xu_3-0","#cite_ref-Xu_3-1","#cite_ref-4","/wiki/Records_of_the_Grand_Historian","#cite_ref-5","http://books.google.com/books?id=jqb7L-pKCV8C&q=ning+po+region+Sun+En#v=snippet&q=foochow%20reserved%20philippines&f=false","/wiki/International_Standard_Book_Number","/wiki/Special:BookSources/0-521-49781-7","#cite_ref-6","/wiki/Special:BookSources/9780393319897","#cite_ref-7","/wiki/Traditional_Chinese_characters","/wiki/Pinyin","/wiki/Kuomintang","/wiki/Chiang_Kai-shek","/wiki/Republic_of_China","#cite_ref-8","/wiki/Taipei","/wiki/Taiwan","#cite_ref-9","/wiki/Edward_L._Dreyer","/wiki/London","/wiki/New_York","/wiki/Longman","/wiki/International_Standard_Book_Number","/wiki/Special:BookSources/0-521480-01-9","#cite_ref-10","/wiki/Cambridge","/wiki/New_York","/wiki/Cambridge_University_Press","/wiki/International_Standard_Book_Number","/wiki/Special:BookSources/0-582051-25-8","#cite_ref-Winchester_11-0","#cite_ref-Winchester_11-1","/wiki/Simon_Winchester","/wiki/New_York","/wiki/Harper_(publisher)","/wiki/International_Standard_Book_Number","/wiki/Special:BookSources/978-0060884598","#cite_ref-12","http://web.archive.org/web/20100620070010/http://www.wesleyan.edu/east/mansfieldf/history/freeman5_buck.html","/wiki/Wesleyan_University","http://www.wesleyan.edu/east/mansfieldf/history/freeman5_buck.html","#cite_ref-13","http://www.indiana.edu/~league/1944.htm","/wiki/Indiana_University","#cite_ref-mac.gov.tw_14-0","#cite_ref-mac.gov.tw_14-1","http://www.mac.gov.tw/english/english/chronology/sce.htm","/wiki/Wikipedia:Link_rot","#cite_ref-15","http://www.mherrera.org/temp.htm","#cite_ref-16","http://www.comtexnews.com/news.aspx?headline=Fuzhou%20to%20Build%20Metro%20Line%20One&ContentID=125859573&ReturnPage=loadpublisher.aspx&pagename=SinoCast,%20LLC","#cite_ref-China_Expat_City_Guide:_Dandong_17-0","http://www.chinaexpat.com/list/88","#cite_ref-China_Briefing_Business_Guide:_North_East_China_18-0","#cite_ref-China_Briefing_Business_Guide:_North_East_China_18-1","#cite_ref-China_Briefing_Business_Guide:_North_East_China_18-2","http://shopping.china-briefing.com/index_eproduct_view.php?products_id=21","/wiki/Wikipedia:Link_rot","#cite_ref-19","http://rightsite.asia/en/industrial-zone/fuzhou-economic-technological-development-zone/","#cite_ref-20","http://rightsite.asia/en/industrial-zone/fuzhou-export-processing-zone/","#cite_ref-21","http://rightsite.asia/en/industrial-zone/fuzhou-free-trade-zone/","#cite_ref-22","http://rightsite.asia/en/industrial-zone/fuzhou-hi-tech-industrial-development-zone/","#cite_ref-23","http://rightsite.asia/en/industrial-zone/fuzhou-science-and-technology-park/","#cite_ref-24","http://rightsite.asia/en/industrial-zone/fuzhou-taiwan-merchants-development-zone/","#cite_ref-25","http://www.fuzhou.gov.cn/zfb/xxgk/zjrc/yhwl/","#cite_ref-FZ_26-0","http://www.fjfao.gov.cn/index/noDateCategory?id=51","#cite_ref-FZ2_27-0","http://www.fuzhou.gov.cn/zfb/xxgk/zjrc/yhwl/gjyhcs/200707/t20070719_13130.htm","#cite_ref-28","http://www.fuzhou.gov.cn/zfb/xxgk/zjrc/yhwl/gjyhcs/200608/t20060818_13125.htm","#cite_ref-29","http://www.fuzhou.gov.cn/zfb/xxgk/zjrc/yhwl/gjyhcs/200608/t20060818_13122.htm","/w/index.php?title=Fuzhou&action=edit&section=41","/w/index.php?title=Fuzhou&veaction=edit&section=41","http://www.wesleyan.edu/east/mansfieldf/history/freeman5_buck.html","http://www.indiana.edu/~league/1944.htm","http://politics.people.com.cn/GB/41223/15790947.html","/w/index.php?title=Fuzhou&action=edit&section=42","/w/index.php?title=Fuzhou&veaction=edit&section=42","//upload.wikimedia.org/wikipedia/en/thumb/4/4a/Commons-logo.svg/30px-Commons-logo.svg.png","//commons.wikimedia.org/wiki/Category:Fuzhou","http://www.fuzhou.gov.cn/","http://www.fjsen.com/aboutfj/fjgs.htm","//upload.wikimedia.org/wikipedia/commons/thumb/d/d8/Wikivoyage_favicon.svg/16px-Wikivoyage_favicon.svg.png","//en.wikivoyage.org/wiki/Fuzhou","http://www.lintonmaritimeart.com.au/maritime_art_pages/On_the_River_Min/history_on_the_river_min.htm","http://mag.fznews.com.cn/","http://www.lib.utexas.edu/maps/ams/china_city_plans/txu-oclc-6566073.jpg","http://www.chinacitysearch.com/fuzhou","/wiki/Template:Fujian_topics","/wiki/Template_talk:Fujian_topics","//en.wikipedia.org/w/index.php?title=Template:Fujian_topics&action=edit","/wiki/Fujian","/wiki/List_of_current_and_former_capitals_of_subnational_entities_of_China","/wiki/Category:Fujian","/wiki/Fujian#History","/wiki/Fujian#Politics","/wiki/Fujian#Economy","/wiki/Category:Geography_of_Fujian","/wiki/List_of_cities_in_the_People%27s_Republic_of_China#Fujian","/wiki/Jiulong_River","/wiki/Min_River_(Fujian)","/wiki/Wuyi_Mountains","/wiki/East_China_Sea","/wiki/South_China_Sea","/wiki/Taiwan_Strait","/wiki/Haitan_Island","/wiki/List_of_universities_and_colleges_in_Fujian","/wiki/Huaqiao_University","/wiki/Xiamen_University","/wiki/Jimei_University","/wiki/Xiamen_University_of_Technology","/wiki/Longyan_University","/wiki/Putian_University","/wiki/Fujian#Culture","/wiki/Music_of_Fujian","/wiki/Hakka_people","/wiki/Hakka_architecture","/wiki/Dog_Kung_Fu","/wiki/Fujian_tea_ceremony","/wiki/Turtle-back_tombs","/wiki/Fujian_cuisine","/wiki/Fuzhou_cuisine","/wiki/Buddha_jumps_over_the_wall","/wiki/Fujian_Tulou","/wiki/Guanghua_Temple_(Putian)","/wiki/Nanshan_Temple_(Zhangzhou)","/wiki/Matsu_(goddess)","/wiki/Kaiyuan_Temple_(Quanzhou)","//upload.wikimedia.org/wikipedia/en/thumb/4/48/Folder_Hexagonal_Icon.svg/16px-Folder_Hexagonal_Icon.svg.png","/wiki/Category:Fujian","/wiki/File:Commons-logo.svg","//upload.wikimedia.org/wikipedia/en/thumb/4/4a/Commons-logo.svg/12px-Commons-logo.svg.png","//commons.wikimedia.org/wiki/Category:Fujian","/wiki/Template:Fujian","/wiki/Template_talk:Fujian","//en.wikipedia.org/w/index.php?title=Template:Fujian&action=edit","/wiki/Fujian","/wiki/Provinces_of_the_People%27s_Republic_of_China","/wiki/List_of_administrative_divisions_of_Fujian","/wiki/List_of_current_and_former_capitals_of_subnational_entities_of_China","/wiki/Sub-provincial_city_in_the_People%27s_Republic_of_China","/wiki/Xiamen","/wiki/Siming_District","/wiki/Haicang_District","/wiki/Huli_District","/wiki/Jimei_District","/wiki/Tong%27an_District","/wiki/Xiang%27an_District","/wiki/Prefecture-level_city","/wiki/Gulou_District,_Fuzhou","/wiki/Taijiang_District","/wiki/Cangshan_District","/wiki/Mawei_District","/wiki/Jin%27an_District,_Fuzhou","/wiki/Fuqing","/wiki/Changle","/wiki/Minhou_County","/wiki/Lianjiang_County","/wiki/Luoyuan_County","/wiki/Minqing_County","/wiki/Yongtai_County","/wiki/Pingtan_County","/wiki/Nanping","/wiki/Yanping_District","/wiki/Shaowu","/wiki/Wuyishan,_Fujian","/wiki/Jian%27ou","/wiki/Jianyang,_Fujian","/wiki/Shunchang_County","/wiki/Pucheng_County,_Fujian","/wiki/Guangze_County","/wiki/Songxi_County","/wiki/Zhenghe_County","/wiki/Sanming","/wiki/Meilie_District","/wiki/Sanyuan_District","/wiki/Yong%27an","/wiki/Mingxi_County","/wiki/Qingliu_County","/wiki/Ninghua_County","/wiki/Datian_County","/wiki/Youxi_County","/wiki/Sha_County","/wiki/Jiangle_County","/wiki/Taining_County","/wiki/Jianning_County","/wiki/Putian","/wiki/Chengxiang_District","/wiki/Hanjiang_District,_Putian","/wiki/Licheng_District,_Putian","/wiki/Xiuyu_District","/wiki/Xianyou_County","/wiki/Quanzhou","/wiki/Licheng_District,_Quanzhou","/wiki/Fengze_District","/wiki/Luojiang_District","/wiki/Quangang_District","/wiki/Shishi,_Fujian","/wiki/Jinjiang,_Fujian","/wiki/Nan%27an,_Fujian","/wiki/Hui%27an_County","/wiki/Anxi_County","/wiki/Yongchun_County","/wiki/Dehua_County","/wiki/Kinmen","/wiki/Zhangzhou","/wiki/Xiangcheng_District,_Zhangzhou","/wiki/Longwen_District","/wiki/Longhai_City","/wiki/Yunxiao_County","/wiki/Zhangpu_County","/wiki/Zhao%27an_County","/wiki/Changtai_County","/wiki/Dongshan_County","/wiki/Nanjing_County","/wiki/Pinghe_County","/wiki/Hua%27an_County","/wiki/Longyan","/wiki/Xinluo_District","/wiki/Zhangping","/wiki/Changting_County","/wiki/Yongding_County","/wiki/Shanghang_County","/wiki/Wuping_County","/wiki/Liancheng_County","/wiki/Ningde","/wiki/Jiaocheng_District","/wiki/Fu%27an","/wiki/Fuding","/wiki/Shouning_County","/wiki/Xiapu_County","/wiki/Zherong_County","/wiki/Pingnan_County,_Fujian","/wiki/Gutian_County","/wiki/Zhouning_County","/wiki/Template:Metropolitan_cities_of_the_People%27s_Republic_of_China","/wiki/Template_talk:Metropolitan_cities_of_the_People%27s_Republic_of_China","//en.wikipedia.org/w/index.php?title=Template:Metropolitan_cities_of_the_People%27s_Republic_of_China&action=edit","/wiki/List_of_cities_in_the_People%27s_Republic_of_China_by_population","/wiki/Direct-controlled_municipality_of_the_People%27s_Republic_of_China","/wiki/National_Central_City","/wiki/Beijing","/wiki/Chongqing","/wiki/Guangzhou","/wiki/Shanghai","/wiki/Tianjin","/wiki/National_Central_City","/wiki/Chengdu","/wiki/Nanjing","/wiki/Shenyang","/wiki/Shenzhen","/wiki/Wuhan","/wiki/Xi%27an","/wiki/Special_Administrative_Region_of_the_People%27s_Republic_of_China","/wiki/Hong_Kong","/wiki/Macau","/wiki/Sub-provincial_city_in_the_People%27s_Republic_of_China","/wiki/Changchun","/wiki/Hangzhou","/wiki/Harbin","/wiki/Jinan","/wiki/Dalian","/wiki/Ningbo","/wiki/Qingdao","/wiki/Xiamen","/wiki/Changsha","/wiki/Guiyang","/wiki/Haikou","/wiki/Hefei","/wiki/Kunming","/wiki/Lanzhou","/wiki/Nanchang","/wiki/Shijiazhuang","/wiki/Taiyuan","/wiki/Xining","/wiki/Zhengzhou","/wiki/Hohhot","/wiki/Lhasa","/wiki/Nanning","/wiki/%C3%9Cr%C3%BCmqi","/wiki/Yinchuan","/wiki/Anshan","/wiki/Baotou","/wiki/Benxi","/wiki/Datong","/wiki/Fushun","/wiki/Handan","/wiki/Huainan","/wiki/Jilin_City","/wiki/Luoyang","/wiki/Qiqihar","/wiki/Suzhou","/wiki/Tangshan","/wiki/Wuxi","/wiki/Xuzhou","/wiki/Zibo","/wiki/Special_Economic_Zones_of_the_People%27s_Republic_of_China","/wiki/Kashgar","/wiki/Shantou","/wiki/Zhuhai","/wiki/Danzhou","/wiki/Dongfang,_Hainan","/wiki/Qionghai","/wiki/Sansha","/wiki/Sanya","/wiki/Wanning","/wiki/Wenchang","/wiki/Wuzhishan_City","/wiki/Special_Economic_Zones_of_the_People%27s_Republic_of_China","/wiki/Beihai","/wiki/Lianyungang","/wiki/Nantong","/wiki/Qinhuangdao","/wiki/Wenzhou","/wiki/Yantai","/wiki/Zhanjiang","/wiki/Xinjiang_Production_and_Construction_Corps","/wiki/Aral,_Xinjiang","/wiki/Beitun,_Xinjiang","/wiki/Shihezi","/wiki/Tumxuk","/wiki/Wujiaqu","/wiki/Template:New_Area","/wiki/Pudong","/wiki/Binhai_New_Area","/wiki/Liangjiang_New_Area","/wiki/Nansha_New_Area","/wiki/Zhoushan_Archipelago_New_Area","/wiki/Lanzhou_New_Area","/wiki/Template:Most_populous_cities_in_the_People%27s_Republic_of_China","/wiki/Template_talk:Most_populous_cities_in_the_People%27s_Republic_of_China","//en.wikipedia.org/w/index.php?title=Template:Most_populous_cities_in_the_People%27s_Republic_of_China&action=edit","/wiki/List_of_cities_in_China_by_population","/wiki/China","/wiki/Shanghai","/wiki/Beijing","/wiki/Chongqing","/wiki/Guangzhou","/wiki/Hong_Kong","/wiki/Wuhan","/wiki/Tianjin","/wiki/Shantou","/wiki/Nanjing","/wiki/Chengdu","/wiki/Shenyang","/wiki/Foshan","/wiki/Jinan","/wiki/Xi%27an","/wiki/Harbin","/wiki/Hangzhou","/wiki/Qingdao","/wiki/Dalian","/wiki/Shenzhen","/wiki/Changchun","/wiki/Shijiazhuang","/wiki/Suzhou","/wiki/Taiyuan","/wiki/Wuxi","/wiki/Zhengzhou","/wiki/Xuzhou","/wiki/Template:Provincial_capitals_of_China","/wiki/Template_talk:Provincial_capitals_of_China","//en.wikipedia.org/w/index.php?title=Template:Provincial_capitals_of_China&action=edit","/wiki/List_of_capitals_in_the_People%27s_Republic_of_China","/wiki/People%27s_Republic_of_China","/wiki/Changchun","/wiki/Jilin","/wiki/Changsha","/wiki/Hunan","/wiki/Chengdu","/wiki/Sichuan","/wiki/Fujian","/wiki/Guangzhou","/wiki/Guangdong","/wiki/Guiyang","/wiki/Guizhou","/wiki/Haikou","/wiki/Hainan","/wiki/Hangzhou","/wiki/Zhejiang","/wiki/Harbin","/wiki/Heilongjiang","/wiki/Hefei","/wiki/Anhui","/wiki/Hohhot","/wiki/Inner_Mongolia","/wiki/Jinan","/wiki/Shandong","/wiki/Kunming","/wiki/Yunnan","/wiki/Lanzhou","/wiki/Gansu","/wiki/Lhasa","/wiki/Tibet_Autonomous_Region","/wiki/Nanchang","/wiki/Jiangxi","/wiki/Nanjing","/wiki/Jiangsu","/wiki/Nanning","/wiki/Guangxi","/wiki/Shenyang","/wiki/Liaoning","/wiki/Shijiazhuang","/wiki/Hebei","/wiki/Taiyuan","/wiki/Shanxi","/wiki/%C3%9Cr%C3%BCmqi","/wiki/Xinjiang","/wiki/Wuhan","/wiki/Hubei","/wiki/Xi%27an","/wiki/Shaanxi","/wiki/Xining","/wiki/Qinghai","/wiki/Yinchuan","/wiki/Ningxia","/wiki/Zhengzhou","/wiki/Henan","/wiki/China","//upload.wikimedia.org/wikipedia/commons/thumb/f/fa/Flag_of_the_People%27s_Republic_of_China.svg/60px-Flag_of_the_People%27s_Republic_of_China.svg.png","//en.wikipedia.org/w/index.php?title=Special:CentralAutoLogin/start&type=1x1&from=enwiki","http://en.wikipedia.org/w/index.php?title=Fuzhou&oldid=566373296","/wiki/Help:Category","/wiki/Category:Fuzhou","/wiki/Category:Cities_in_Fujian","/wiki/Category:Prefecture-level_divisions_of_Fujian","/wiki/Category:Provincial_capitals_in_China","/wiki/Category:Treaty_of_Nanking","/wiki/Category:Articles_containing_simplified_Chinese-language_text","/wiki/Category:Articles_containing_Chinese-language_text","/wiki/Category:Articles_containing_traditional_Chinese-language_text","/wiki/Category:All_articles_with_dead_external_links","/wiki/Category:Articles_with_dead_external_links_from_April_2012","/wiki/Category:Articles_with_dead_external_links_from_September_2010","/wiki/Category:Articles_needing_additional_references_from_May_2013","/wiki/Category:All_articles_needing_additional_references","/wiki/Category:Articles_with_hAudio_microformats","/wiki/Category:Articles_to_be_expanded_from_May_2013","/wiki/Category:All_articles_to_be_expanded","/wiki/Category:Commons_category_with_local_link_same_as_on_Wikidata","/w/index.php?title=Special:UserLogin&returnto=Fuzhou&type=signup","/w/index.php?title=Special:UserLogin&returnto=Fuzhou","/wiki/Fuzhou","/wiki/Talk:Fuzhou","#","/wiki/Fuzhou","/w/index.php?title=Fuzhou&action=edit","/w/index.php?title=Fuzhou&veaction=edit","/w/index.php?title=Fuzhou&action=history","#","/w/index.php","//bits.wikimedia.org/static-1.22wmf12/skins/vector/images/search-ltr.png?303-4","/wiki/Main_Page","/wiki/Main_Page","/wiki/Portal:Contents","/wiki/Portal:Featured_content","/wiki/Portal:Current_events","/wiki/Special:Random","https://donate.wikimedia.org/wiki/Special:FundraiserRedirector?utm_source=donate&utm_medium=sidebar&utm_campaign=C13_en.wikipedia.org&uselang=en","/wiki/Help:Contents","/wiki/Wikipedia:About","/wiki/Wikipedia:Community_portal","/wiki/Special:RecentChanges","//en.wikipedia.org/wiki/Wikipedia:Contact_us","/wiki/Special:WhatLinksHere/Fuzhou","/wiki/Special:RecentChangesLinked/Fuzhou","/wiki/Wikipedia:File_Upload_Wizard","/wiki/Special:SpecialPages","/w/index.php?title=Fuzhou&oldid=566373296","/w/index.php?title=Fuzhou&action=info","//www.wikidata.org/wiki/Q68481","/w/index.php?title=Special:Cite&page=Fuzhou&id=566373296","/w/index.php?title=Special:Book&bookcmd=book_creator&referer=Fuzhou","/w/index.php?title=Special:Book&bookcmd=render_article&arttitle=Fuzhou&oldid=566373296&writer=rl","/w/index.php?title=Fuzhou&printable=yes","//ace.wikipedia.org/wiki/Fuzhou","//af.wikipedia.org/wiki/Futsjou","//als.wikipedia.org/wiki/Fuzhou","//ar.wikipedia.org/wiki/%D9%81%D9%88%D8%B2%D9%87%D9%88","//zh-min-nan.wikipedia.org/wiki/Hok-chiu-chh%C4%AB","//bg.wikipedia.org/wiki/%D0%A4%D1%83%D0%B4%D0%B6%D0%BE%D1%83","//ca.wikipedia.org/wiki/Fuzhou","//cs.wikipedia.org/wiki/Fu-%C4%8Dou","//da.wikipedia.org/wiki/Fuzhou","//de.wikipedia.org/wiki/Fuzhou","//es.wikipedia.org/wiki/Fuzhou","//eo.wikipedia.org/wiki/Fu%C4%9Do%C5%ADo","//eu.wikipedia.org/wiki/Fuzhou","//fa.wikipedia.org/wiki/%D9%81%D9%88%DA%98%D9%88","//fr.wikipedia.org/wiki/Fuzhou","//gl.wikipedia.org/wiki/Fuzhou","//hak.wikipedia.org/wiki/Fuk-chiu-s%E1%B9%B3","//ko.wikipedia.org/wiki/%ED%91%B8%EC%A0%80%EC%9A%B0_%EC%8B%9C","//hi.wikipedia.org/wiki/%E0%A4%AB%E0%A4%BC%E0%A5%82%E0%A4%9D%E0%A5%8B%E0%A4%89","//id.wikipedia.org/wiki/Fuzhou","//it.wikipedia.org/wiki/Fuzhou","//pam.wikipedia.org/wiki/Fuzhou","//sw.wikipedia.org/wiki/Fuzhou","//lt.wikipedia.org/wiki/Fud%C5%BEou","//mg.wikipedia.org/wiki/Fuzhou","//cdo.wikipedia.org/wiki/H%C3%B3k-ci%C5%AD","//my.wikipedia.org/wiki/%E1%80%96%E1%80%B0%E1%80%80%E1%80%BB%E1%80%AD%E1%80%AF%E1%80%B8%E1%80%99%E1%80%BC%E1%80%AD%E1%80%AF%E1%80%B7","//nl.wikipedia.org/wiki/Fuzhou_(Fujian)","//ja.wikipedia.org/wiki/%E7%A6%8F%E5%B7%9E%E5%B8%82","//no.wikipedia.org/wiki/Fuzhou","//nn.wikipedia.org/wiki/Fuzhou","//pa.wikipedia.org/wiki/%E0%A8%AB%E0%A8%BC%E0%A9%82%E0%A8%9C%E0%A8%BC%E0%A9%82","//pnb.wikipedia.org/wiki/%D9%81%D9%88%DA%98%D9%88","//pl.wikipedia.org/wiki/Fuzhou","//pt.wikipedia.org/wiki/Fucheu","//qu.wikipedia.org/wiki/Fuzhou","//ru.wikipedia.org/wiki/%D0%A4%D1%83%D1%87%D0%B6%D0%BE%D1%83","//sco.wikipedia.org/wiki/Fuzhou","//sr.wikipedia.org/wiki/%D0%A4%D1%83%D1%9F%D0%BE%D1%83","//sh.wikipedia.org/wiki/Fuzhou","//fi.wikipedia.org/wiki/Fuzhou","//sv.wikipedia.org/wiki/Fuzhou","//tl.wikipedia.org/wiki/Fuzhou","//uk.wikipedia.org/wiki/%D0%A4%D1%83%D1%87%D0%B6%D0%BE%D1%83","//ug.wikipedia.org/wiki/%D9%81%DB%87%D8%AC%D9%88_%D8%B4%DB%95%DA%BE%D9%89%D8%B1%D9%89","//vi.wikipedia.org/wiki/Ph%C3%BAc_Ch%C3%A2u","//zh-classical.wikipedia.org/wiki/%E7%A6%8F%E5%B7%9E%E5%B8%82","//war.wikipedia.org/wiki/Fuzhou","//zh-yue.wikipedia.org/wiki/%E7%A6%8F%E5%B7%9E","//zh.wikipedia.org/wiki/%E7%A6%8F%E5%B7%9E%E5%B8%82","#","//www.wikidata.org/wiki/Q68481#sitelinks-wikipedia","//en.wikipedia.org/wiki/Wikipedia:Text_of_Creative_Commons_Attribution-ShareAlike_3.0_Unported_License","//creativecommons.org/licenses/by-sa/3.0/","//wikimediafoundation.org/wiki/Terms_of_Use","//wikimediafoundation.org/wiki/Privacy_policy","//www.wikimediafoundation.org/","//wikimediafoundation.org/wiki/Privacy_policy","/wiki/Wikipedia:About","/wiki/Wikipedia:General_disclaimer","//en.wikipedia.org/wiki/Wikipedia:Contact_us","//en.m.wikipedia.org/wiki/Fuzhou","//wikimediafoundation.org/","//bits.wikimedia.org/images/wikimedia-button.png","//www.mediawiki.org/","//bits.wikimedia.org/static-1.22wmf12/skins/common/images/poweredby_mediawiki_88x31.png","//bits.wikimedia.org/en.wikipedia.org/load.php?debug=false&lang=en&modules=site&only=scripts&skin=vector&*"],"instances":["china","food","state","state","poetry","tang_dynasty","goddess","fujian","ten_kingdoms","linguistics","goddess","1949","china","fuzhou"],"pdf":[],"categories":["Fuzhou","Cities in Fujian","Prefecture-level divisions of Fujian","Provincial capitals in China","Treaty of Nanking|Foochow"],"headings":["Etymology and names","History","Geography","Administrative divisions","Culture","Transportation","Economy","Tourist attractions","Notable people","Education","International relations","See also","References","External links"],"image":["//upload.wikimedia.org/wikipedia/en/thumb/9/99/Question_book-new.svg/50px-Question_book-new.svg.png","//upload.wikimedia.org/wikipedia/commons/thumb/4/4e/Hokchew.JPG/250px-Hokchew.JPG","//upload.wikimedia.org/wikipedia/commons/thumb/5/50/ChinaFujianFuzhou.png/250px-ChinaFujianFuzhou.png","//upload.wikimedia.org/wikipedia/commons/thumb/a/ab/China_edcp_location_map.svg/250px-China_edcp_location_map.svg.png","//upload.wikimedia.org/wikipedia/en/thumb/0/0c/Red_pog.svg/6px-Red_pog.svg.png","//upload.wikimedia.org/wikipedia/commons/thumb/b/b0/Increase2.svg/11px-Increase2.svg.png","//upload.wikimedia.org/wikipedia/commons/thumb/8/8a/Loudspeaker.svg/11px-Loudspeaker.svg.png","//upload.wikimedia.org/wikipedia/commons/thumb/8/8a/Loudspeaker.svg/11px-Loudspeaker.svg.png","//upload.wikimedia.org/wikipedia/commons/thumb/0/0c/Zh-fuzhou.jpg/170px-Zh-fuzhou.jpg","//bits.wikimedia.org/static-1.22wmf12/skins/common/images/magnify-clip.png","//upload.wikimedia.org/wikipedia/commons/thumb/3/3d/City_of_fuhchau.JPG/200px-City_of_fuhchau.JPG","//upload.wikimedia.org/wikipedia/commons/thumb/5/54/View_of_southern_suburbs_of_fuhchau.JPG/200px-View_of_southern_suburbs_of_fuhchau.JPG","//upload.wikimedia.org/wikipedia/commons/thumb/8/8f/Fuh-chow.jpg/200px-Fuh-chow.jpg","//upload.wikimedia.org/wikipedia/commons/thumb/4/40/Zhongzhou_island.jpg/200px-Zhongzhou_island.jpg","//upload.wikimedia.org/wikipedia/commons/thumb/4/40/Bridge_of_cloudy_hills.JPG/200px-Bridge_of_cloudy_hills.JPG","//upload.wikimedia.org/wikipedia/commons/thumb/c/c5/Scenery_of_min.JPG/200px-Scenery_of_min.JPG","//upload.wikimedia.org/wikipedia/commons/thumb/f/fe/Fuh-chow_and_river_min.jpg/200px-Fuh-chow_and_river_min.jpg","//upload.wikimedia.org/wikipedia/commons/thumb/0/00/Fuh-chow_from_black-stone_hill.jpg/200px-Fuh-chow_from_black-stone_hill.jpg","//upload.wikimedia.org/wikipedia/commons/thumb/4/48/St_johns_church_1880_1.jpeg/200px-St_johns_church_1880_1.jpeg","//upload.wikimedia.org/wikipedia/commons/thumb/d/d8/1800s_painting_France_Qing_naval_battle_Fuzhou.jpg/200px-1800s_painting_France_Qing_naval_battle_Fuzhou.jpg","//upload.wikimedia.org/wikipedia/commons/thumb/1/1c/Wiki_letter_w_cropped.svg/20px-Wiki_letter_w_cropped.svg.png","//upload.wikimedia.org/wikipedia/commons/thumb/d/dd/Subdivisions_of_Fuzhou-China.png/400px-Subdivisions_of_Fuzhou-China.png","//upload.wikimedia.org/wikipedia/commons/thumb/a/a1/Banyan_King%2C_Fuzhou.JPG/220px-Banyan_King%2C_Fuzhou.JPG","//bits.wikimedia.org/static-1.22wmf12/skins/common/images/magnify-clip.png","//upload.wikimedia.org/wikipedia/commons/thumb/4/44/Litchi_Pork.jpg/220px-Litchi_Pork.jpg","//bits.wikimedia.org/static-1.22wmf12/skins/common/images/magnify-clip.png","//upload.wikimedia.org/wikipedia/en/9/9d/Fuzhouseal.jpg","//bits.wikimedia.org/static-1.22wmf12/skins/common/images/magnify-clip.png","//upload.wikimedia.org/wikipedia/commons/thumb/d/d0/Fuzhou_Train.JPG/220px-Fuzhou_Train.JPG","//bits.wikimedia.org/static-1.22wmf12/skins/common/images/magnify-clip.png","//upload.wikimedia.org/wikipedia/commons/thumb/b/b7/Lo-nguong_Bay.jpg/220px-Lo-nguong_Bay.jpg","//bits.wikimedia.org/static-1.22wmf12/skins/common/images/magnify-clip.png","//upload.wikimedia.org/wikipedia/commons/thumb/8/8f/FuzhouTaijiang.jpg/170px-FuzhouTaijiang.jpg","//bits.wikimedia.org/static-1.22wmf12/skins/common/images/magnify-clip.png","//upload.wikimedia.org/wikipedia/commons/thumb/a/a6/Fuzhouresidentialhousing.jpg/220px-Fuzhouresidentialhousing.jpg","//bits.wikimedia.org/static-1.22wmf12/skins/common/images/magnify-clip.png","//upload.wikimedia.org/wikipedia/commons/thumb/7/72/Three_Lanes_and_Seven_Alleys_at_night.jpg/250px-Three_Lanes_and_Seven_Alleys_at_night.jpg","//bits.wikimedia.org/static-1.22wmf12/skins/common/images/magnify-clip.png","//upload.wikimedia.org/wikipedia/commons/thumb/5/59/Black_pagoda.JPG/90px-Black_pagoda.JPG","//upload.wikimedia.org/wikipedia/commons/thumb/d/d3/Flower_lane_church.JPG/90px-Flower_lane_church.JPG","//upload.wikimedia.org/wikipedia/commons/thumb/3/35/Fuzhou_confucian_temple.JPG/120px-Fuzhou_confucian_temple.JPG","//upload.wikimedia.org/wikipedia/commons/thumb/5/5d/Hualinsi_2.jpg/120px-Hualinsi_2.jpg","//upload.wikimedia.org/wikipedia/commons/thumb/0/0c/Jinshan.temple.jpg/120px-Jinshan.temple.jpg","//upload.wikimedia.org/wikipedia/commons/thumb/d/d4/Majiang_1.JPG/120px-Majiang_1.JPG","//upload.wikimedia.org/wikipedia/commons/thumb/6/60/Luoxing_pagoda.JPG/90px-Luoxing_pagoda.JPG","//upload.wikimedia.org/wikipedia/commons/thumb/b/b8/Puqian_church.JPG/90px-Puqian_church.JPG","//upload.wikimedia.org/wikipedia/commons/thumb/e/e2/Three_lanes_%26_seven_alleys.JPG/90px-Three_lanes_%26_seven_alleys.JPG","//upload.wikimedia.org/wikipedia/commons/thumb/4/44/White_pagoda.JPG/120px-White_pagoda.JPG","//upload.wikimedia.org/wikipedia/commons/thumb/b/bb/Rog_pics_Oct_2007_Luo_Yuan_041.jpg/120px-Rog_pics_Oct_2007_Luo_Yuan_041.jpg","//upload.wikimedia.org/wikipedia/commons/thumb/a/a4/Zhenhai_tower.JPG/120px-Zhenhai_tower.JPG","//upload.wikimedia.org/wikipedia/commons/thumb/c/c6/Fuzhou_Linzexu.jpg/220px-Fuzhou_Linzexu.jpg","//bits.wikimedia.org/static-1.22wmf12/skins/common/images/magnify-clip.png","//upload.wikimedia.org/wikipedia/commons/thumb/0/09/Fukushuen_Waterfall.JPG/220px-Fukushuen_Waterfall.JPG","//bits.wikimedia.org/static-1.22wmf12/skins/common/images/magnify-clip.png","//upload.wikimedia.org/wikipedia/en/thumb/9/9e/Flag_of_Japan.svg/23px-Flag_of_Japan.svg.png","//upload.wikimedia.org/wikipedia/en/thumb/9/9e/Flag_of_Japan.svg/23px-Flag_of_Japan.svg.png","//upload.wikimedia.org/wikipedia/en/thumb/a/a4/Flag_of_the_United_States.svg/23px-Flag_of_the_United_States.svg.png","//upload.wikimedia.org/wikipedia/en/thumb/a/a4/Flag_of_the_United_States.svg/23px-Flag_of_the_United_States.svg.png","//upload.wikimedia.org/wikipedia/en/thumb/0/05/Flag_of_Brazil.svg/22px-Flag_of_Brazil.svg.png","//upload.wikimedia.org/wikipedia/commons/thumb/a/af/Flag_of_South_Africa.svg/23px-Flag_of_South_Africa.svg.png","//upload.wikimedia.org/wikipedia/en/thumb/b/b9/Flag_of_Australia.svg/23px-Flag_of_Australia.svg.png","//upload.wikimedia.org/wikipedia/commons/thumb/9/99/Flag_of_Guyana.svg/23px-Flag_of_Guyana.svg.png","//upload.wikimedia.org/wikipedia/en/thumb/1/12/Flag_of_Poland.svg/23px-Flag_of_Poland.svg.png","//upload.wikimedia.org/wikipedia/commons/thumb/4/49/Flag_of_Kenya.svg/23px-Flag_of_Kenya.svg.png","//upload.wikimedia.org/wikipedia/commons/thumb/0/09/Flag_of_South_Korea.svg/23px-Flag_of_South_Korea.svg.png","//upload.wikimedia.org/wikipedia/commons/thumb/0/09/Flag_of_South_Korea.svg/23px-Flag_of_South_Korea.svg.png","//upload.wikimedia.org/wikipedia/commons/thumb/4/4a/China.svg/32px-China.svg.png","//upload.wikimedia.org/wikipedia/en/thumb/4/4a/Commons-logo.svg/30px-Commons-logo.svg.png","//upload.wikimedia.org/wikipedia/commons/thumb/d/d8/Wikivoyage_favicon.svg/16px-Wikivoyage_favicon.svg.png","//upload.wikimedia.org/wikipedia/en/thumb/4/48/Folder_Hexagonal_Icon.svg/16px-Folder_Hexagonal_Icon.svg.png","//upload.wikimedia.org/wikipedia/en/thumb/4/4a/Commons-logo.svg/12px-Commons-logo.svg.png","//upload.wikimedia.org/wikipedia/commons/thumb/f/fa/Flag_of_the_People%27s_Republic_of_China.svg/60px-Flag_of_the_People%27s_Republic_of_China.svg.png","//en.wikipedia.org/w/index.php?title=Special:CentralAutoLogin/start&type=1x1&from=enwiki","//bits.wikimedia.org/static-1.22wmf12/skins/vector/images/search-ltr.png?303-4","//bits.wikimedia.org/images/wikimedia-button.png","//bits.wikimedia.org/static-1.22wmf12/skins/common/images/poweredby_mediawiki_88x31.png"],"tags":[["license_plate","china"],["min_river","fujian"],["yue","state"],["chu","state"],["jin_dynasty","265420"],["central_plain","china"],["wang_chao","tang_dynasty"],["min","ten_kingdoms"],["ci","poetry"],["transcription","linguistics"],["matsu","goddess"],["chinese_revolution","1949"],["min_river","fujian"],["st._john's_church","fuzhou"],["county","people's_republic_of_china"],["mazu","goddess"],["tangyuan","food"],["min_river","fujian"]],"members":["central_plain","tangyuan","chu","yue","ci","wang_chao","matsu","min_river","min","transcription","mazu","chinese_revolution","license_plate","county","jin_dynasty"],"related":["Prefecture-level_city","People's_Republic_of_China","Provinces_of_the_People's_Republic_of_China","Fujian","Administrative_divisions_of_the_People's_Republic_of_China","Party_chief_of_the_Communist_Party_of_China","List_of_China_administrative_regions_by_area","Rural_area","China_Standard_Time","Postal_code_of_China","Telephone_numbers_in_China","Gross_domestic_product","Renminbi","United_States_dollar","License_Plate_(China)","Spoken_Chinese","Fuzhou_dialect","Eastern_Min_Language","Chinese_arborvitae","Styphnolobium","Chrysanthemum","Rose","Cantonese","Fuzhou_dialect","Prefecture-level_city","Fujian_Province","People's_Republic_of_China","Ningde","Mindong","Min_River_(Fujian)","Gutian_County","Putian","Quanzhou","Sanming","Nanping","Yuanhe_Maps_and_Records_of_Prefectures_and_Counties","Warring_States_period","Han_Chinese","Qin_Dynasty","Neolithic","Warring_States_period","Han_Chinese","Yue_peoples","Yue_(state)","Zhejiang_Province","Chu_(state)","Han_Dynasty","Sima_Qian","Wuyishan_City","Qin_Shi_Huang","Han_Dynasty","Emperor_Gaozu_of_Han","Nanyue","Old_Chinese","Emperor_Wu_of_Han","Han_campaigns_against_Minyue","Jiangnan","Three_Kingdoms_Period","Eastern_Wu","Yangtze_River","Jin_Dynasty_(265420)","War_of_the_Eight_Princes","Central_Plain_(China)","Sui_Dynasty","Tang_Dynasty","Huang_Chao","Wang_Chao_(Tang_Dynasty)","Min_(Ten_Kingdoms)","Song_Dynasty","Buddhism","Guangzhou","Emperor_Taizong_of_Song","Song_Dynasty","Southern_Song_Dynasty","Zhu_Xi","Confucius","Xin_Qiji","Ci_(poetry)","Marco_Polo","Kubilai","Transcription_(linguistics)","Italian_language","Min_Chinese","Mandarin_Chinese","Ming_Dynasty","Zheng_He","Indian_Ocean","Africa","Stele","Matsu_(goddess)","Seaport","Philippine","Quanzhou","Galeote_Pereira","Macau","Jesuit","Goa","Lin_Zexu","Guangzhou","East_India_Company","Xinjiang","Russia","Treaty_of_Nanjing","First_Opium_War","Treaty_ports","Protestant","ABCFM","Methodist_Episcopal_Missionary_Society","M._C._White","Judson_Dwight_Collins","Church_Missionary_Society","Chinese_Revolution_(1949)","Battle_of_Fuzhou","Fujian_Fleet","Methodist_Episcopal_Church","Min_River_(Fujian)","St._John's_Church_(Fuzhou)","Battle_of_Fuzhou","Qing_Dynasty","Eugene_Chen","National_Revolutionary_Army","Fujian_People's_Government","Kuomintang","Chiang_Kai-shek","Republic_of_China","Chiang_Kai-shek","Soviet_Republic_of_China","Second_Sino-Japanese_War","Japan","Wilfred_Burchett","Joseph_Needham","Simon_Winchester","Murray_MacLehose","Operation_Ichi-Go","Japan","Textile","Typhoon_Longwang","Military_school","Paramilitary","Humid_subtropical_climate","County-level_city","District_of_China","County-level_city","County_(People's_Republic_of_China)","Chinese_characters","Foochow_Romanized","Gulou_District,_Fuzhou","Taijiang_District","Cangshan_District","Mawei_District","Jin'an_District,_Fuzhou","Minhou_County","Lianjiang_County","Luoyuan_County","Minqing_County","Yongtai_County","Pingtan_County","Changle_City","Fuqing_City","Mandarin_Chinese","Fuzhou_people","Fuzhou_dialect","Min_Dong","Min_opera","Operas","Fujian","Taiwan","Malay_Archipelago","Mahayana_Buddhism","Taoism","Monkey_King","Ming_dynasty","Lady_Linshui","Mazu_(goddess)","Fuzhou_cuisine","Fujian_cuisine","Umami_taste","Tangyuan_(food)","Zongzi","Paper_umbrella","Fuzhou_Changle_International_Airport","Fuzhou_Yixu_Airport","People's_Liberation_Army","Wenzhou","Fuzhou_Rail_Station","Strait_Rail_Station","Foochow_Arsenal","Shipyard","Arsenal","France","Naval_academy","Engineering","Navigation","Yan_Fu","Second_Opium_War","Confucian","World_War_II","Industry","Japan","Min_River_(Fujian)","Nanping","Transport_in_the_People's_Republic_of_China","Luoxingta","Anchor","Guantou","East_China_Sea","Renminbi","Gutian_County","Hydroelectric","Industrial_chemicals","Food-processing","Timber","Open-door_policy","Foreign_investment","Handicrafts","Lacquer","GDP","List_of_cities_in_the_People's_Republic_of_China_by_GDP_per_capita","Lin_Zexu","Hualin_Temple","Mawei_District","Saint_Dominic's_Cathedral,_Fuzhou","Flower_Lane_Church","Battle_of_Foochow","Lin_Zexu","Opium","First_Anglo-Chinese_War","Shen_Baozhen","Viceroy_of_Liangjiang","Zhan_Shi_Chai","Chen_Baochen","Wong_Nai-siong","Sibu","Sarawak","Lin_Shu","Alexandre_Dumas,_fils","Yan_Fu","Charles_Darwin","Sa_Zhenbin","Mongols","Lin_Sen","President_of_the_Republic_of_China","Lin_Juemin","Revolutionary_Martyrs","E.A._Coffin","U.S._Coast_Guard","Hou_Debang","Chemical_engineer","Zheng_Zhenduo","Bing_Xin","Watchman_Nee","Lin_Huiyin","Chen_Jingrun","Number_theory","Chen_Zhangliang","Guangxi","Wu_Qingyuan","Fujian_Normal_University","Fuzhou_University","Fujian_Agriculture_and_Forestry_University","Fujian_Medical_University","Fujian_University_of_Traditional_Chinese_Medicine","Minjiang_University","Fujian_University_of_Technology","Fuzhou_Gezhi_High_School","Fuzhou_No.1_Middle_School","Fuzhou_No.3_Middle_School","Town_twinning","List_of_cities_in_the_People's_Republic_of_China_by_population"]}