{"cursor":"47407","size":15,"audio":[],"currentlang":"en","article":"\n{{Infobox settlement |official_name = Manchester, New Hampshire |settlement_type\n= City |nickname = Queen City, Manch Vegas |motto = |image_skyline = Manch-\nDownTown.jpg |image_caption = Elm Street |image_seal = Manchester City Seal.png\n|imagesize = |image_caption = View of portion of downtown from Hampshire Plaza,\nlooking south along Elm Street, featuring 20-story City Hall Plaza on right\n|image_flag = |image_map = Hillsborough-Manchester-NH.png |mapsize = 250px\n|map_caption = Location in Hillsborough County, New Hampshire |image_map1 =\n|mapsize1 = |map_caption1 = |coordinates_display = inline,title\n|coordinates_region = US-NH |subdivision_type = Country |subdivision_name =\nUnited States |subdivision_type1 = State |subdivision_name1 = New Hampshire\n|subdivision_type2 = County |subdivision_name2 = Hillsborough |government_type =\n|leader_title = Mayor |leader_name = Ted Gatsas (R) |leader_title1 = Aldermen\n|leader_name1 = Joyce Craig Ron Ludwig Patrick Long Jim Roy Ed\nOsborne Garth Corriveau William P. Shea Thomas Katsiantonis Barbara\nE. Shaw Phil Greazzo Normand Gamache Patrick Arnold Joseph Kelly\nLevasseur Daniel P. O'Neil |established_title = Incorporated\n|established_date = 1751 |area_magnitude = 1 E8 |area_total_km2 = 90.4\n|area_total_sq_mi = 34.9 |area_land_km2 = 85.5 |area_land_sq_mi = 33.0\n|area_water_km2 = 4.9 |area_water_sq_mi = 1.9 |area_water_percent = 5.44\n|population_as_of = 2012 |population_footnotes = United\nStates Census Bureau, [http://factfinder2.census.gov/main.html American\nFactFinder], 2010 Census figures. Retrieved March 23, 2011. |population_total = 110,209 (US: 241th)\n|population_urban = 158,377 (US: 209th) |population_metro = 402,922 (US: 131th)\n|population_density_km2 = 1281.5 |population_density_sq_mi = 3320.2 |timezone =\nEastern |utc_offset = -5 |timezone_DST = Eastern |utc_offset_DST = -4\n|postal_code_type = Zip code |postal_code = 03101-03111 (03110 assigned to\nsuburb Bedford) |area_code = 603 |latd = 42 |latm = 59 |lats = 27 |latNS = N\n|longd = 71 |longm = 27 |longs = 49 |longEW = W |elevation_m = 64 |elevation_ft\n= 210 |website = |blank_name = FIPS code |blank_info = 33-45140 |blank1_name =\nGNIS feature ID |blank1_info = 0868243 |footnotes = }} 'Manchester' is the\nlargest city in the U.S. state of New Hampshire, the tenth largest city in New\nEngland, and the largest city in northern New England, an area comprising the\nstates of Maine, New Hampshire, and Vermont. It is in Hillsborough County along\nthe banks of the Merrimack River, which divides the city into eastern and\nwestern sections. Manchester is near the northern end of the Northeast\nmegalopolis. As of the 2010 census, the city had a population of 109,565.\n\nIn 2009, CNNMoney.com rated Manchester 13th in a list of the 100 best cities to\nlive and launch a business in the United States. [h-\nttp://mutualfunds.info/2008/03/18/smbusiness/manchester_new_hampshire.fsb/index-\n.htm From textiles to high-tech: No. 13, Manchester, N.H. - Mar. 26, 2008].\nMutualfunds.info (2008-03-26). Retrieved on 2013-08-02. In addition,\nKiplinger voted Manchester the second most tax-friendly city in the United\nStates, second only to Anchorage, Alaska. Also\nin 2009, [[Forbes]] magazine ranked the Manchester region first on its list of\n\"America's 100 Cheapest Places to Live.\" [http://www.forbes.com/2009/07/13/cheap-cities-property-lifestyle-\nreal-estate-cheap-places_slide_25.html?thisSpeed=15000 Forbes, \"In Depth:\nAmerica's Best Cheap Cities\" (July 13, 2009)]\n","linknr":1468,"url":"Manchester,_New_Hampshire","recorded":1376423011,"links":["/w/index.php?title=Manchester,_New_Hampshire&action=edit","/w/index.php?title=Manchester,_New_Hampshire&action=edit","//bits.wikimedia.org/favicon/wikipedia.ico","/w/opensearch_desc.php","//en.wikipedia.org/w/api.php?action=rsd","//creativecommons.org/licenses/by-sa/3.0/","/w/index.php?title=Special:RecentChanges&feed=atom","http://en.wikipedia.org/wiki/Manchester,_New_Hampshire","//bits.wikimedia.org/en.wikipedia.org/load.php?debug=false&lang=en&modules=ext.gadget.DRN-wizard%2CReferenceTooltips%2Ccharinsert%2Cteahouse%7Cext.rtlcite%2Cwikihiero%7Cext.uls.nojs%7Cmediawiki.legacy.commonPrint%2Cshared%7Cmw.PopUpMediaTransform%7Cskins.vector&only=styles&skin=vector&*","//bits.wikimedia.org/en.wikipedia.org/load.php?debug=false&lang=en&modules=ext.visualEditor.viewPageTarget.noscript&only=styles&skin=vector&*","//bits.wikimedia.org/en.wikipedia.org/load.php?debug=false&lang=en&modules=site&only=styles&skin=vector&*","//bits.wikimedia.org/en.wikipedia.org/load.php?debug=false&lang=en&modules=startup&only=scripts&skin=vector&*","//bits.wikimedia.org/geoiplookup","//meta.wikimedia.org","#mw-navigation","#p-search","/wiki/Manchester_(disambiguation)","/wiki/City","/wiki/File:Manch-DownTown.jpg","//upload.wikimedia.org/wikipedia/commons/thumb/a/a4/Manch-DownTown.jpg/250px-Manch-DownTown.jpg","/wiki/City_Hall_Plaza_(Manchester)","/wiki/File:Manchester_City_Seal.png","//upload.wikimedia.org/wikipedia/en/thumb/3/33/Manchester_City_Seal.png/100px-Manchester_City_Seal.png","/wiki/File:Hillsborough-Manchester-NH.png","//upload.wikimedia.org/wikipedia/commons/thumb/3/3a/Hillsborough-Manchester-NH.png/250px-Hillsborough-Manchester-NH.png","/wiki/Hillsborough_County,_New_Hampshire","//tools.wmflabs.org/geohack/geohack.php?pagename=Manchester,_New_Hampshire&params=42_59_27_N_71_27_49_W_type:city_region:US-NH","/wiki/Geographic_coordinate_system","//tools.wmflabs.org/geohack/geohack.php?pagename=Manchester,_New_Hampshire&params=42_59_27_N_71_27_49_W_type:city_region:US-NH","/wiki/List_of_sovereign_states","/wiki/United_States","/wiki/Political_divisions_of_the_United_States","/wiki/New_Hampshire","/wiki/List_of_counties_in_New_Hampshire","/wiki/Hillsborough_County,_New_Hampshire","/wiki/Incorporation_(municipal_government)","/wiki/Mayor","/wiki/Ted_Gatsas","/wiki/Republican_Party_(United_States)","/wiki/Aldermen","/wiki/City","/wiki/1_E%2B7_m%C2%B2","#cite_note-2010Census-1","#cite_note-NECTA_2010-2","#cite_note-3","/wiki/City","/wiki/List_of_United_States_cities_by_population","/wiki/Urban_area","/wiki/List_of_United_States_urban_areas","/wiki/Metropolitan_area","/wiki/List_of_Metropolitan_Statistical_Areas","/wiki/Time_zone","/wiki/Eastern_Standard_Time_Zone","/wiki/UTC-5","/wiki/Daylight_saving_time","/wiki/Eastern_Daylight_Time_Zone","/wiki/UTC-4","/wiki/ZIP_code","/wiki/Telephone_numbering_plan","/wiki/Area_code_603","/wiki/Federal_Information_Processing_Standard","/wiki/Geographic_Names_Information_System","http://www.manchesternh.gov","/wiki/U.S._state","/wiki/New_Hampshire","/wiki/New_England","/wiki/Maine","/wiki/New_Hampshire","/wiki/Vermont","/wiki/Hillsborough_County,_New_Hampshire","/wiki/Merrimack_River","/wiki/Northeast_megalopolis","/wiki/2010_United_States_Census","#cite_note-2010Census-1","/wiki/CNNMoney.com","/wiki/United_States_of_America","#cite_note-mutualfunds.info-4","/wiki/Kiplinger","/wiki/Anchorage,_Alaska","#cite_note-finance.yahoo.com-5","/wiki/Forbes","#cite_note-6","#History","#Geography_and_climate","#Government","#Neighborhoods","#Surrounding_communities","#Demographics","#Media","#Fire_Department","#Education","#Public_schools","#Private_schools","#Post-secondary_schools","#Culture","#Sports","#Transportation","#Air","#Roads","#Bus","#Passenger_rail_.28future.29","#Economy","#Downtown","#Shopping","#Notable_people","#Sister_cities","#See_also","#References","#External_links","/w/index.php?title=Manchester,_New_Hampshire&action=edit&section=1","/w/index.php?title=Manchester,_New_Hampshire&veaction=edit&section=1","/wiki/Timeline_of_Manchester,_New_Hampshire,_history","//upload.wikimedia.org/wikipedia/en/thumb/9/99/Question_book-new.svg/50px-Question_book-new.svg.png","//en.wikipedia.org/w/index.php?title=Manchester,_New_Hampshire&action=edit","/wiki/Help:Introduction_to_referencing/1","/wiki/Template:Citation_needed","/wiki/Wikipedia:Verifiability#Burden_of_evidence","/wiki/File:Manch-mills-westside.jpg","//upload.wikimedia.org/wikipedia/commons/thumb/2/27/Manch-mills-westside.jpg/220px-Manch-mills-westside.jpg","/wiki/File:Manch-mills-westside.jpg","//bits.wikimedia.org/static-1.22wmf12/skins/common/images/magnify-clip.png","/wiki/Pennacook","/wiki/Native_Americans_of_the_United_States","/wiki/Amoskeag_Falls","/wiki/John_Goffe","/wiki/Cohas_Brook","/wiki/Dam","/wiki/Sawmill","/wiki/Province_of_Massachusetts_Bay","/wiki/Queen_Anne%27s_War","/wiki/Wilton,_Maine","/wiki/Benning_Wentworth","/wiki/Massabesic_Lake","/wiki/Canal","/wiki/Lock_(water_transport)","/wiki/Industrial_Revolution","/wiki/Manchester","/wiki/England","/wiki/Cotton","/wiki/Spinning_(textiles)","/wiki/Water_power","#cite_note-7","/wiki/Entrepreneur","/wiki/Amoskeag_Manufacturing_Company","/wiki/File:Elm_Street_Looking_North,_Manchester,_NH.jpg","//upload.wikimedia.org/wikipedia/commons/thumb/0/06/Elm_Street_Looking_North%2C_Manchester%2C_NH.jpg/220px-Elm_Street_Looking_North%2C_Manchester%2C_NH.jpg","/wiki/File:Elm_Street_Looking_North,_Manchester,_NH.jpg","//bits.wikimedia.org/static-1.22wmf12/skins/common/images/magnify-clip.png","/wiki/Engineer","/wiki/Architect","/wiki/Company_town","/wiki/Loom","/wiki/Shoe","/wiki/Cigar","/wiki/Paper","/wiki/Foundry","/wiki/Musket","/wiki/Sewing_machine","/wiki/Machine","/wiki/Fire_engine","/wiki/Locomotive","/wiki/Amoskeag_Locomotive_Works","/wiki/Manchester_Locomotive_Works","/wiki/French_Canadian","/wiki/Mill_town","/wiki/Victorian_architecture","/wiki/Architecture","/wiki/File:DowntownManch.JPG","//upload.wikimedia.org/wikipedia/commons/thumb/e/e7/DowntownManch.JPG/220px-DowntownManch.JPG","/wiki/File:DowntownManch.JPG","//bits.wikimedia.org/static-1.22wmf12/skins/common/images/magnify-clip.png","#cite_note-8","/wiki/Money_(magazine)","/wiki/Mall_of_New_Hampshire","/wiki/Verizon_Wireless_Arena","/w/index.php?title=Manchester,_New_Hampshire&action=edit&section=2","/w/index.php?title=Manchester,_New_Hampshire&veaction=edit&section=2","//tools.wmflabs.org/geohack/geohack.php?pagename=Manchester,_New_Hampshire&params=42_59_11_N_71_27_6_W_type:city","/wiki/United_States_Census_Bureau","/wiki/Piscataquog_River","/wiki/Cohas_Brook","/wiki/Massabesic_Lake","/wiki/Sea_level","/wiki/Humid_continental_climate","/wiki/K%C3%B6ppen_climate_classification","/wiki/Nor%27easter","/wiki/Precipitation","/wiki/Massabesic_Lake","#cite_note-NOAA_txt-9","#cite_note-NCDC-10","#cite_note-Weather.com-11","/wiki/File:Bridge_St.,_West_from_Maple_St.,_Manchester,_NH.jpg","//upload.wikimedia.org/wikipedia/commons/thumb/e/ea/Bridge_St.%2C_West_from_Maple_St.%2C_Manchester%2C_NH.jpg/120px-Bridge_St.%2C_West_from_Maple_St.%2C_Manchester%2C_NH.jpg","/wiki/File:Soldiers%27_Monument,_Manchester,_NH.jpg","//upload.wikimedia.org/wikipedia/commons/thumb/6/69/Soldiers%27_Monument%2C_Manchester%2C_NH.jpg/120px-Soldiers%27_Monument%2C_Manchester%2C_NH.jpg","/wiki/File:Granite_Street,_West_Manchester,_NH.jpg","//upload.wikimedia.org/wikipedia/commons/thumb/c/c8/Granite_Street%2C_West_Manchester%2C_NH.jpg/120px-Granite_Street%2C_West_Manchester%2C_NH.jpg","/wiki/File:Old_Fire_Station,_Manchester,_NH.jpg","//upload.wikimedia.org/wikipedia/commons/thumb/a/ab/Old_Fire_Station%2C_Manchester%2C_NH.jpg/120px-Old_Fire_Station%2C_Manchester%2C_NH.jpg","/w/index.php?title=Manchester,_New_Hampshire&action=edit&section=3","/w/index.php?title=Manchester,_New_Hampshire&veaction=edit&section=3","/w/index.php?title=Manchester,_New_Hampshire&action=edit&section=4","/w/index.php?title=Manchester,_New_Hampshire&veaction=edit&section=4","/wiki/Neighborhoods_in_Manchester,_New_Hampshire","http://livablemht.org/","http://maps.google.com/maps/ms?ie=UTF8&hl=en&msa=0&msid=200741807134291883459.00049d0e9428889aa3c7b&z=11","http://maps.google.com/maps/ms?ie=UTF8&hl=en&msa=0&msid=200741807134291883459.00049d1df28891fa851d8&z=13","#cite_note-12","#cite_note-13","#cite_note-14","#cite_note-15","#cite_note-16","/w/index.php?title=Manchester,_New_Hampshire&action=edit&section=5","/w/index.php?title=Manchester,_New_Hampshire&veaction=edit&section=5","/wiki/Pinardville,_New_Hampshire","/wiki/Goffstown,_New_Hampshire","/wiki/Streetcar_suburb","/wiki/St._Anselm_College","/wiki/Bedford,_New_Hampshire","/wiki/Tax_Increment_Financing","/wiki/Manchester_Transit_Authority","/wiki/Bedford,_New_Hampshire","/wiki/Post-war","/wiki/St._Anselm_College","/wiki/South_Hooksett,_New_Hampshire","/wiki/Hooksett,_New_Hampshire","/w/index.php?title=Manchester,_New_Hampshire&action=edit&section=6","/w/index.php?title=Manchester,_New_Hampshire&veaction=edit&section=6","/wiki/File:City_Hall_Plaza_In_Manchester_NH.JPG","//upload.wikimedia.org/wikipedia/commons/thumb/a/a5/City_Hall_Plaza_In_Manchester_NH.JPG/220px-City_Hall_Plaza_In_Manchester_NH.JPG","/wiki/File:City_Hall_Plaza_In_Manchester_NH.JPG","//bits.wikimedia.org/static-1.22wmf12/skins/common/images/magnify-clip.png","/wiki/City_Hall_Plaza_(Manchester)","/wiki/Census","#cite_note-2010Census-1","#cite_note-17","#cite_note-2010_DP-18","/wiki/Population_density","/wiki/Race_and_ethnicity_in_the_United_States_Census","/wiki/Race_and_ethnicity_in_the_United_States_Census","/wiki/Race_and_ethnicity_in_the_United_States_Census","/wiki/Race_and_ethnicity_in_the_United_States_Census","/wiki/Race_and_ethnicity_in_the_United_States_Census","/wiki/Race_and_ethnicity_in_the_United_States_Census","/wiki/Race_and_ethnicity_in_the_United_States_Census","/wiki/Race_and_ethnicity_in_the_United_States_Census","/wiki/French_American","/wiki/French-Canadian","/wiki/Irish_American","/wiki/English_American","/wiki/German_American","/wiki/Italian_American","#cite_note-19","/wiki/1790_United_States_Census","/wiki/1800_United_States_Census","/wiki/1810_United_States_Census","/wiki/1820_United_States_Census","/wiki/1830_United_States_Census","/wiki/1840_United_States_Census","/wiki/1850_United_States_Census","/wiki/1860_United_States_Census","/wiki/1870_United_States_Census","/wiki/1880_United_States_Census","/wiki/1890_United_States_Census","/wiki/1900_United_States_Census","/wiki/1910_United_States_Census","/wiki/1920_United_States_Census","/wiki/1930_United_States_Census","/wiki/1940_United_States_Census","/wiki/1950_United_States_Census","/wiki/1960_United_States_Census","/wiki/1970_United_States_Census","/wiki/1980_United_States_Census","/wiki/1990_United_States_Census","/wiki/2000_United_States_Census","/wiki/2010_United_States_Census","#cite_note-20","#cite_note-21","/wiki/Marriage","#cite_note-2010_DP-18","/wiki/File:Manch-WestSide.jpg","//upload.wikimedia.org/wikipedia/commons/thumb/f/f5/Manch-WestSide.jpg/220px-Manch-WestSide.jpg","/wiki/File:Manch-WestSide.jpg","//bits.wikimedia.org/static-1.22wmf12/skins/common/images/magnify-clip.png","#cite_note-2010_DP-18","/wiki/Per_capita_income","#cite_note-22","/w/index.php?title=Manchester,_New_Hampshire&action=edit&section=7","/w/index.php?title=Manchester,_New_Hampshire&veaction=edit&section=7","/wiki/New_Hampshire_Union_Leader","/wiki/Hippo_Press","/wiki/Amplitude_modulation","/wiki/Frequency_modulation","/wiki/WMUR-TV","/wiki/American_Broadcasting_Company","/wiki/Public,_educational,_and_government_access","/wiki/Cable_television","/w/index.php?title=Manchester,_New_Hampshire&action=edit&section=8","/w/index.php?title=Manchester,_New_Hampshire&veaction=edit&section=8","#cite_note-23","#cite_note-24","#cite_note-25","#cite_note-26","#cite_note-27","#cite_note-28","/w/index.php?title=Manchester,_New_Hampshire&action=edit&section=9","/w/index.php?title=Manchester,_New_Hampshire&veaction=edit&section=9","/wiki/File:Lincoln_in_front_of_Central_HS.jpg","//upload.wikimedia.org/wikipedia/commons/thumb/2/2e/Lincoln_in_front_of_Central_HS.jpg/220px-Lincoln_in_front_of_Central_HS.jpg","/wiki/File:Lincoln_in_front_of_Central_HS.jpg","//bits.wikimedia.org/static-1.22wmf12/skins/common/images/magnify-clip.png","/wiki/Abraham_Lincoln","/wiki/John_Rogers_(sculptor)","/wiki/Manchester_High_School_Central","/wiki/File:Pearl_Street_School,_Manchester,_NH.jpg","//upload.wikimedia.org/wikipedia/commons/thumb/a/ad/Pearl_Street_School%2C_Manchester%2C_NH.jpg/220px-Pearl_Street_School%2C_Manchester%2C_NH.jpg","/wiki/File:Pearl_Street_School,_Manchester,_NH.jpg","//bits.wikimedia.org/static-1.22wmf12/skins/common/images/magnify-clip.png","/wiki/File:ManchesterNH_WestonObservatory.jpg","//upload.wikimedia.org/wikipedia/commons/thumb/0/0a/ManchesterNH_WestonObservatory.jpg/220px-ManchesterNH_WestonObservatory.jpg","/wiki/File:ManchesterNH_WestonObservatory.jpg","//bits.wikimedia.org/static-1.22wmf12/skins/common/images/magnify-clip.png","/wiki/Weston_Observatory_(Manchester,_New_Hampshire)","/wiki/File:ElmStreetManchester.jpg","//upload.wikimedia.org/wikipedia/commons/thumb/4/4e/ElmStreetManchester.jpg/220px-ElmStreetManchester.jpg","/wiki/File:ElmStreetManchester.jpg","//bits.wikimedia.org/static-1.22wmf12/skins/common/images/magnify-clip.png","/w/index.php?title=Manchester,_New_Hampshire&action=edit&section=10","/w/index.php?title=Manchester,_New_Hampshire&veaction=edit&section=10","http://www.mansd.org","/wiki/Manchester_High_School_West","/wiki/Manchester_Central_High_School","/wiki/Manchester_Memorial_High_School","/wiki/Manchester_School_of_Technology","/w/index.php?title=Manchester,_New_Hampshire&action=edit&section=11","/w/index.php?title=Manchester,_New_Hampshire&veaction=edit&section=11","/wiki/Trinity_High_School_(Manchester,_New_Hampshire)","/wiki/The_Derryfield_School","/wiki/Holy_Family_Academy_(New_Hampshire)","/w/index.php?title=Liberty_Harbor_Academy&action=edit&redlink=1","/wiki/Mount_Zion_Christian_Schools_(Manchester,_New_Hampshire)","/wiki/Bedford,_New_Hampshire","/wiki/Easter_Seals_(U.S.)","/w/index.php?title=Manchester,_New_Hampshire&action=edit&section=12","/w/index.php?title=Manchester,_New_Hampshire&veaction=edit&section=12","/wiki/Granite_State_College","/wiki/Hesser_College","/wiki/Manchester_Community_College_(New_Hampshire)","/wiki/Massachusetts_College_of_Pharmacy_and_Health_Sciences","/wiki/New_Hampshire_Institute_of_Art","/wiki/Saint_Anselm_College","/wiki/Goffstown,_New_Hampshire","/wiki/Southern_New_Hampshire_University","/wiki/Hooksett,_New_Hampshire","/wiki/University_of_New_Hampshire_at_Manchester","/w/index.php?title=Manchester,_New_Hampshire&action=edit&section=13","/w/index.php?title=Manchester,_New_Hampshire&veaction=edit&section=13","/wiki/File:Old_Library,_Manchester,_NH.jpg","//upload.wikimedia.org/wikipedia/commons/thumb/e/e1/Old_Library%2C_Manchester%2C_NH.jpg/220px-Old_Library%2C_Manchester%2C_NH.jpg","/wiki/File:Old_Library,_Manchester,_NH.jpg","//bits.wikimedia.org/static-1.22wmf12/skins/common/images/magnify-clip.png","/wiki/Palace_Theatre_(Manchester,_New_Hampshire)","/wiki/Currier_Museum_of_Art","/wiki/New_Hampshire_Institute_of_Art","/wiki/Valley_Cemetery","/wiki/Verizon_Wireless_Arena","#cite_note-29","/wiki/John_F._Kennedy_Memorial_Coliseum","#cite_note-30","#cite_note-31","/wiki/Hippo_Press","/wiki/Robert_A._Baines","#cite_note-32","#cite_note-33","/w/index.php?title=Manchester,_New_Hampshire&action=edit&section=14","/w/index.php?title=Manchester,_New_Hampshire&veaction=edit&section=14","/wiki/Verizon_Wireless_Arena","/wiki/American_Hockey_League","/wiki/Manchester_Monarchs","/wiki/Af2","/wiki/Manchester_Wolves","/wiki/Northeast_Delta_Dental_Stadium","/wiki/Eastern_League_(baseball)","/wiki/New_Hampshire_Fisher_Cats","/wiki/Amoskeag_Rugby_Club","/wiki/New_England_Rugby_Football_Union","/w/index.php?title=Northeast_Athletic_Club&action=edit&redlink=1","/wiki/New_Hampshire_Fisher_Cats","/wiki/Eastern_League_(U.S._baseball)","/wiki/Northeast_Delta_Dental_Stadium","/wiki/Manchester_Monarchs","/wiki/American_Hockey_League","/wiki/Verizon_Wireless_Arena","/wiki/Manchester_Wolves","/wiki/Af2","/wiki/Verizon_Wireless_Arena","/wiki/New_Hampshire_Phantoms","/wiki/USL_Premier_Development_League","/wiki/Manchester_Memorial_High_School","/w/index.php?title=ManchVegas_Roller_Girls&action=edit&redlink=1","/wiki/USARS","/w/index.php?title=West_Side_Ice_Arena&action=edit&redlink=1","/wiki/New_Hampshire_Roller_Derby","/wiki/WFTDA","#cite_note-34","/wiki/John_F._Kennedy_Memorial_Coliseum","#cite_note-35","/wiki/Manchester_Freedom","/wiki/Independent_Women%27s_Football_League","/wiki/Manchester_High_School_West","/w/index.php?title=Manchester,_New_Hampshire&action=edit&section=15","/w/index.php?title=Manchester,_New_Hampshire&veaction=edit&section=15","/wiki/File:Union_Station,_Manchester,_NH.jpg","//upload.wikimedia.org/wikipedia/commons/thumb/8/81/Union_Station%2C_Manchester%2C_NH.jpg/220px-Union_Station%2C_Manchester%2C_NH.jpg","/wiki/File:Union_Station,_Manchester,_NH.jpg","//bits.wikimedia.org/static-1.22wmf12/skins/common/images/magnify-clip.png","/w/index.php?title=Manchester,_New_Hampshire&action=edit&section=16","/w/index.php?title=Manchester,_New_Hampshire&veaction=edit&section=16","/wiki/Manchester-Boston_Regional_Airport","/wiki/Boston","/wiki/Massachusetts","/wiki/Southwest_Airlines","/wiki/Logan_International_Airport","/wiki/Portland_International_Jetport","/w/index.php?title=Manchester,_New_Hampshire&action=edit&section=17","/w/index.php?title=Manchester,_New_Hampshire&veaction=edit&section=17","/wiki/Interstate_Highway","/wiki/Interstate_93","/wiki/Interstate_293","/wiki/F.E._Everett_Turnpike","/wiki/Concord,_New_Hampshire","/wiki/White_Mountains_(New_Hampshire)","/wiki/Nashua,_New_Hampshire","/wiki/Boston","/wiki/New_Hampshire_Route_101","/wiki/Hampton_Beach,_New_Hampshire","/wiki/Seacoast_Region_(New_Hampshire)","/wiki/Maine","/wiki/Massachusetts","/wiki/North_Shore_(Massachusetts)","/wiki/Interstate_95","/wiki/Keene,_New_Hampshire","/wiki/Monadnock_region","/wiki/U.S._Route_3_in_New_Hampshire","/wiki/New_Hampshire_Route_28","/wiki/New_Hampshire_Route_3A","/w/index.php?title=Manchester,_New_Hampshire&action=edit&section=18","/w/index.php?title=Manchester,_New_Hampshire&veaction=edit&section=18","/wiki/Manchester_Transit_Authority","/wiki/Concord_Trailways","/wiki/Boston_Express","/wiki/Vermont_Transit_Lines","/wiki/Greyhound_Lines","/wiki/Londonderry,_New_Hampshire","/w/index.php?title=Manchester,_New_Hampshire&action=edit&section=19","/w/index.php?title=Manchester,_New_Hampshire&veaction=edit&section=19","/wiki/MBTA_Commuter_Rail","/wiki/Lowell,_Massachusetts","/wiki/Concord,_New_Hampshire","/wiki/New_Hampshire_Rail_Transit_Authority","#cite_note-36","/wiki/Montreal","#cite_note-37","#cite_note-38","/wiki/Interstate_93","/wiki/Salem,_New_Hampshire","#cite_note-39","/wiki/Dean_Kamen","/wiki/Segway_PT","#cite_note-40","/wiki/Manchester-Boston_Regional_Airport","/w/index.php?title=Manchester,_New_Hampshire&action=edit&section=20","/w/index.php?title=Manchester,_New_Hampshire&veaction=edit&section=20","/wiki/File:Amoskeag_Bank_Building,_Manchester,_NH.jpg","//upload.wikimedia.org/wikipedia/commons/thumb/9/97/Amoskeag_Bank_Building%2C_Manchester%2C_NH.jpg/220px-Amoskeag_Bank_Building%2C_Manchester%2C_NH.jpg","/wiki/File:Amoskeag_Bank_Building,_Manchester,_NH.jpg","//bits.wikimedia.org/static-1.22wmf12/skins/common/images/magnify-clip.png","/wiki/Kiplinger","/wiki/United_States_of_America","/wiki/Anchorage,_Alaska","#cite_note-finance.yahoo.com-5","/wiki/CNN","/wiki/United_States_of_America","#cite_note-mutualfunds.info-4","/wiki/Segway_PT","/wiki/Dean_Kamen","/w/index.php?title=Manchester,_New_Hampshire&action=edit&section=21","/w/index.php?title=Manchester,_New_Hampshire&veaction=edit&section=21","/wiki/City_Hall_Plaza_(Manchester)","/wiki/Hampshire_Plaza","/wiki/Cambridge,_Massachusetts","/wiki/Citizens_Financial_Group","/w/index.php?title=Manchester_Citizens_Bank_Tower&action=edit&redlink=1","/wiki/Bank_of_America","/wiki/Verizon_Wireless_Arena","/wiki/Manchester_Monarchs","/wiki/American_Hockey_League","/wiki/Los_Angeles_Kings","/wiki/Northeast_Delta_Dental_Stadium","/wiki/Minor_league_baseball","/wiki/Toronto_Blue_Jays","/wiki/New_Hampshire_Fisher_Cats","/wiki/Gill_Stadium","#cite_note-41","/w/index.php?title=Manchester,_New_Hampshire&action=edit&section=22","/w/index.php?title=Manchester,_New_Hampshire&veaction=edit&section=22","/wiki/Mall_of_New_Hampshire","/w/index.php?title=Manchester,_New_Hampshire&action=edit&section=23","/w/index.php?title=Manchester,_New_Hampshire&veaction=edit&section=23","/wiki/File:Gen._John_Stark_House,_Manchester,_NH.jpg","//upload.wikimedia.org/wikipedia/commons/thumb/1/15/Gen._John_Stark_House%2C_Manchester%2C_NH.jpg/220px-Gen._John_Stark_House%2C_Manchester%2C_NH.jpg","/wiki/File:Gen._John_Stark_House,_Manchester,_NH.jpg","//bits.wikimedia.org/static-1.22wmf12/skins/common/images/magnify-clip.png","/wiki/List_of_people_from_Manchester,_New_Hampshire","/w/index.php?title=Manchester,_New_Hampshire&action=edit&section=24","/w/index.php?title=Manchester,_New_Hampshire&veaction=edit&section=24","/wiki/United_States","//upload.wikimedia.org/wikipedia/en/thumb/a/a4/Flag_of_the_United_States.svg/23px-Flag_of_the_United_States.svg.png","/wiki/Nashville,_Tennessee","/wiki/Tennessee","/wiki/United_States","/wiki/Germany","//upload.wikimedia.org/wikipedia/en/thumb/b/ba/Flag_of_Germany.svg/23px-Flag_of_Germany.svg.png","/wiki/Neustadt_an_der_Weinstra%C3%9Fe","/wiki/Germany","/wiki/Taiwan","//upload.wikimedia.org/wikipedia/commons/thumb/7/72/Flag_of_the_Republic_of_China.svg/23px-Flag_of_the_Republic_of_China.svg.png","/wiki/Taichung","/wiki/Taiwan","/wiki/Israel","//upload.wikimedia.org/wikipedia/commons/thumb/d/d4/Flag_of_Israel.svg/21px-Flag_of_Israel.svg.png","/wiki/Hof_HaCarmel_Regional_Council","/wiki/Israel","/wiki/Zimbabwe","//upload.wikimedia.org/wikipedia/commons/thumb/6/6a/Flag_of_Zimbabwe.svg/23px-Flag_of_Zimbabwe.svg.png","/wiki/Gweru","/wiki/Zimbabwe","/w/index.php?title=Manchester,_New_Hampshire&action=edit&section=25","/w/index.php?title=Manchester,_New_Hampshire&veaction=edit&section=25","/wiki/List_of_mayors_of_Manchester,_New_Hampshire","/w/index.php?title=Manchester,_New_Hampshire&action=edit&section=26","/w/index.php?title=Manchester,_New_Hampshire&veaction=edit&section=26","http://ia310120.us.archive.org/3/items/manchester00clarrich/manchester00clarrich.pdf","#cite_ref-2010Census_1-0","#cite_ref-2010Census_1-1","#cite_ref-2010Census_1-2","http://factfinder2.census.gov/main.html","#cite_ref-NECTA_2010_2-0","http://factfinder2.census.gov","#cite_ref-3","http://factfinder2.census.gov","#cite_ref-mutualfunds.info_4-0","#cite_ref-mutualfunds.info_4-1","http://mutualfunds.info/2008/03/18/smbusiness/manchester_new_hampshire.fsb/index.htm","#cite_ref-finance.yahoo.com_5-0","#cite_ref-finance.yahoo.com_5-1","http://finance.yahoo.com/news/pf_article_106691.html","#cite_ref-6","http://www.forbes.com/2009/07/13/cheap-cities-property-lifestyle-real-estate-cheap-places_slide_25.html?thisSpeed=15000","#cite_ref-7","#cite_ref-8","/wiki/Scott_Brooks","http://www.unionleader.com/article.aspx?articleId=11cfd129-6a77-4625-be5d-df6704734e8a","/wiki/New_Hampshire_Union_Leader","#cite_ref-NOAA_txt_9-0","ftp://ftp.ncdc.noaa.gov/pub/data/normals/1981-2010/products/station/USW00014710.normals.txt","#cite_ref-NCDC_10-0","http://cdo.ncdc.noaa.gov/climatenormals/clim20/nh/275211.pdf","/wiki/National_Oceanic_and_Atmospheric_Administration","#cite_ref-Weather.com_11-0","http://www.weather.com/weather/wxclimatology/monthly/graph/USNH0136","#cite_ref-12","http://www.manchesternh.gov/website/Departments/PlanningCommDev/MasterPlan/tabid/1421/Default.aspx","#cite_ref-13","http://www.davidrumsey.com/rumsey/Size4/D0115/2023042.jpg?userid=15&username=lunaadmin&resolution=4&servertype=JVA&cid=8&iid=RUMSEY&vcid=NA&usergroup=Rumsey3x&profileid=13","#cite_ref-14","http://www.yourmanchesternh.com/plans-and-projects/current-projects.aspx","#cite_ref-15","http://www.nhpr.org/node/16970","#cite_ref-16","http://www.unionleader.com/article/20120211/NEWS15/120219990","#cite_ref-17","http://factfinder2.census.gov","#cite_ref-2010_DP_18-0","#cite_ref-2010_DP_18-1","#cite_ref-2010_DP_18-2","http://factfinder2.census.gov","#cite_ref-19","http://factfinder2.census.gov/bkmk/table/1.0/en/ACS/11_1YR/DP02/1600000US3345140","#cite_ref-20","http://www.census.gov/prod/www/decennial.html","#cite_ref-21","http://www.census.gov/popest/data/cities/totals/2011/tables/SUB-EST2011-03-33.csv","#cite_ref-22","http://factfinder2.census.gov/bkmk/table/1.0/en/ACS/11_1YR/DP03/1600000US3345140","#cite_ref-23","http://www.manchesternh.gov/Departments/Fire/tabid/176/Default.aspx","#cite_ref-24","http://www.manchesternh.gov/fire/OrgChart.pdf","#cite_ref-25","http://www.manchesternh.gov/Departments/Fire/Divisions.aspx","#cite_ref-26","http://www.manchesternh.gov/Departments/Fire/FireRoster/tabid/991/Default.aspx","#cite_ref-27","http://www.manchesternh.gov/Departments/Fire/FireStations/tabid/316/Default.aspx","#cite_ref-28","http://www.manchesternh.gov/Departments/Fire/DepartmentApparatus/tabid/317/Default.aspx","#cite_ref-29","http://webarchive.unionleader.com/articles_show.html?article=6747","/wiki/Wikipedia:Link_rot","#cite_ref-30","http://www.manchesternh.gov/CityGov/PKS/Facilities/JFK.html","/wiki/Wikipedia:Link_rot","#cite_ref-31","http://www.virtualtourist.com/travel/North_America/United_States_of_America/New_Hampshire/Manchester-831355/Local_Customs-Manchester-R-1.html","#cite_ref-32","http://www.hippopress.com/pubnote/pubnote05818.html","#cite_ref-33","http://www.imdb.com/title/tt1463411/","#cite_ref-34","http://wftda.com/leagues","#cite_ref-35","http://www.eagletribune.com/archivesearch/local_story_239015311.html","#cite_ref-36","http://www.nh.gov/dot/programs/nhrta/documents/2010-10-29NHRTAminutes.pdf","#cite_ref-37","http://www.fra.dot.gov/rpd/downloads/HSIPR_Summary_of_Federal_Investments.pdf","#cite_ref-38","http://en.wikipedia.org/wiki/List_of_major_cities_in_U.S._lacking_Amtrak_service","#cite_ref-39","http://www.rebuildingi93.com/content/faq/","#cite_ref-40","http://livablemht.org/2012/01/17/livable-dean-kamen-proposes-downtown-rail-loop/","#cite_ref-41","/w/index.php?title=Manchester,_New_Hampshire&action=edit&section=27","/w/index.php?title=Manchester,_New_Hampshire&veaction=edit&section=27","//upload.wikimedia.org/wikipedia/en/thumb/4/4a/Commons-logo.svg/30px-Commons-logo.svg.png","//commons.wikimedia.org/wiki/Category:Manchester,_New_Hampshire","http://www.manchesternh.gov","http://www.manchesterlibrary.org","http://www.manchesterhistoric.org/","http://www.mansd.org/index.htm","http://www.nhes.nh.gov/elmi/products/cp/profiles-htm/manchester.htm","//upload.wikimedia.org/wikipedia/commons/thumb/d/d8/Wikivoyage_favicon.svg/16px-Wikivoyage_favicon.svg.png","//en.wikivoyage.org/wiki/Manchester_(New_Hampshire)","/wiki/Template:Hillsborough_County,_New_Hampshire","/wiki/Template_talk:Hillsborough_County,_New_Hampshire","//en.wikipedia.org/w/index.php?title=Template:Hillsborough_County,_New_Hampshire&action=edit","/wiki/Hillsborough_County,_New_Hampshire","/wiki/County_seat","/wiki/Nashua,_New_Hampshire","/wiki/City_(New_Hampshire)","/wiki/Nashua,_New_Hampshire","//upload.wikimedia.org/wikipedia/commons/thumb/f/fb/Map_of_New_Hampshire_highlighting_Hillsborough_County.svg/80px-Map_of_New_Hampshire_highlighting_Hillsborough_County.svg.png","/wiki/New_England_town","/wiki/Amherst,_New_Hampshire","/wiki/Antrim,_New_Hampshire","/wiki/Bedford,_New_Hampshire","/wiki/Bennington,_New_Hampshire","/wiki/Brookline,_New_Hampshire","/wiki/Deering,_New_Hampshire","/wiki/Francestown,_New_Hampshire","/wiki/Goffstown,_New_Hampshire","/wiki/Greenfield,_New_Hampshire","/wiki/Greenville,_New_Hampshire","/wiki/Hancock,_New_Hampshire","/wiki/Hillsborough,_New_Hampshire","/wiki/Hollis,_New_Hampshire","/wiki/Hudson,_New_Hampshire","/wiki/Litchfield,_New_Hampshire","/wiki/Lyndeborough,_New_Hampshire","/wiki/Mason,_New_Hampshire","/wiki/Merrimack,_New_Hampshire","/wiki/Milford,_New_Hampshire","/wiki/Mont_Vernon,_New_Hampshire","/wiki/New_Boston,_New_Hampshire","/wiki/New_Ipswich,_New_Hampshire","/wiki/Pelham,_New_Hampshire","/wiki/Peterborough,_New_Hampshire","/wiki/Sharon,_New_Hampshire","/wiki/Temple,_New_Hampshire","/wiki/Weare,_New_Hampshire","/wiki/Wilton,_New_Hampshire","/wiki/Windsor,_New_Hampshire","/wiki/Census-designated_place","/wiki/Amherst_(CDP),_New_Hampshire","/wiki/Antrim_(CDP),_New_Hampshire","/wiki/Bennington_(CDP),_New_Hampshire","/wiki/East_Merrimack,_New_Hampshire","/wiki/Goffstown_(CDP),_New_Hampshire","/wiki/Greenville_(CDP),_New_Hampshire","/wiki/Hancock_(CDP),_New_Hampshire","/wiki/Hillsborough_(CDP),_New_Hampshire","/wiki/Hudson_(CDP),_New_Hampshire","/wiki/Milford_(CDP),_New_Hampshire","/wiki/Peterborough_(CDP),_New_Hampshire","/wiki/Pinardville,_New_Hampshire","/wiki/Wilton_(CDP),_New_Hampshire","/wiki/Village_(New_Hampshire)","/wiki/Grasmere,_New_Hampshire","/wiki/West_Peterborough,_New_Hampshire","/wiki/Template:New_Hampshire","/wiki/Template_talk:New_Hampshire","//en.wikipedia.org/w/index.php?title=Template:New_Hampshire&action=edit","//upload.wikimedia.org/wikipedia/commons/thumb/2/28/Flag_of_New_Hampshire.svg/23px-Flag_of_New_Hampshire.svg.png","/wiki/U.S._state","/wiki/New_Hampshire","/wiki/Concord,_New_Hampshire","/wiki/Category:New_Hampshire","/wiki/History_of_New_Hampshire","/wiki/New_Hampshire#Geography","/wiki/List_of_people_from_New_Hampshire","/wiki/Government_of_New_Hampshire","/wiki/United_States_congressional_delegations_from_New_Hampshire","/wiki/New_Hampshire_Constitution","/wiki/New_Hampshire_General_Court","/wiki/Executive_Council_of_New_Hampshire","/wiki/Governor_of_New_Hampshire","/wiki/New_Hampshire_Supreme_Court","/wiki/Elections_in_New_Hampshire","/wiki/List_of_New_Hampshire_state_symbols","/wiki/Category:Visitor_attractions_in_New_Hampshire","/wiki/Culture_of_New_Hampshire","/wiki/Crime_in_New_Hampshire","/wiki/Demographics_of_New_Hampshire","/wiki/Economy_of_New_Hampshire","/wiki/Education_in_New_Hampshire","/wiki/Politics_of_New_Hampshire","/wiki/List_of_regions_of_the_United_States#New_Hampshire","/wiki/Dartmouth%E2%80%93Lake_Sunapee_Region","/wiki/Great_North_Woods_Region_(New_Hampshire)","/wiki/Lakes_Region_(New_Hampshire)","/wiki/Merrimack_Valley_Region","/wiki/Monadnock_Region","/wiki/Seacoast_Region_(New_Hampshire)","/wiki/White_Mountains_Region","/wiki/List_of_counties_in_New_Hampshire","/wiki/Belknap_County,_New_Hampshire","/wiki/Carroll_County,_New_Hampshire","/wiki/Cheshire_County,_New_Hampshire","/wiki/Co%C3%B6s_County,_New_Hampshire","/wiki/Grafton_County,_New_Hampshire","/wiki/Hillsborough_County,_New_Hampshire","/wiki/Merrimack_County,_New_Hampshire","/wiki/Rockingham_County,_New_Hampshire","/wiki/Strafford_County,_New_Hampshire","/wiki/Sullivan_County,_New_Hampshire","/wiki/List_of_cities_in_New_Hampshire","/wiki/Berlin,_New_Hampshire","/wiki/Claremont,_New_Hampshire","/wiki/Concord,_New_Hampshire","/wiki/Dover,_New_Hampshire","/wiki/Franklin,_New_Hampshire","/wiki/Keene,_New_Hampshire","/wiki/Laconia,_New_Hampshire","/wiki/Lebanon,_New_Hampshire","/wiki/Nashua,_New_Hampshire","/wiki/Portsmouth,_New_Hampshire","/wiki/Rochester,_New_Hampshire","/wiki/Somersworth,_New_Hampshire","/wiki/List_of_towns_in_New_Hampshire","/wiki/Acworth,_New_Hampshire","/wiki/Albany,_New_Hampshire","/wiki/Alexandria,_New_Hampshire","/wiki/Allenstown,_New_Hampshire","/wiki/Alstead,_New_Hampshire","/wiki/Alton,_New_Hampshire","/wiki/Amherst,_New_Hampshire","/wiki/Andover,_New_Hampshire","/wiki/Antrim,_New_Hampshire","/wiki/Ashland,_New_Hampshire","/wiki/Atkinson,_New_Hampshire","/wiki/Auburn,_New_Hampshire","/wiki/Barnstead,_New_Hampshire","/wiki/Barrington,_New_Hampshire","/wiki/Bartlett,_New_Hampshire","/wiki/Bath,_New_Hampshire","/wiki/Bedford,_New_Hampshire","/wiki/Belmont,_New_Hampshire","/wiki/Bennington,_New_Hampshire","/wiki/Benton,_New_Hampshire","/wiki/Bethlehem,_New_Hampshire","/wiki/Boscawen,_New_Hampshire","/wiki/Bow,_New_Hampshire","/wiki/Bradford,_New_Hampshire","/wiki/Brentwood,_New_Hampshire","/wiki/Bridgewater,_New_Hampshire","/wiki/Bristol,_New_Hampshire","/wiki/Brookfield,_New_Hampshire","/wiki/Brookline,_New_Hampshire","/wiki/Campton,_New_Hampshire","/wiki/Canaan,_New_Hampshire","/wiki/Candia,_New_Hampshire","/wiki/Canterbury,_New_Hampshire","/wiki/Carroll,_New_Hampshire","/wiki/Center_Harbor,_New_Hampshire","/wiki/Charlestown,_New_Hampshire","/wiki/Chatham,_New_Hampshire","/wiki/Chester,_New_Hampshire","/wiki/Chesterfield,_New_Hampshire","/wiki/Chichester,_New_Hampshire","/wiki/Clarksville,_New_Hampshire","/wiki/Colebrook,_New_Hampshire","/wiki/Columbia,_New_Hampshire","/wiki/Conway,_New_Hampshire","/wiki/Cornish,_New_Hampshire","/wiki/Croydon,_New_Hampshire","/wiki/Dalton,_New_Hampshire","/wiki/Danbury,_New_Hampshire","/wiki/Danville,_New_Hampshire","/wiki/Deerfield,_New_Hampshire","/wiki/Deering,_New_Hampshire","/wiki/Derry,_New_Hampshire","/wiki/Dorchester,_New_Hampshire","/wiki/Dublin,_New_Hampshire","/wiki/Dummer,_New_Hampshire","/wiki/Dunbarton,_New_Hampshire","/wiki/Durham,_New_Hampshire","/wiki/East_Kingston,_New_Hampshire","/wiki/Easton,_New_Hampshire","/wiki/Eaton,_New_Hampshire","/wiki/Effingham,_New_Hampshire","/wiki/Ellsworth,_New_Hampshire","/wiki/Enfield,_New_Hampshire","/wiki/Epping,_New_Hampshire","/wiki/Epsom,_New_Hampshire","/wiki/Errol,_New_Hampshire","/wiki/Exeter,_New_Hampshire","/wiki/Farmington,_New_Hampshire","/wiki/Fitzwilliam,_New_Hampshire","/wiki/Francestown,_New_Hampshire","/wiki/Franconia,_New_Hampshire","/wiki/Freedom,_New_Hampshire","/wiki/Fremont,_New_Hampshire","/wiki/Gilford,_New_Hampshire","/wiki/Gilmanton,_New_Hampshire","/wiki/Gilsum,_New_Hampshire","/wiki/Goffstown,_New_Hampshire","/wiki/Gorham,_New_Hampshire","/wiki/Goshen,_New_Hampshire","/wiki/Grafton,_New_Hampshire","/wiki/Grantham,_New_Hampshire","/wiki/Greenfield,_New_Hampshire","/wiki/Greenland,_New_Hampshire","/wiki/Greenville,_New_Hampshire","/wiki/Groton,_New_Hampshire","/wiki/Hampstead,_New_Hampshire","/wiki/Hampton,_New_Hampshire","/wiki/Hampton_Falls,_New_Hampshire","/wiki/Hancock,_New_Hampshire","/wiki/Hanover,_New_Hampshire","/wiki/Harrisville,_New_Hampshire","/wiki/Hart%27s_Location,_New_Hampshire","/wiki/Haverhill,_New_Hampshire","/wiki/Hebron,_New_Hampshire","/wiki/Henniker,_New_Hampshire","/wiki/Hill,_New_Hampshire","/wiki/Hillsborough,_New_Hampshire","/wiki/Hinsdale,_New_Hampshire","/wiki/Holderness,_New_Hampshire","/wiki/Hollis,_New_Hampshire","/wiki/Hooksett,_New_Hampshire","/wiki/Hopkinton,_New_Hampshire","/wiki/Hudson,_New_Hampshire","/wiki/Jackson,_New_Hampshire","/wiki/Jaffrey,_New_Hampshire","/wiki/Jefferson,_New_Hampshire","/wiki/Kensington,_New_Hampshire","/wiki/Kingston,_New_Hampshire","/wiki/Lancaster,_New_Hampshire","/wiki/Landaff,_New_Hampshire","/wiki/Langdon,_New_Hampshire","/wiki/Lee,_New_Hampshire","/wiki/Lempster,_New_Hampshire","/wiki/Lincoln,_New_Hampshire","/wiki/Lisbon,_New_Hampshire","/wiki/Litchfield,_New_Hampshire","/wiki/Littleton,_New_Hampshire","/wiki/Londonderry,_New_Hampshire","/wiki/Loudon,_New_Hampshire","/wiki/Lyman,_New_Hampshire","/wiki/Lyme,_New_Hampshire","/wiki/Lyndeborough,_New_Hampshire","/wiki/Madbury,_New_Hampshire","/wiki/Madison,_New_Hampshire","/wiki/Marlborough,_New_Hampshire","/wiki/Marlow,_New_Hampshire","/wiki/Mason,_New_Hampshire","/wiki/Meredith,_New_Hampshire","/wiki/Merrimack,_New_Hampshire","/wiki/Middleton,_New_Hampshire","/wiki/Milan,_New_Hampshire","/wiki/Milford,_New_Hampshire","/wiki/Milton,_New_Hampshire","/wiki/Monroe,_New_Hampshire","/wiki/Mont_Vernon,_New_Hampshire","/wiki/Moultonborough,_New_Hampshire","/wiki/Nelson,_New_Hampshire","/wiki/New_Boston,_New_Hampshire","/wiki/Newbury,_New_Hampshire","/wiki/New_Castle,_New_Hampshire","/wiki/New_Durham,_New_Hampshire","/wiki/Newfields,_New_Hampshire","/wiki/New_Hampton,_New_Hampshire","/wiki/Newington,_New_Hampshire","/wiki/New_Ipswich,_New_Hampshire","/wiki/New_London,_New_Hampshire","/wiki/Newmarket,_New_Hampshire","/wiki/Newport,_New_Hampshire","/wiki/Newton,_New_Hampshire","/wiki/Northfield,_New_Hampshire","/wiki/North_Hampton,_New_Hampshire","/wiki/Northumberland,_New_Hampshire","/wiki/Northwood,_New_Hampshire","/wiki/Nottingham,_New_Hampshire","/wiki/Orange,_New_Hampshire","/wiki/Orford,_New_Hampshire","/wiki/Ossipee,_New_Hampshire","/wiki/Pelham,_New_Hampshire","/wiki/Pembroke,_New_Hampshire","/wiki/Peterborough,_New_Hampshire","/wiki/Piermont,_New_Hampshire","/wiki/Pittsburg,_New_Hampshire","/wiki/Pittsfield,_New_Hampshire","/wiki/Plainfield,_New_Hampshire","/wiki/Plaistow,_New_Hampshire","/wiki/Plymouth,_New_Hampshire","/wiki/Randolph,_New_Hampshire","/wiki/Raymond,_New_Hampshire","/wiki/Richmond,_New_Hampshire","/wiki/Rindge,_New_Hampshire","/wiki/Rollinsford,_New_Hampshire","/wiki/Roxbury,_New_Hampshire","/wiki/Rumney,_New_Hampshire","/wiki/Rye,_New_Hampshire","/wiki/Salem,_New_Hampshire","/wiki/Salisbury,_New_Hampshire","/wiki/Sanbornton,_New_Hampshire","/wiki/Sandown,_New_Hampshire","/wiki/Sandwich,_New_Hampshire","/wiki/Seabrook,_New_Hampshire","/wiki/Sharon,_New_Hampshire","/wiki/Shelburne,_New_Hampshire","/wiki/South_Hampton,_New_Hampshire","/wiki/Springfield,_New_Hampshire","/wiki/Stark,_New_Hampshire","/wiki/Stewartstown,_New_Hampshire","/wiki/Stoddard,_New_Hampshire","/wiki/Strafford,_New_Hampshire","/wiki/Stratford,_New_Hampshire","/wiki/Stratham,_New_Hampshire","/wiki/Sugar_Hill,_New_Hampshire","/wiki/Sullivan,_New_Hampshire","/wiki/Sunapee,_New_Hampshire","/wiki/Surry,_New_Hampshire","/wiki/Sutton,_New_Hampshire","/wiki/Swanzey,_New_Hampshire","/wiki/Tamworth,_New_Hampshire","/wiki/Temple,_New_Hampshire","/wiki/Thornton,_New_Hampshire","/wiki/Tilton,_New_Hampshire","/wiki/Troy,_New_Hampshire","/wiki/Tuftonboro,_New_Hampshire","/wiki/Unity,_New_Hampshire","/wiki/Wakefield,_New_Hampshire","/wiki/Walpole,_New_Hampshire","/wiki/Warner,_New_Hampshire","/wiki/Warren,_New_Hampshire","/wiki/Washington,_New_Hampshire","/wiki/Waterville_Valley,_New_Hampshire","/wiki/Weare,_New_Hampshire","/wiki/Webster,_New_Hampshire","/wiki/Wentworth,_New_Hampshire","/wiki/Westmoreland,_New_Hampshire","/wiki/Whitefield,_New_Hampshire","/wiki/Wilmot,_New_Hampshire","/wiki/Wilton,_New_Hampshire","/wiki/Winchester,_New_Hampshire","/wiki/Windham,_New_Hampshire","/wiki/Windsor,_New_Hampshire","/wiki/Wolfeboro,_New_Hampshire","/wiki/Woodstock,_New_Hampshire","/wiki/Category:Townships_in_New_Hampshire","/wiki/Atkinson_and_Gilmanton_Academy_Grant,_New_Hampshire","/wiki/Bean%27s_Grant,_New_Hampshire","/wiki/Bean%27s_Purchase,_New_Hampshire","/wiki/Cambridge,_New_Hampshire","/wiki/Chandler%27s_Purchase,_New_Hampshire","/wiki/Crawford%27s_Purchase,_New_Hampshire","/wiki/Cutt%27s_Grant,_New_Hampshire","/wiki/Dix%27s_Grant,_New_Hampshire","/wiki/Dixville,_New_Hampshire","/wiki/Erving%27s_Location,_New_Hampshire","/wiki/Green%27s_Grant,_New_Hampshire","/wiki/Hadley%27s_Purchase,_New_Hampshire","/wiki/Hale%27s_Location,_New_Hampshire","/wiki/Kilkenny,_New_Hampshire","/wiki/Livermore,_New_Hampshire","/wiki/Low_and_Burbank%27s_Grant,_New_Hampshire","/wiki/Martin%27s_Location,_New_Hampshire","/wiki/Millsfield,_New_Hampshire","/wiki/Odell,_New_Hampshire","/wiki/Pinkham%27s_Grant,_New_Hampshire","/wiki/Sargent%27s_Purchase,_New_Hampshire","/wiki/Second_College_Grant,_New_Hampshire","/wiki/Success,_New_Hampshire","/wiki/Thompson_and_Meserve%27s_Purchase,_New_Hampshire","/wiki/Wentworth%27s_Location,_New_Hampshire","/wiki/Template:New_England","/wiki/Template_talk:New_England","//en.wikipedia.org/w/index.php?title=Template:New_England&action=edit","/wiki/New_England","/wiki/Flag_of_New_England","/wiki/New_England#Culture","/wiki/Cuisine_of_New_England","/wiki/New_England#Geography","/wiki/New_England#Economy","/wiki/New_England_town","/wiki/History_of_New_England","/wiki/New_England#Population","/wiki/Sports_in_New_England","/wiki/U.S._state","/wiki/Connecticut","/wiki/Maine","/wiki/Massachusetts","/wiki/New_Hampshire","/wiki/Rhode_Island","/wiki/Vermont","/wiki/List_of_cities_by_population_in_New_England","/wiki/Augusta,_Maine","/wiki/Bangor,_Maine","/wiki/Boston,_Massachusetts","/wiki/Bridgeport,_Connecticut","/wiki/Burlington,_Vermont","/wiki/Cambridge,_Massachusetts","/wiki/Concord,_New_Hampshire","/wiki/Fall_River,_Massachusetts","/wiki/Hartford,_Connecticut","/wiki/Lowell,_Massachusetts","/wiki/Lynn,_Massachusetts","/wiki/Montpelier,_Vermont","/wiki/New_Bedford,_Massachusetts","/wiki/New_Haven,_Connecticut","/wiki/New_London,_Connecticut","/wiki/Portland,_Maine","/wiki/Providence,_Rhode_Island","/wiki/Quincy,_Massachusetts","/wiki/Springfield,_Massachusetts","/wiki/Stamford,_Connecticut","/wiki/Waterbury,_Connecticut","/wiki/Worcester,_Massachusetts","/wiki/Capital_city","/wiki/Augusta,_Maine","/wiki/Boston","/wiki/Concord,_New_Hampshire","/wiki/Hartford,_Connecticut","/wiki/Montpelier,_Vermont","/wiki/Providence,_Rhode_Island","/wiki/New_England#Transportation","/wiki/Rail_transport","/wiki/Massachusetts_Bay_Transportation_Authority","/wiki/Northeast_Corridor","/wiki/Acela_Express","/wiki/Downeaster","/wiki/Vermonter","/wiki/Shore_Line_East","/wiki/Metro-North_Railroad","/wiki/Northern_New_England_Corridor","/wiki/Airport","/wiki/Bradley_International_Airport","/wiki/Portland_International_Jetport","/wiki/Logan_International_Airport","/wiki/Manchester%E2%80%93Boston_Regional_Airport","/wiki/T._F._Green_Airport","/wiki/Burlington_International_Airport","//upload.wikimedia.org/wikipedia/en/thumb/4/48/Folder_Hexagonal_Icon.svg/16px-Folder_Hexagonal_Icon.svg.png","/wiki/Category:New_England","//upload.wikimedia.org/wikipedia/en/thumb/f/fd/Portal-puzzle.svg/16px-Portal-puzzle.svg.png","/wiki/Portal:New_England","/wiki/Template:Greater_Boston","/wiki/Template_talk:Greater_Boston","//en.wikipedia.org/w/index.php?title=Template:Greater_Boston&action=edit","/wiki/Greater_Boston","/wiki/Belknap_County,_New_Hampshire","/wiki/Bristol_County,_Massachusetts","/wiki/Bristol_County,_Rhode_Island","/wiki/Essex_County,_Massachusetts","/wiki/Hillsborough_County,_New_Hampshire","/wiki/Kent_County,_Rhode_Island","/wiki/Merrimack_County,_New_Hampshire","/wiki/Middlesex_County,_Massachusetts","/wiki/Newport_County,_Rhode_Island","/wiki/Norfolk_County,_Massachusetts","/wiki/Plymouth_County,_Massachusetts","/wiki/Providence_County,_Rhode_Island","/wiki/Rockingham_County,_New_Hampshire","/wiki/Strafford_County,_New_Hampshire","/wiki/Suffolk_County,_Massachusetts","/wiki/Washington_County,_Rhode_Island","/wiki/Worcester_County,_Massachusetts","/wiki/Boston","/wiki/Cambridge,_Massachusetts","/wiki/Lowell,_Massachusetts","/wiki/Providence,_Rhode_Island","/wiki/Worcester,_Massachusetts","/wiki/Andover,_Massachusetts","/wiki/Arlington,_Massachusetts","/wiki/Attleboro,_Massachusetts","/wiki/Beverly,_Massachusetts","/wiki/Billerica,_Massachusetts","/wiki/Braintree,_Massachusetts","/wiki/Bridgewater,_Massachusetts","/wiki/Brockton,_Massachusetts","/wiki/Brookline,_Massachusetts","/wiki/Chelmsford,_Massachusetts","/wiki/Chelsea,_Massachusetts","/wiki/Concord,_New_Hampshire","/wiki/Coventry,_Rhode_Island","/wiki/Cranston,_Rhode_Island","/wiki/Cumberland,_Rhode_Island","/wiki/Danvers,_Massachusetts","/wiki/Dartmouth,_Massachusetts","/wiki/Derry,_New_Hampshire","/wiki/Dover,_New_Hampshire","/wiki/Dracut,_Massachusetts","/wiki/East_Providence,_Rhode_Island","/wiki/Everett,_Massachusetts","/wiki/Fall_River,_Massachusetts","/wiki/Fitchburg,_Massachusetts","/wiki/Framingham,_Massachusetts","/wiki/Franklin,_Massachusetts","/wiki/Gloucester,_Massachusetts","/wiki/Haverhill,_Massachusetts","/wiki/Johnston,_Rhode_Island","/wiki/Lawrence,_Massachusetts","/wiki/Leominster,_Massachusetts","/wiki/Lexington,_Massachusetts","/wiki/Lynn,_Massachusetts","/wiki/Malden,_Massachusetts","/wiki/Marlborough,_Massachusetts","/wiki/Marshfield,_Massachusetts","/wiki/Medford,_Massachusetts","/wiki/Melrose,_Massachusetts","/wiki/Merrimack,_New_Hampshire","/wiki/Methuen,_Massachusetts","/wiki/Milford,_Massachusetts","/wiki/Milton,_Massachusetts","/wiki/Nashua,_New_Hampshire","/wiki/Natick,_Massachusetts","/wiki/Needham,_Massachusetts","/wiki/New_Bedford,_Massachusetts","/wiki/Newport,_Rhode_Island","/wiki/Newton,_Massachusetts","/wiki/North_Andover,_Massachusetts","/wiki/North_Attleboro,_Massachusetts","/wiki/North_Kingstown,_Rhode_Island","/wiki/North_Providence,_Rhode_Island","/wiki/Norwood,_Massachusetts","/wiki/Pawtucket,_Rhode_Island","/wiki/Peabody,_Massachusetts","/wiki/Plymouth,_Massachusetts","/wiki/Quincy,_Massachusetts","/wiki/Revere,_Massachusetts","/wiki/Rochester,_New_Hampshire","/wiki/Salem,_Massachusetts","/wiki/Salem,_New_Hampshire","/wiki/Saugus,_Massachusetts","/wiki/Shrewsbury,_Massachusetts","/wiki/Somerville,_Massachusetts","/wiki/South_Kingstown,_Rhode_Island","/wiki/Stoughton,_Massachusetts","/wiki/Taunton,_Massachusetts","/wiki/Tewksbury,_Massachusetts","/wiki/Wakefield,_Massachusetts","/wiki/Waltham,_Massachusetts","/wiki/Warwick,_Rhode_Island","/wiki/Watertown,_Massachusetts","/wiki/Wellesley,_Massachusetts","/wiki/West_Warwick,_Rhode_Island","/wiki/Westwood,_Massachusetts","/wiki/Weymouth,_Massachusetts","/wiki/Woburn,_Massachusetts","/wiki/Woonsocket,_Rhode_Island","/wiki/Abington,_Massachusetts","/wiki/Acton,_Massachusetts","/wiki/Acushnet,_Massachusetts","/wiki/Amesbury,_Massachusetts","/wiki/Amherst,_New_Hampshire","/wiki/Ashland,_Massachusetts","/wiki/Athol,_Massachusetts","/wiki/Auburn,_Massachusetts","/wiki/Barrington,_Rhode_Island","/wiki/Bedford,_Massachusetts","/wiki/Bedford,_New_Hampshire","/wiki/Bellingham,_Massachusetts","/wiki/Belmont,_Massachusetts","/wiki/Beverly,_Massachusetts","/wiki/Bristol,_Rhode_Island","/wiki/Burlington,_Massachusetts","/wiki/Burrillville,_Rhode_Island","/wiki/Canton,_Massachusetts","/wiki/Carver,_Massachusetts","/wiki/Central_Falls,_Rhode_Island","/wiki/Charlton,_Massachusetts","/wiki/Clinton,_Massachusetts","/wiki/Concord,_Massachusetts","/wiki/Dedham,_Massachusetts","/wiki/Dudley,_Massachusetts","/wiki/Duxbury,_Massachusetts","/wiki/East_Bridgewater,_Massachusetts","/wiki/East_Greenwich,_Rhode_Island","/wiki/Easton,_Massachusetts","/wiki/Exeter,_New_Hampshire","/wiki/Fairhaven,_Massachusetts","/wiki/Foxborough,_Massachusetts","/wiki/Gardner,_Massachusetts","/wiki/Goffstown,_New_Hampshire","/wiki/Grafton,_Massachusetts","/wiki/Groton,_Massachusetts","/wiki/Hampton,_New_Hampshire","/wiki/Hanover,_Massachusetts","/wiki/Hanson,_Massachusetts","/wiki/Hingham,_Massachusetts","/wiki/Holbrook,_Massachusetts","/wiki/Holden,_Massachusetts","/wiki/Holliston,_Massachusetts","/wiki/Hooksett,_New_Hampshire","/wiki/Hopkinton,_Massachusetts","/wiki/Hudson,_Massachusetts","/wiki/Hudson,_New_Hampshire","/wiki/Hull,_Massachusetts","/wiki/Ipswich,_Massachusetts","/wiki/Kingston,_Massachusetts","/wiki/Laconia,_New_Hampshire","/wiki/Lakeville,_Massachusetts","/wiki/Leicester,_Massachusetts","/wiki/Lincoln,_Rhode_Island","/wiki/Londonderry,_New_Hampshire","/wiki/Lunenburg,_Massachusetts","/wiki/Lynnfield,_Massachusetts","/wiki/Mansfield,_Massachusetts","/wiki/Marblehead,_Massachusetts","/wiki/Maynard,_Massachusetts","/wiki/Medfield,_Massachusetts","/wiki/Medway,_Massachusetts","/wiki/Middleborough,_Massachusetts","/wiki/Middletown,_Rhode_Island","/wiki/Milford,_New_Hampshire","/wiki/Millbury,_Massachusetts","/wiki/Narragansett,_Rhode_Island","/wiki/Newburyport,_Massachusetts","/wiki/Norfolk,_Massachusetts","/wiki/Northborough,_Massachusetts","/wiki/Northbridge,_Massachusetts","/wiki/North_Reading,_Massachusetts","/wiki/North_Smithfield,_Rhode_Island","/wiki/Norton,_Massachusetts","/wiki/Norwell,_Massachusetts","/wiki/Oxford,_Massachusetts","/wiki/Peabody,_Massachusetts","/wiki/Pelham,_New_Hampshire","/wiki/Pembroke,_Massachusetts","/wiki/Pepperell,_Massachusetts","/wiki/Portsmouth,_Rhode_Island","/wiki/Portsmouth,_New_Hampshire","/wiki/Randolph,_Massachusetts","/wiki/Raymond,_New_Hampshire","/wiki/Raynham,_Massachusetts","/wiki/Reading,_Massachusetts","/wiki/Rehoboth,_Massachusetts","/wiki/Rockland,_Massachusetts","/wiki/Scituate,_Massachusetts","/wiki/Scituate,_Rhode_Island","/wiki/Seekonk,_Massachusetts","/wiki/Sharon,_Massachusetts","/wiki/Smithfield,_Rhode_Island","/wiki/Somerset,_Massachusetts","/wiki/Somersworth,_New_Hampshire","/wiki/Southbridge,_Massachusetts","/wiki/Stoneham,_Massachusetts","/wiki/Spencer,_Massachusetts","/wiki/Sudbury,_Massachusetts","/wiki/Swampscott,_Massachusetts","/wiki/Swansea,_Massachusetts","/wiki/Tiverton,_Rhode_Island","/wiki/Tyngsborough,_Massachusetts","/wiki/Uxbridge,_Massachusetts","/wiki/Walpole,_Massachusetts","/wiki/Wareham,_Massachusetts","/wiki/Warren,_Rhode_Island","/wiki/Wayland,_Massachusetts","/wiki/Webster,_Massachusetts","/wiki/Westborough,_Massachusetts","/wiki/Westerly,_Rhode_Island","/wiki/Westford,_Massachusetts","/wiki/Weston,_Massachusetts","/wiki/Westport,_Massachusetts","/wiki/Whitman,_Massachusetts","/wiki/Wilmington,_Massachusetts","/wiki/Winchendon,_Massachusetts","/wiki/Winchester,_Massachusetts","/wiki/Windham,_New_Hampshire","/wiki/Winthrop,_Massachusetts","/wiki/Wrentham,_Massachusetts","/wiki/Boston","/wiki/Central_Massachusetts","/wiki/Merrimack_Valley","/wiki/MetroWest","/wiki/North_Shore_(Massachusetts)","/wiki/Rhode_Island","/wiki/South_Coast_(Massachusetts)","/wiki/South_Shore_(Massachusetts)","/wiki/Template:Northeast_Megalopolis","/wiki/Template_talk:Northeast_Megalopolis","//en.wikipedia.org/w/index.php?title=Template:Northeast_Megalopolis&action=edit","/wiki/Northeast_megalopolis","/wiki/Virginia","/wiki/Maryland","/wiki/Delaware","/wiki/Pennsylvania","/wiki/New_Jersey","/wiki/New_York","/wiki/Connecticut","/wiki/Rhode_Island","/wiki/Massachusetts","/wiki/New_Hampshire","/wiki/Maine","/wiki/Washington,_D.C.","/wiki/Baltimore","/wiki/Philadelphia","/wiki/New_York_City","/wiki/Boston","/wiki/Newark,_New_Jersey","/wiki/Jersey_City,_New_Jersey","/wiki/Yonkers,_New_York","/wiki/Worcester,_Massachusetts","/wiki/Providence,_Rhode_Island","/wiki/Springfield,_Massachusetts","/wiki/Alexandria,_Virginia","/wiki/Paterson,_New_Jersey","/wiki/Bridgeport,_Connecticut","/wiki/Elizabeth,_New_Jersey","/wiki/Hartford,_Connecticut","/wiki/New_Haven,_Connecticut","/wiki/Stamford,_Connecticut","/wiki/Waterbury,_Connecticut","/wiki/Cambridge,_Massachusetts","/wiki/Lowell,_Massachusetts","/wiki/New_York_metropolitan_area","/wiki/Delaware_Valley","/wiki/Washington_metropolitan_area","/wiki/Greater_Boston","/wiki/Baltimore_metropolitan_area","//en.wikipedia.org/w/index.php?title=Special:CentralAutoLogin/start&type=1x1&from=enwiki","http://en.wikipedia.org/w/index.php?title=Manchester,_New_Hampshire&oldid=567317220","/wiki/Help:Category","/wiki/Category:Manchester,_New_Hampshire","/wiki/Category:Cities_in_New_Hampshire","/wiki/Category:Populated_places_established_in_1751","/wiki/Category:Company_towns_in_New_Hampshire","/wiki/Category:County_seats_in_New_Hampshire","/wiki/Category:Early_American_industrial_centers","/wiki/Category:History_of_the_textile_industry","/wiki/Category:Populated_places_in_Hillsborough_County,_New_Hampshire","/wiki/Category:1751_establishments_in_the_Thirteen_Colonies","/wiki/Category:Populated_places_in_the_United_States_with_French-American_plurality_populations","/wiki/Category:All_articles_with_dead_external_links","/wiki/Category:Articles_with_dead_external_links_from_August_2013","/wiki/Category:Articles_needing_additional_references_from_April_2012","/wiki/Category:All_articles_needing_additional_references","/wiki/Category:Commons_category_template_with_no_category_set","/wiki/Category:Commons_category_with_page_title_same_as_on_Wikidata","/w/index.php?title=Special:UserLogin&returnto=Manchester%2C+New+Hampshire&type=signup","/w/index.php?title=Special:UserLogin&returnto=Manchester%2C+New+Hampshire","/wiki/Manchester,_New_Hampshire","/wiki/Talk:Manchester,_New_Hampshire","#","/wiki/Manchester,_New_Hampshire","/w/index.php?title=Manchester,_New_Hampshire&action=edit","/w/index.php?title=Manchester,_New_Hampshire&veaction=edit","/w/index.php?title=Manchester,_New_Hampshire&action=history","#","/w/index.php","//bits.wikimedia.org/static-1.22wmf12/skins/vector/images/search-ltr.png?303-4","/wiki/Main_Page","/wiki/Main_Page","/wiki/Portal:Contents","/wiki/Portal:Featured_content","/wiki/Portal:Current_events","/wiki/Special:Random","https://donate.wikimedia.org/wiki/Special:FundraiserRedirector?utm_source=donate&utm_medium=sidebar&utm_campaign=C13_en.wikipedia.org&uselang=en","/wiki/Help:Contents","/wiki/Wikipedia:About","/wiki/Wikipedia:Community_portal","/wiki/Special:RecentChanges","//en.wikipedia.org/wiki/Wikipedia:Contact_us","/wiki/Special:WhatLinksHere/Manchester,_New_Hampshire","/wiki/Special:RecentChangesLinked/Manchester,_New_Hampshire","/wiki/Wikipedia:File_Upload_Wizard","/wiki/Special:SpecialPages","/w/index.php?title=Manchester,_New_Hampshire&oldid=567317220","/w/index.php?title=Manchester,_New_Hampshire&action=info","//www.wikidata.org/wiki/Q48370","/w/index.php?title=Special:Cite&page=Manchester%2C_New_Hampshire&id=567317220","/w/index.php?title=Special:Book&bookcmd=book_creator&referer=Manchester%2C+New+Hampshire","/w/index.php?title=Special:Book&bookcmd=render_article&arttitle=Manchester%2C+New+Hampshire&oldid=567317220&writer=rl","/w/index.php?title=Manchester,_New_Hampshire&printable=yes","//an.wikipedia.org/wiki/Manchester_(Nueva_Hampshire)","//ast.wikipedia.org/wiki/Manchester_(New_Hampshire)","//zh-min-nan.wikipedia.org/wiki/Manchester,_New_Hampshire","//bg.wikipedia.org/wiki/%D0%9C%D0%B0%D0%BD%D1%87%D0%B5%D1%81%D1%82%D1%8A%D1%80_(%D0%9D%D1%8E_%D0%A5%D0%B0%D0%BC%D0%BF%D1%88%D1%8A%D1%80)","//br.wikipedia.org/wiki/Manchester_(New_Hampshire)","//ca.wikipedia.org/wiki/Manchester_(Nou_Hampshire)","//cy.wikipedia.org/wiki/Manchester,_New_Hampshire","//da.wikipedia.org/wiki/Manchester_(New_Hampshire)","//de.wikipedia.org/wiki/Manchester_(New_Hampshire)","//et.wikipedia.org/wiki/Manchester_(New_Hampshire)","//es.wikipedia.org/wiki/Manchester_(Nuevo_Hampshire)","//eu.wikipedia.org/wiki/Manchester_(New_Hampshire)","//fa.wikipedia.org/wiki/%D9%85%D9%86%DA%86%D8%B3%D8%AA%D8%B1%D8%8C_%D9%86%DB%8C%D9%88%D9%87%D9%85%D9%BE%D8%B4%D8%A7%DB%8C%D8%B1","//fr.wikipedia.org/wiki/Manchester_(New_Hampshire)","//ga.wikipedia.org/wiki/Manchester,_New_Hampshire","//gd.wikipedia.org/wiki/Manchester,_Hampshire_Nuadh","//ko.wikipedia.org/wiki/%EB%A7%A8%EC%B2%B4%EC%8A%A4%ED%84%B0_(%EB%89%B4%ED%96%84%ED%94%84%EC%85%94_%EC%A3%BC)","//id.wikipedia.org/wiki/Manchester,_New_Hampshire","//ia.wikipedia.org/wiki/Manchester,_New_Hampshire","//ie.wikipedia.org/wiki/Manchester_(Nov-Hampshire)","//it.wikipedia.org/wiki/Manchester_(New_Hampshire)","//he.wikipedia.org/wiki/%D7%9E%D7%A0%D7%A6%27%D7%A1%D7%98%D7%A8_(%D7%A0%D7%99%D7%95_%D7%94%D7%9E%D7%A4%D7%A9%D7%99%D7%99%D7%A8)","//kk.wikipedia.org/wiki/%D0%9C%D0%B0%D0%BD%D1%87%D1%8D%D1%81%D1%82%D0%B5%D1%80_(%D0%9D%D1%8C%D1%8E-%D0%93%D1%8D%D0%BC%D0%BF%D1%88%D0%B8%D1%80)","//kw.wikipedia.org/wiki/Manchester,_Hampshire_Nowydh","//sw.wikipedia.org/wiki/Manchester,_New_Hampshire","//ht.wikipedia.org/wiki/Manchester,_New_Hampshire","//mrj.wikipedia.org/wiki/%D0%9C%D0%B0%D0%BD%D1%87%D0%B5%D1%81%D1%82%D0%B5%D1%80_(%D0%9D%D1%8C%D1%8E-%D0%93%D1%8D%D0%BC%D0%BF%D1%88%D0%B8%D1%80)","//nl.wikipedia.org/wiki/Manchester_(New_Hampshire)","//ja.wikipedia.org/wiki/%E3%83%9E%E3%83%B3%E3%83%81%E3%82%A7%E3%82%B9%E3%82%BF%E3%83%BC_(%E3%83%8B%E3%83%A5%E3%83%BC%E3%83%8F%E3%83%B3%E3%83%97%E3%82%B7%E3%83%A3%E3%83%BC%E5%B7%9E)","//no.wikipedia.org/wiki/Manchester_(New_Hampshire)","//pl.wikipedia.org/wiki/Manchester_(New_Hampshire)","//pt.wikipedia.org/wiki/Manchester_(Nova_Hampshire)","//ro.wikipedia.org/wiki/Manchester,_New_Hampshire","//ru.wikipedia.org/wiki/%D0%9C%D0%B0%D0%BD%D1%87%D0%B5%D1%81%D1%82%D0%B5%D1%80_(%D0%9D%D1%8C%D1%8E-%D0%93%D1%8D%D0%BC%D0%BF%D1%88%D0%B8%D1%80)","//sco.wikipedia.org/wiki/Manchester,_New_Hampshire","//simple.wikipedia.org/wiki/Manchester,_New_Hampshire","//sr.wikipedia.org/wiki/%D0%9C%D0%B0%D0%BD%D1%87%D0%B5%D1%81%D1%82%D0%B5%D1%80_(%D0%8A%D1%83_%D0%A5%D0%B5%D0%BC%D0%BF%D1%88%D0%B8%D1%80)","//fi.wikipedia.org/wiki/Manchester_(New_Hampshire)","//sv.wikipedia.org/wiki/Manchester,_New_Hampshire","//tl.wikipedia.org/wiki/Manchester,_Bagong_Hampshire","//uk.wikipedia.org/wiki/%D0%9C%D0%B0%D0%BD%D1%87%D0%B5%D1%81%D1%82%D0%B5%D1%80_(%D0%9D%D1%8C%D1%8E-%D0%93%D0%B5%D0%BC%D0%BF%D1%88%D0%B8%D1%80)","//vi.wikipedia.org/wiki/Manchester,_New_Hampshire","//vo.wikipedia.org/wiki/Manchester_(New_Hampshire)","//war.wikipedia.org/wiki/Manchester,_New_Hampshire","//zh.wikipedia.org/wiki/%E6%9B%BC%E5%BE%B9%E6%96%AF%E7%89%B9_(%E6%96%B0%E7%BD%95%E5%B8%83%E4%BB%80%E7%88%BE%E5%B7%9E)","#","//www.wikidata.org/wiki/Q48370#sitelinks-wikipedia","//en.wikipedia.org/wiki/Wikipedia:Text_of_Creative_Commons_Attribution-ShareAlike_3.0_Unported_License","//creativecommons.org/licenses/by-sa/3.0/","//wikimediafoundation.org/wiki/Terms_of_Use","//wikimediafoundation.org/wiki/Privacy_policy","//www.wikimediafoundation.org/","//wikimediafoundation.org/wiki/Privacy_policy","/wiki/Wikipedia:About","/wiki/Wikipedia:General_disclaimer","//en.wikipedia.org/wiki/Wikipedia:Contact_us","//en.m.wikipedia.org/wiki/Manchester,_New_Hampshire","//wikimediafoundation.org/","//bits.wikimedia.org/images/wikimedia-button.png","//www.mediawiki.org/","//bits.wikimedia.org/static-1.22wmf12/skins/common/images/poweredby_mediawiki_88x31.png","//bits.wikimedia.org/en.wikipedia.org/load.php?debug=false&lang=en&modules=site&only=scripts&skin=vector&*"],"instances":["water_transport","massachusetts","municipal_government","new_hampshire","sculptor","manchester","new_hampshire","united_states","new_hampshire","textiles","new_hampshire"],"pdf":["http://ia310120.us.archive.org/3/items/manchester00clarrich/manchester00clarrich.pdf","http://cdo.ncdc.noaa.gov/climatenormals/clim20/nh/275211.pdf","http://www.manchesternh.gov/fire/OrgChart.pdf","http://www.nh.gov/dot/programs/nhrta/documents/2010-10-29NHRTAminutes.pdf","http://www.fra.dot.gov/rpd/downloads/HSIPR_Summary_of_Federal_Investments.pdf"],"categories":["Manchester, New Hampshire|","Cities in New Hampshire","Populated places established in 1751","Company towns in New Hampshire","County seats in New Hampshire","Early American industrial centers","History of the textile industry","Populated places in Hillsborough County, New Hampshire","1751 establishments in the Thirteen Colonies","Populated places in the United States with French-American plurality populations"],"headings":["History","Geography and climate","Government","Neighborhoods","Surrounding communities","Demographics","Media","Fire Department","Education","Culture","Sports","Transportation","Economy","Notable people","Sister cities","See also","References","External links"],"image":["//upload.wikimedia.org/wikipedia/commons/thumb/a/a4/Manch-DownTown.jpg/250px-Manch-DownTown.jpg","//upload.wikimedia.org/wikipedia/en/thumb/3/33/Manchester_City_Seal.png/100px-Manchester_City_Seal.png","//upload.wikimedia.org/wikipedia/commons/thumb/3/3a/Hillsborough-Manchester-NH.png/250px-Hillsborough-Manchester-NH.png","//upload.wikimedia.org/wikipedia/en/thumb/9/99/Question_book-new.svg/50px-Question_book-new.svg.png","//upload.wikimedia.org/wikipedia/commons/thumb/2/27/Manch-mills-westside.jpg/220px-Manch-mills-westside.jpg","//bits.wikimedia.org/static-1.22wmf12/skins/common/images/magnify-clip.png","//upload.wikimedia.org/wikipedia/commons/thumb/0/06/Elm_Street_Looking_North%2C_Manchester%2C_NH.jpg/220px-Elm_Street_Looking_North%2C_Manchester%2C_NH.jpg","//bits.wikimedia.org/static-1.22wmf12/skins/common/images/magnify-clip.png","//upload.wikimedia.org/wikipedia/commons/thumb/e/e7/DowntownManch.JPG/220px-DowntownManch.JPG","//bits.wikimedia.org/static-1.22wmf12/skins/common/images/magnify-clip.png","//upload.wikimedia.org/wikipedia/commons/thumb/e/ea/Bridge_St.%2C_West_from_Maple_St.%2C_Manchester%2C_NH.jpg/120px-Bridge_St.%2C_West_from_Maple_St.%2C_Manchester%2C_NH.jpg","//upload.wikimedia.org/wikipedia/commons/thumb/6/69/Soldiers%27_Monument%2C_Manchester%2C_NH.jpg/120px-Soldiers%27_Monument%2C_Manchester%2C_NH.jpg","//upload.wikimedia.org/wikipedia/commons/thumb/c/c8/Granite_Street%2C_West_Manchester%2C_NH.jpg/120px-Granite_Street%2C_West_Manchester%2C_NH.jpg","//upload.wikimedia.org/wikipedia/commons/thumb/a/ab/Old_Fire_Station%2C_Manchester%2C_NH.jpg/120px-Old_Fire_Station%2C_Manchester%2C_NH.jpg","//upload.wikimedia.org/wikipedia/commons/thumb/a/a5/City_Hall_Plaza_In_Manchester_NH.JPG/220px-City_Hall_Plaza_In_Manchester_NH.JPG","//bits.wikimedia.org/static-1.22wmf12/skins/common/images/magnify-clip.png","//upload.wikimedia.org/wikipedia/commons/thumb/f/f5/Manch-WestSide.jpg/220px-Manch-WestSide.jpg","//bits.wikimedia.org/static-1.22wmf12/skins/common/images/magnify-clip.png","//upload.wikimedia.org/wikipedia/commons/thumb/2/2e/Lincoln_in_front_of_Central_HS.jpg/220px-Lincoln_in_front_of_Central_HS.jpg","//bits.wikimedia.org/static-1.22wmf12/skins/common/images/magnify-clip.png","//upload.wikimedia.org/wikipedia/commons/thumb/a/ad/Pearl_Street_School%2C_Manchester%2C_NH.jpg/220px-Pearl_Street_School%2C_Manchester%2C_NH.jpg","//bits.wikimedia.org/static-1.22wmf12/skins/common/images/magnify-clip.png","//upload.wikimedia.org/wikipedia/commons/thumb/0/0a/ManchesterNH_WestonObservatory.jpg/220px-ManchesterNH_WestonObservatory.jpg","//bits.wikimedia.org/static-1.22wmf12/skins/common/images/magnify-clip.png","//upload.wikimedia.org/wikipedia/commons/thumb/4/4e/ElmStreetManchester.jpg/220px-ElmStreetManchester.jpg","//bits.wikimedia.org/static-1.22wmf12/skins/common/images/magnify-clip.png","//upload.wikimedia.org/wikipedia/commons/thumb/e/e1/Old_Library%2C_Manchester%2C_NH.jpg/220px-Old_Library%2C_Manchester%2C_NH.jpg","//bits.wikimedia.org/static-1.22wmf12/skins/common/images/magnify-clip.png","//upload.wikimedia.org/wikipedia/commons/thumb/8/81/Union_Station%2C_Manchester%2C_NH.jpg/220px-Union_Station%2C_Manchester%2C_NH.jpg","//bits.wikimedia.org/static-1.22wmf12/skins/common/images/magnify-clip.png","//upload.wikimedia.org/wikipedia/commons/thumb/9/97/Amoskeag_Bank_Building%2C_Manchester%2C_NH.jpg/220px-Amoskeag_Bank_Building%2C_Manchester%2C_NH.jpg","//bits.wikimedia.org/static-1.22wmf12/skins/common/images/magnify-clip.png","//upload.wikimedia.org/wikipedia/commons/thumb/1/15/Gen._John_Stark_House%2C_Manchester%2C_NH.jpg/220px-Gen._John_Stark_House%2C_Manchester%2C_NH.jpg","//bits.wikimedia.org/static-1.22wmf12/skins/common/images/magnify-clip.png","//upload.wikimedia.org/wikipedia/en/thumb/a/a4/Flag_of_the_United_States.svg/23px-Flag_of_the_United_States.svg.png","//upload.wikimedia.org/wikipedia/en/thumb/b/ba/Flag_of_Germany.svg/23px-Flag_of_Germany.svg.png","//upload.wikimedia.org/wikipedia/commons/thumb/7/72/Flag_of_the_Republic_of_China.svg/23px-Flag_of_the_Republic_of_China.svg.png","//upload.wikimedia.org/wikipedia/commons/thumb/d/d4/Flag_of_Israel.svg/21px-Flag_of_Israel.svg.png","//upload.wikimedia.org/wikipedia/commons/thumb/6/6a/Flag_of_Zimbabwe.svg/23px-Flag_of_Zimbabwe.svg.png","//upload.wikimedia.org/wikipedia/en/thumb/4/4a/Commons-logo.svg/30px-Commons-logo.svg.png","//upload.wikimedia.org/wikipedia/commons/thumb/d/d8/Wikivoyage_favicon.svg/16px-Wikivoyage_favicon.svg.png","//upload.wikimedia.org/wikipedia/commons/thumb/f/fb/Map_of_New_Hampshire_highlighting_Hillsborough_County.svg/80px-Map_of_New_Hampshire_highlighting_Hillsborough_County.svg.png","//upload.wikimedia.org/wikipedia/commons/thumb/2/28/Flag_of_New_Hampshire.svg/23px-Flag_of_New_Hampshire.svg.png","//upload.wikimedia.org/wikipedia/en/thumb/4/48/Folder_Hexagonal_Icon.svg/16px-Folder_Hexagonal_Icon.svg.png","//upload.wikimedia.org/wikipedia/en/thumb/f/fd/Portal-puzzle.svg/16px-Portal-puzzle.svg.png","//en.wikipedia.org/w/index.php?title=Special:CentralAutoLogin/start&type=1x1&from=enwiki","//bits.wikimedia.org/static-1.22wmf12/skins/vector/images/search-ltr.png?303-4","//bits.wikimedia.org/images/wikimedia-button.png","//bits.wikimedia.org/static-1.22wmf12/skins/common/images/poweredby_mediawiki_88x31.png"],"tags":[["city_hall_plaza","manchester"],["republican_party","united_states"],["incorporation","municipal_government"],["lock","water_transport"],["spinning","textiles"],["john_rogers","sculptor"],["trinity_high_school","manchester,_new_hampshire"],["holy_family_academy","new_hampshire"],["mount_zion_christian_schools","manchester,_new_hampshire"],["easter_seals","u.s."],["manchester_community_college","new_hampshire"],["palace_theatre","manchester,_new_hampshire"],["eastern_league","baseball"],["eastern_league","u.s._baseball"],["white_mountains","new_hampshire"],["seacoast_region","new_hampshire"],["north_shore","massachusetts"],["city_hall_plaza","manchester"]],"members":["lock","north_shore","incorporation","trinity_high_school","manchester_community_college","john_rogers","palace_theatre","city_hall_plaza","holy_family_academy","republican_party","eastern_league","easter_seals","seacoast_region","mount_zion_christian_schools","spinning","white_mountains"],"related":["City","City_Hall_Plaza_(Manchester)","Hillsborough_County,_New_Hampshire","List_of_sovereign_states","United_States","Political_divisions_of_the_United_States","New_Hampshire","List_of_counties_in_New_Hampshire","Hillsborough_County,_New_Hampshire","Mayor","Ted_Gatsas","Republican_Party_(United_States)","Aldermen","Incorporation_(municipal_government)","List_of_United_States_cities_by_population","List_of_United_States_urban_areas","List_of_Metropolitan_Statistical_Areas","Eastern_Standard_Time_Zone","Eastern_Daylight_Time_Zone","ZIP_code","Area_code_603","Federal_Information_Processing_Standard","Geographic_Names_Information_System","U.S._state","New_Hampshire","New_England","Maine","New_Hampshire","Vermont","Hillsborough_County,_New_Hampshire","Merrimack_River","Northeast_megalopolis","2010_United_States_Census","CNNMoney.com","United_States_of_America","Kiplinger","Anchorage,_Alaska","Pennacook","Native_Americans_of_the_United_States","Amoskeag_Falls","John_Goffe","Cohas_Brook","Dam","Sawmill","Province_of_Massachusetts_Bay","Queen_Anne's_War","Wilton,_Maine","Benning_Wentworth","Massabesic_Lake","Canal","Lock_(water_transport)","Industrial_Revolution","Manchester","England","Cotton","Spinning_(textiles)","Water_power","Entrepreneur","Amoskeag_Manufacturing_Company","Engineer","Architect","Company_town","Loom","Shoe","Cigar","Paper","Foundry","Musket","Sewing_machine","Machine","Fire_engine","Locomotive","Amoskeag_Locomotive_Works","Manchester_Locomotive_Works","French_Canadian","Mill_town","Victorian_architecture","Architecture","New_Hampshire_Union_Leader","Mall_of_New_Hampshire","Verizon_Wireless_Arena","United_States_Census_Bureau","Piscataquog_River","Cohas_Brook","Massabesic_Lake","Sea_level","Humid_continental_climate","Kppen_climate_classification","Nor'easter","Massabesic_Lake","National_Oceanic_and_Atmospheric_Administration","Pinardville,_New_Hampshire","Goffstown,_New_Hampshire","Streetcar_suburb","St._Anselm_College","Bedford,_New_Hampshire","Tax_Increment_Financing","Manchester_Transit_Authority","Bedford,_New_Hampshire","Post-war","St._Anselm_College","South_Hooksett,_New_Hampshire","Hooksett,_New_Hampshire","Census","Population_density","Race_and_ethnicity_in_the_United_States_Census","Race_and_ethnicity_in_the_United_States_Census","Race_and_ethnicity_in_the_United_States_Census","Race_and_ethnicity_in_the_United_States_Census","Race_and_ethnicity_in_the_United_States_Census","Race_and_ethnicity_in_the_United_States_Census","Race_and_ethnicity_in_the_United_States_Census","Race_and_ethnicity_in_the_United_States_Census","French_American","French-Canadian","Irish_American","English_American","German_American","Italian_American","Marriage","Per_capita_income","Amplitude_modulation","Frequency_modulation","WMUR-TV","American_Broadcasting_Company","Public,_educational,_and_government_access","Cable_television","John_Rogers_(sculptor)","Manchester_High_School_Central","Manchester_High_School_West","Manchester_Central_High_School","Manchester_Memorial_High_School","Manchester_School_of_Technology","Trinity_High_School_(Manchester,_New_Hampshire)","The_Derryfield_School","Holy_Family_Academy_(New_Hampshire)","Liberty_Harbor_Academy","Mount_Zion_Christian_Schools_(Manchester,_New_Hampshire)","Bedford,_New_Hampshire","Easter_Seals_(U.S.)","Granite_State_College","Hesser_College","Manchester_Community_College_(New_Hampshire)","Massachusetts_College_of_Pharmacy_and_Health_Sciences","New_Hampshire_Institute_of_Art","Saint_Anselm_College","Goffstown,_New_Hampshire","Southern_New_Hampshire_University","Hooksett,_New_Hampshire","University_of_New_Hampshire_at_Manchester","Palace_Theatre_(Manchester,_New_Hampshire)","Currier_Museum_of_Art","New_Hampshire_Institute_of_Art","Valley_Cemetery","Verizon_Wireless_Arena","John_F._Kennedy_Memorial_Coliseum","Hippo_Press","Robert_A._Baines","Verizon_Wireless_Arena","American_Hockey_League","Manchester_Monarchs","Af2","Manchester_Wolves","Northeast_Delta_Dental_Stadium","Eastern_League_(baseball)","New_Hampshire_Fisher_Cats","New_England_Rugby_Football_Union","Northeast_Athletic_Club","Eastern_League_(U.S._baseball)","Northeast_Delta_Dental_Stadium","American_Hockey_League","Verizon_Wireless_Arena","Af2","Verizon_Wireless_Arena","USL_Premier_Development_League","Manchester_Memorial_High_School","USARS","West_Side_Ice_Arena","WFTDA","John_F._Kennedy_Memorial_Coliseum","Independent_Women's_Football_League","Manchester_High_School_West","Manchester-Boston_Regional_Airport","Boston","Massachusetts","Southwest_Airlines","Logan_International_Airport","Portland_International_Jetport","Interstate_Highway","Interstate_93","Interstate_293","F.E._Everett_Turnpike","Concord,_New_Hampshire","White_Mountains_(New_Hampshire)","Nashua,_New_Hampshire","Boston","New_Hampshire_Route_101","Hampton_Beach,_New_Hampshire","Seacoast_Region_(New_Hampshire)","Maine","Massachusetts","North_Shore_(Massachusetts)","Interstate_95","Keene,_New_Hampshire","Monadnock_region","U.S._Route_3_in_New_Hampshire","New_Hampshire_Route_28","New_Hampshire_Route_3A","Manchester_Transit_Authority","Concord_Trailways","Boston_Express","Vermont_Transit_Lines","Greyhound_Lines","Londonderry,_New_Hampshire","MBTA_Commuter_Rail","Lowell,_Massachusetts","Concord,_New_Hampshire","New_Hampshire_Rail_Transit_Authority","Montreal","Interstate_93","Salem,_New_Hampshire","Dean_Kamen","Segway_PT","Manchester-Boston_Regional_Airport","Kiplinger","United_States_of_America","Anchorage,_Alaska","CNN","United_States_of_America","Segway_PT","Dean_Kamen","City_Hall_Plaza_(Manchester)","Hampshire_Plaza","Cambridge,_Massachusetts","Citizens_Financial_Group","Manchester_Citizens_Bank_Tower","Bank_of_America","Verizon_Wireless_Arena","Manchester_Monarchs","American_Hockey_League","Los_Angeles_Kings","Northeast_Delta_Dental_Stadium","Minor_league_baseball","Toronto_Blue_Jays","New_Hampshire_Fisher_Cats","Gill_Stadium","Mall_of_New_Hampshire","Nashville,_Tennessee","Tennessee","United_States","Neustadt_an_der_Weinstrae","Germany","Taichung","Taiwan","Hof_HaCarmel_Regional_Council","Israel","Gweru","Zimbabwe","List_of_mayors_of_Manchester,_New_Hampshire"]}