{"cursor":"9620","size":15,"audio":[],"currentlang":"en","article":"\n[http://unstats.un.org/unsd/methods/m49/m49regin.htm#europe United\nNations Statistics Division- Standard Country and Area Codes Classifications\n(M49)] (marked blue):\n\n\n\n]]\n\n\n'Northern Europe' is the northern part or region of the European continent. A\nUnited Nations report published in 2011 defines Northern Europe as including the\nfollowing ten countries and dependent regions: Denmark (with Faroe Islands),\nEstonia, Finland (with Ãland), Iceland, Ireland, Latvia, Lithuania, Norway\n(Svalbard and Jan Mayen), Sweden, and the UK (with Guernsey, Isle of Man and\nJersey).\n\nThe United Kingdom and Ireland are sometimes included in Western Europe; as is Iceland for historical, cultural,\nlinguistic and political reasons (compare Greenland which is part of the Kingdom\nof Denmark, but is geographically located in North America, and is sometimes\nconsidered to be in Northern Europe or the Nordic countries, though rarely\nScandinavia proper).\n\nBefore the establishment of the Nordic Council in 1952, the term 'Nordic', or\n'Northern', was commonly used to also refer to the Lutheran Baltic countries\nEstonia and Latvia, as well as the northern sections of European Russia.\n","linknr":611,"url":"Northern_Europe","recorded":1376416749,"links":["/w/index.php?title=Northern_Europe&action=edit","/w/index.php?title=Northern_Europe&action=edit","//bits.wikimedia.org/favicon/wikipedia.ico","/w/opensearch_desc.php","//en.wikipedia.org/w/api.php?action=rsd","//creativecommons.org/licenses/by-sa/3.0/","/w/index.php?title=Special:RecentChanges&feed=atom","http://en.wikipedia.org/wiki/Northern_Europe","//bits.wikimedia.org/en.wikipedia.org/load.php?debug=false&lang=en&modules=ext.gadget.DRN-wizard%2CReferenceTooltips%2Ccharinsert%2Cteahouse%7Cext.rtlcite%2Cwikihiero%7Cext.uls.nojs%7Cmediawiki.legacy.commonPrint%2Cshared%7Cmw.PopUpMediaTransform%7Cskins.vector&only=styles&skin=vector&*","//bits.wikimedia.org/en.wikipedia.org/load.php?debug=false&lang=en&modules=ext.visualEditor.viewPageTarget.noscript&only=styles&skin=vector&*","//bits.wikimedia.org/en.wikipedia.org/load.php?debug=false&lang=en&modules=site&only=styles&skin=vector&*","//bits.wikimedia.org/en.wikipedia.org/load.php?debug=false&lang=en&modules=startup&only=scripts&skin=vector&*","//bits.wikimedia.org/geoiplookup","//meta.wikimedia.org","#mw-navigation","#p-search","/wiki/Nordic_countries","/wiki/File:Europe_subregion_map_UN_geoschme.svg","//upload.wikimedia.org/wikipedia/commons/thumb/7/74/Europe_subregion_map_UN_geoschme.svg/250px-Europe_subregion_map_UN_geoschme.svg.png","/wiki/File:Europe_subregion_map_UN_geoschme.svg","//bits.wikimedia.org/static-1.22wmf12/skins/common/images/magnify-clip.png","/wiki/United_Nations","#cite_note-UN_division-1","/wiki/Western_Europe","/wiki/Eastern_Europe","/wiki/Southern_Europe","/wiki/File:Satellite_image_of_Northern_Europe.png","//upload.wikimedia.org/wikipedia/commons/thumb/7/74/Satellite_image_of_Northern_Europe.png/220px-Satellite_image_of_Northern_Europe.png","/wiki/File:Satellite_image_of_Northern_Europe.png","//bits.wikimedia.org/static-1.22wmf12/skins/common/images/magnify-clip.png","/wiki/North","/wiki/Region","/wiki/Europe","/wiki/Continent","/wiki/United_Nations","/wiki/Denmark","/wiki/Faroe_Islands","/wiki/Estonia","/wiki/Finland","/wiki/%C3%85land","/wiki/Iceland","/wiki/Ireland","/wiki/Latvia","/wiki/Lithuania","/wiki/Norway","/wiki/Svalbard_and_Jan_Mayen","/wiki/Sweden","/wiki/UK","/wiki/Guernsey","/wiki/Isle_of_Man","/wiki/Jersey","#cite_note-UN_division-1","/wiki/United_Kingdom","/wiki/Republic_of_Ireland","#cite_note-National_Geographic-2","/wiki/Greenland","/wiki/Denmark","/wiki/North_America","/wiki/Nordic_countries","/wiki/Nordic_Council","/wiki/Lutheranism","/wiki/Baltic_countries","/wiki/Estonia","/wiki/Latvia","/wiki/European_Russia","#History","#Geography","#Demographics","#See_also","#References","/w/index.php?title=Northern_Europe&action=edit&section=1","/w/index.php?title=Northern_Europe&veaction=edit&section=1","/wiki/File:Cosmographia_Northern_Europe_1482.jpg","//upload.wikimedia.org/wikipedia/commons/thumb/8/8e/Cosmographia_Northern_Europe_1482.jpg/220px-Cosmographia_Northern_Europe_1482.jpg","/wiki/File:Cosmographia_Northern_Europe_1482.jpg","//bits.wikimedia.org/static-1.22wmf12/skins/common/images/magnify-clip.png","/wiki/Ptolemy","/wiki/File:Septentrionales.jpg","//upload.wikimedia.org/wikipedia/commons/thumb/2/2d/Septentrionales.jpg/220px-Septentrionales.jpg","/wiki/File:Septentrionales.jpg","//bits.wikimedia.org/static-1.22wmf12/skins/common/images/magnify-clip.png","/wiki/Roman_Empire","/wiki/Germany","/wiki/Low_Countries","/wiki/Austria","/wiki/Northern_Renaissance","/wiki/Medieval","/wiki/Thule","/wiki/Mythical_place","/w/index.php?title=Northern_Europe&action=edit&section=2","/w/index.php?title=Northern_Europe&veaction=edit&section=2","/wiki/File:Question_book-new.svg","//upload.wikimedia.org/wikipedia/en/thumb/9/99/Question_book-new.svg/50px-Question_book-new.svg.png","/wiki/Wikipedia:Citing_sources","/wiki/Wikipedia:Verifiability","/wiki/Help:Introduction_to_referencing/1","/wiki/Wikipedia:Verifiability#Burden_of_evidence","/wiki/Scandinavian_peninsula","/wiki/Jutland","/wiki/Baltic_region","/wiki/Islands","/wiki/Iceland","/wiki/Jan_Mayen","/wiki/Mountainous","/wiki/Great_Britain","/wiki/Ireland","/wiki/Scandinavian_mountains","/wiki/Mountains","/wiki/Hills","/wiki/Sweden","/wiki/Lithuania","/wiki/Latvia","/wiki/Estonia","/wiki/Finland","/wiki/50th_parallel_north","/wiki/81st_parallel_north","/wiki/Gulf_Stream","/wiki/Oceanic_climate","/wiki/Subarctic","/wiki/Arctic","/wiki/Subarctic","/wiki/Temperate","/wiki/Continental_climate","/wiki/Tundra","/wiki/Boreal_forest","/wiki/Temperate_coniferous_forests","/wiki/Scottish_highlands","/wiki/Norway","/wiki/Temperate_broadleaf_forests","/wiki/United_Kingdom","/wiki/Republic_of_Ireland","/wiki/Winter","/wiki/Winter_of_2010-2011_in_Europe","#cite_note-Visit_Norway-3","/w/index.php?title=Northern_Europe&action=edit&section=3","/w/index.php?title=Northern_Europe&veaction=edit&section=3","/wiki/Human_Development_Index","/wiki/Happy_Planet_Index","#cite_note-UN_division-1","/wiki/List_of_countries_by_area","/wiki/List_of_countries_by_population","/wiki/List_of_countries_by_population_density","/wiki/Capital_(political)","/wiki/List_of_countries_by_GDP_(PPP)","/wiki/%C3%85land_Islands","//upload.wikimedia.org/wikipedia/commons/thumb/5/52/Flag_of_%C3%85land.svg/23px-Flag_of_%C3%85land.svg.png","/wiki/%C3%85land","/wiki/Finland","/wiki/Mariehamn","/wiki/Denmark","//upload.wikimedia.org/wikipedia/commons/thumb/9/9c/Flag_of_Denmark.svg/20px-Flag_of_Denmark.svg.png","/wiki/Denmark","/wiki/Copenhagen","/wiki/Faroe_Islands","//upload.wikimedia.org/wikipedia/commons/thumb/3/3c/Flag_of_the_Faroe_Islands.svg/21px-Flag_of_the_Faroe_Islands.svg.png","/wiki/Faroe_Islands","/wiki/Denmark","/wiki/T%C3%B3rshavn","/wiki/Estonia","//upload.wikimedia.org/wikipedia/commons/thumb/8/8f/Flag_of_Estonia.svg/23px-Flag_of_Estonia.svg.png","/wiki/Estonia","/wiki/Tallinn","/wiki/Finland","//upload.wikimedia.org/wikipedia/commons/thumb/b/bc/Flag_of_Finland.svg/23px-Flag_of_Finland.svg.png","/wiki/Finland","/wiki/Helsinki","/wiki/Guernsey","//upload.wikimedia.org/wikipedia/commons/thumb/f/fa/Flag_of_Guernsey.svg/23px-Flag_of_Guernsey.svg.png","/wiki/Guernsey","#cnote_d","/wiki/St_Peter_Port","/wiki/Iceland","//upload.wikimedia.org/wikipedia/commons/thumb/c/ce/Flag_of_Iceland.svg/21px-Flag_of_Iceland.svg.png","/wiki/Iceland","/wiki/Reykjav%C3%ADk","/wiki/Republic_of_Ireland","//upload.wikimedia.org/wikipedia/commons/thumb/4/45/Flag_of_Ireland.svg/23px-Flag_of_Ireland.svg.png","/wiki/Republic_of_Ireland","/wiki/Dublin","/wiki/Isle_of_Man","//upload.wikimedia.org/wikipedia/commons/thumb/b/bc/Flag_of_the_Isle_of_Man.svg/23px-Flag_of_the_Isle_of_Man.svg.png","/wiki/Isle_of_Man","#cnote_d","/wiki/Douglas,_Isle_of_Man","/wiki/Jersey","//upload.wikimedia.org/wikipedia/commons/thumb/1/1c/Flag_of_Jersey.svg/23px-Flag_of_Jersey.svg.png","/wiki/Jersey","#cnote_d","/wiki/Saint_Helier","/wiki/Latvia","//upload.wikimedia.org/wikipedia/commons/thumb/8/84/Flag_of_Latvia.svg/23px-Flag_of_Latvia.svg.png","/wiki/Latvia","/wiki/Riga","/wiki/Lithuania","//upload.wikimedia.org/wikipedia/commons/thumb/1/11/Flag_of_Lithuania.svg/23px-Flag_of_Lithuania.svg.png","/wiki/Lithuania","/wiki/Vilnius","/wiki/Norway","//upload.wikimedia.org/wikipedia/commons/thumb/d/d9/Flag_of_Norway.svg/21px-Flag_of_Norway.svg.png","/wiki/Norway","/wiki/Oslo","/wiki/Norway","//upload.wikimedia.org/wikipedia/commons/thumb/d/d9/Flag_of_Norway.svg/21px-Flag_of_Norway.svg.png","/wiki/Svalbard_and_Jan_Mayen","/wiki/Norway","/wiki/Longyearbyen","/wiki/Sweden","//upload.wikimedia.org/wikipedia/en/thumb/4/4c/Flag_of_Sweden.svg/23px-Flag_of_Sweden.svg.png","/wiki/Sweden","/wiki/Stockholm","/wiki/United_Kingdom","//upload.wikimedia.org/wikipedia/en/thumb/a/ae/Flag_of_the_United_Kingdom.svg/23px-Flag_of_the_United_Kingdom.svg.png","/wiki/United_Kingdom","/wiki/London","/w/index.php?title=Northern_Europe&action=edit&section=4","/w/index.php?title=Northern_Europe&veaction=edit&section=4","/wiki/File:Terrestrial_globe.svg","//upload.wikimedia.org/wikipedia/en/thumb/6/6b/Terrestrial_globe.svg/29px-Terrestrial_globe.svg.png","/wiki/Portal:Geography","/wiki/File:Europe_green_light.png","//upload.wikimedia.org/wikipedia/commons/thumb/3/3b/Europe_green_light.png/32px-Europe_green_light.png","/wiki/Portal:Europe","//upload.wikimedia.org/wikipedia/en/thumb/4/4a/Commons-logo.svg/30px-Commons-logo.svg.png","//commons.wikimedia.org/wiki/Special:Search/Northern_Europe","/wiki/Baltic_region","/wiki/Baltic_states","/wiki/Baltoscandia","/wiki/British_Isles","/wiki/Central_Europe","/wiki/Eastern_Europe","/wiki/Germanic_languages","/wiki/NB8","/wiki/Nordic_Council","/wiki/Nordic_countries","/wiki/Scandinavia","/wiki/Southern_Europe","/wiki/Western_Europe","/w/index.php?title=Northern_Europe&action=edit&section=5","/w/index.php?title=Northern_Europe&veaction=edit&section=5","#cite_ref-UN_division_1-0","#cite_ref-UN_division_1-1","#cite_ref-UN_division_1-2","http://unstats.un.org/unsd/methods/m49/m49regin.htm#europe","#cite_ref-National_Geographic_2-0","http://travel.nationalgeographic.com/places/regions/region_westeurope.html","/wiki/National_Geographic_Society","/wiki/Wikipedia:Link_rot","#cite_ref-Visit_Norway_3-0","http://www.visitnorway.com/en/About-Norway/Seasons-and-climate-in-Norway/","/wiki/Template:Regions_of_the_world","/wiki/Template_talk:Regions_of_the_world","//en.wikipedia.org/w/index.php?title=Template:Regions_of_the_world&action=edit","/wiki/Regions#Geographical_regions","/wiki/Earth","/wiki/File:LocationAfrica.png","//upload.wikimedia.org/wikipedia/commons/thumb/0/0f/LocationAfrica.png/60px-LocationAfrica.png","/wiki/Africa","/wiki/North_Africa","/wiki/Sub-Saharan_Africa","/wiki/Central_Africa","/wiki/East_Africa","/wiki/Horn_of_Africa","/wiki/Southern_Africa","/wiki/West_Africa","/wiki/Greater_Middle_East","/wiki/File:LocationOceania.png","//upload.wikimedia.org/wikipedia/commons/thumb/a/a0/LocationOceania.png/60px-LocationOceania.png","/wiki/Oceania","/wiki/Australasia","/wiki/Australia_(continent)","/wiki/Zealandia_(continent)","/wiki/Pacific_Islands","/wiki/Melanesia","/wiki/Micronesia","/wiki/Polynesia","/wiki/File:LocationNorthAmerica.png","//upload.wikimedia.org/wikipedia/commons/thumb/e/e9/LocationNorthAmerica.png/60px-LocationNorthAmerica.png","/wiki/North_America","/wiki/Northern_America","/wiki/Caribbean","/wiki/Central_America","/wiki/Middle_America_(region)","/wiki/Anglo-America","/wiki/Latin_America","/wiki/Hispanic_America","/wiki/File:LocationSouthAmerica.png","//upload.wikimedia.org/wikipedia/commons/thumb/0/02/LocationSouthAmerica.png/60px-LocationSouthAmerica.png","/wiki/South_America","/wiki/Southern_Cone","/wiki/Northern_South_America","/wiki/The_Guianas","/wiki/Andean_states","/wiki/Latin_America","/wiki/Hispanic_America","/wiki/File:LocationPolarRegions.png","//upload.wikimedia.org/wikipedia/commons/thumb/9/9c/LocationPolarRegions.png/60px-LocationPolarRegions.png","/wiki/Polar_region","/wiki/Antarctic","/wiki/Arctic","/wiki/File:LocationAsia.svg","//upload.wikimedia.org/wikipedia/commons/thumb/4/49/LocationAsia.svg/60px-LocationAsia.svg.png","/wiki/Asia","/wiki/Central_Asia","/wiki/Far_East","/wiki/East_Asia","/wiki/Southeast_Asia","/wiki/Indochina","/wiki/Maritime_Southeast_Asia","/wiki/Northeast_Asia","/wiki/North_Asia","/wiki/South_Asia","/wiki/Indian_subcontinent","/wiki/Western_Asia","/wiki/Caucasus","/wiki/Middle_East","/wiki/Near_East","/wiki/Asia-Pacific","/wiki/File:LocationOceans.png","//upload.wikimedia.org/wikipedia/commons/thumb/d/df/LocationOceans.png/60px-LocationOceans.png","/wiki/Ocean","/wiki/World_Ocean","/wiki/Arctic_Ocean","/wiki/Atlantic_Ocean","/wiki/Indian_Ocean","/wiki/Pacific_Ocean","/wiki/Southern_Ocean","/wiki/File:LocationEurope.png","//upload.wikimedia.org/wikipedia/commons/thumb/e/e9/LocationEurope.png/60px-LocationEurope.png","/wiki/Europe","/wiki/Central_Europe","/wiki/Eastern_Europe","/wiki/Southeast_Europe","/wiki/Balkans","/wiki/Caucasus","/wiki/Middle_East","/wiki/Southern_Europe","/wiki/Western_Europe","/wiki/File:LocationOceans.png","//upload.wikimedia.org/wikipedia/commons/thumb/d/df/LocationOceans.png/60px-LocationOceans.png","/wiki/Sea","/wiki/Sea#List_of_seas","/wiki/Template:Continents_of_the_world","/wiki/Template:List_of_seas","/wiki/Template:Physical_Earth","/wiki/Template:Europe_topics","/wiki/Template_talk:Europe_topics","//en.wikipedia.org/w/index.php?title=Template:Europe_topics&action=edit","/wiki/Europe","/wiki/History_of_Europe","/wiki/Prehistoric_Europe","/wiki/Classical_antiquity","/wiki/Late_Antiquity","/wiki/Middle_Ages","/wiki/Early_modern_Europe","/wiki/Crisis_situations_and_protests_in_Europe_since_2000","/wiki/Military_history_of_Europe","/wiki/List_of_sovereign_states_by_date_of_formation#Europe","/wiki/Predecessors_of_sovereign_states_in_Europe","/wiki/Geography_of_Europe","/wiki/Area_and_population_of_European_countries","/wiki/List_of_metropolitan_areas_in_Europe_by_population","/wiki/List_of_cities_in_Europe","/wiki/Extreme_points_of_Europe","/wiki/Geology_of_Europe","/wiki/List_of_islands_of_Europe","/wiki/List_of_lakes#Europe","/wiki/List_of_mountain_ranges#Europe","/wiki/List_of_rivers_of_Europe","/wiki/List_of_sovereign_states_and_dependent_territories_in_Europe","/wiki/List_of_sovereign_states_and_dependent_territories_in_Europe_by_population","/wiki/List_of_villages_in_Europe","/wiki/Eurosphere","/wiki/International_organisations_in_Europe","/wiki/European_integration","/wiki/Law_in_Europe","/wiki/Politics_of_Europe","/wiki/Post-Soviet_states","/wiki/Transatlantic_relations","/wiki/Commonwealth_of_Independent_States","/wiki/Council_of_Europe","/wiki/Collective_Security_Treaty_Organisation","/wiki/GUAM_Organization_for_Democracy_and_Economic_Development","/wiki/NATO","/wiki/Organization_for_Security_and_Co-operation_in_Europe","/wiki/Organization_for_Security_and_Co-operation_in_Europe_statistics","/wiki/European_Union","/wiki/Economy_of_the_European_Union","/wiki/Third-country_economic_relationships_with_the_European_Union","/wiki/European_Union_free_trade_agreements","/wiki/Educational_policies_and_initiatives_of_the_European_Union","/wiki/European_Economic_Area","/wiki/European_Neighbourhood_Policy","/wiki/European_Union_Customs_Union","/wiki/Eurozone","/wiki/Foreign_relations_of_the_European_Union","/wiki/Member_state_of_the_European_Union","/wiki/Future_enlargement_of_the_European_Union","/wiki/Politics_of_the_European_Union","/wiki/Schengen_Area","/wiki/European_Union_statistics","/wiki/Visa_policy_in_the_European_Union","/wiki/Economy_of_Europe","/wiki/Financial_and_social_rankings_of_sovereign_states_in_Europe","/wiki/Free_trade_areas_in_Europe","/wiki/Telecommunications_in_Europe","/wiki/Transport_in_Europe","/wiki/Central_European_Free_Trade_Agreement","/wiki/Customs_Union_of_Belarus,_Kazakhstan_and_Russia","/wiki/Eurasian_Economic_Community","/wiki/European_Free_Trade_Association","/wiki/List_of_sovereign_states_in_Europe_by_net_average_wage","/wiki/List_of_sovereign_states_in_Europe_by_budget_revenues","/wiki/List_of_sovereign_states_in_Europe_by_budget_revenues_per_capita","/wiki/List_of_sovereign_states_in_Europe_by_Corruption_Perceptions_Index","/wiki/List_of_sovereign_states_in_Europe_by_GDP_(nominal)","/wiki/List_of_sovereign_states_in_Europe_by_GDP_(nominal)_per_capita","/wiki/List_of_sovereign_states_in_Europe_by_GDP_(PPP)","/wiki/List_of_sovereign_states_in_Europe_by_GDP_(PPP)_per_capita","/wiki/List_of_sovereign_states_in_Europe_by_GNI_(nominal)_per_capita","/wiki/List_of_sovereign_states_in_Europe_by_GNI_(PPP)_per_capita","/wiki/List_of_sovereign_states_in_Europe_by_Human_Development_Index","/wiki/List_of_sovereign_states_in_Europe_by_number_of_Internet_users","/wiki/List_of_sovereign_states_in_Europe_by_minimum_wage","/wiki/List_of_sovereign_states_in_Europe_by_Press_Freedom_Index","/wiki/List_of_sovereign_states_in_Europe_by_unemployment_rate","/wiki/Category:European_society","/wiki/Etiquette_in_Europe","/wiki/Financial_and_social_rankings_of_sovereign_states_in_Europe","/wiki/Languages_of_Europe","/wiki/List_of_endangered_languages_in_Europe","/wiki/History_of_European_research_universities","/wiki/Bologna_Process","/wiki/Erasmus_Programme","/wiki/Culture_of_Europe","/wiki/European_art_history","/wiki/Western_painting","/wiki/Sculpture#Europe","/wiki/History_of_architecture#Europe","/wiki/European_Capital_of_Culture","/wiki/European_cinema","/wiki/List_of_film_festivals_in_Europe","/wiki/Classical_music","/wiki/European_cuisine","/wiki/European_literature","/wiki/Continental_philosophy","/wiki/Religion_in_Europe","/wiki/Christianity_in_Europe","/wiki/Islam_in_Europe","/wiki/Jews_and_Judaism_in_Europe","/wiki/Sport_in_Europe","/wiki/Symbols_of_Europe","/wiki/Demographics_of_Europe","/wiki/Ageing_of_Europe","/wiki/Ethnic_groups_in_Europe","/wiki/Genetic_history_of_Europe","/wiki/Immigration_to_Europe","/wiki/List_of_sovereign_states_in_Europe_by_life_expectancy","/wiki/Retirement_in_Europe","/wiki/Outline_of_Europe","/wiki/Index_of_Europe-related_articles","/wiki/Category:Europe","/wiki/Portal:Europe","/wiki/Wikipedia:WikiProject_Europe","/wiki/Maps_of_present-day_countries_and_dependencies","//en.wikipedia.org/w/index.php?title=Special:CentralAutoLogin/start&type=1x1&from=enwiki","http://en.wikipedia.org/w/index.php?title=Northern_Europe&oldid=564998211","/wiki/Help:Category","/wiki/Category:Northern_Europe","/wiki/Category:Regions_of_Europe","/wiki/Category:All_articles_with_dead_external_links","/wiki/Category:Articles_with_dead_external_links_from_February_2012","/wiki/Category:Articles_needing_additional_references_from_August_2009","/wiki/Category:All_articles_needing_additional_references","/w/index.php?title=Special:UserLogin&returnto=Northern+Europe&type=signup","/w/index.php?title=Special:UserLogin&returnto=Northern+Europe","/wiki/Northern_Europe","/wiki/Talk:Northern_Europe","#","/wiki/Northern_Europe","/w/index.php?title=Northern_Europe&action=edit","/w/index.php?title=Northern_Europe&veaction=edit","/w/index.php?title=Northern_Europe&action=history","#","/w/index.php","//bits.wikimedia.org/static-1.22wmf12/skins/vector/images/search-ltr.png?303-4","/wiki/Main_Page","/wiki/Main_Page","/wiki/Portal:Contents","/wiki/Portal:Featured_content","/wiki/Portal:Current_events","/wiki/Special:Random","https://donate.wikimedia.org/wiki/Special:FundraiserRedirector?utm_source=donate&utm_medium=sidebar&utm_campaign=C13_en.wikipedia.org&uselang=en","/wiki/Help:Contents","/wiki/Wikipedia:About","/wiki/Wikipedia:Community_portal","/wiki/Special:RecentChanges","//en.wikipedia.org/wiki/Wikipedia:Contact_us","/wiki/Special:WhatLinksHere/Northern_Europe","/wiki/Special:RecentChangesLinked/Northern_Europe","/wiki/Wikipedia:File_Upload_Wizard","/wiki/Special:SpecialPages","/w/index.php?title=Northern_Europe&oldid=564998211","/w/index.php?title=Northern_Europe&action=info","//www.wikidata.org/wiki/Q27479","/w/index.php?title=Special:Cite&page=Northern_Europe&id=564998211","/w/index.php?title=Special:Book&bookcmd=book_creator&referer=Northern+Europe","/w/index.php?title=Special:Book&bookcmd=render_article&arttitle=Northern+Europe&oldid=564998211&writer=rl","/w/index.php?title=Northern_Europe&printable=yes","//ace.wikipedia.org/wiki/I%C3%ABrupa_Bar%C3%B4h","//af.wikipedia.org/wiki/Noord-Europa","//ar.wikipedia.org/wiki/%D8%A3%D9%88%D8%B1%D9%88%D8%A8%D8%A7_%D8%A7%D9%84%D8%B4%D9%85%D8%A7%D9%84%D9%8A%D8%A9","//frp.wikipedia.org/wiki/Eropa_du_Nord","//az.wikipedia.org/wiki/%C5%9Eimali_Avropa","//bn.wikipedia.org/wiki/%E0%A6%89%E0%A6%A4%E0%A7%8D%E0%A6%A4%E0%A6%B0_%E0%A6%87%E0%A6%89%E0%A6%B0%E0%A7%8B%E0%A6%AA","//zh-min-nan.wikipedia.org/wiki/Pak-au","//be.wikipedia.org/wiki/%D0%9F%D0%B0%D1%9E%D0%BD%D0%BE%D1%87%D0%BD%D0%B0%D1%8F_%D0%95%D1%9E%D1%80%D0%BE%D0%BF%D0%B0","//be-x-old.wikipedia.org/wiki/%D0%9F%D0%B0%D1%9E%D0%BD%D0%BE%D1%87%D0%BD%D0%B0%D1%8F_%D0%AD%D1%9E%D1%80%D0%BE%D0%BF%D0%B0","//bg.wikipedia.org/wiki/%D0%A1%D0%B5%D0%B2%D0%B5%D1%80%D0%BD%D0%B0_%D0%95%D0%B2%D1%80%D0%BE%D0%BF%D0%B0","//bs.wikipedia.org/wiki/Sjeverna_Evropa","//br.wikipedia.org/wiki/Europa_an_Norzh","//ca.wikipedia.org/wiki/Europa_del_Nord","//cv.wikipedia.org/wiki/%C3%87%D1%83%D1%80%C3%A7%C4%95%D1%80_%D0%95%D0%B2%D1%80%D0%BE%D0%BF%D0%B0","//cs.wikipedia.org/wiki/Severn%C3%AD_Evropa","//cy.wikipedia.org/wiki/Gogledd_Ewrop","//da.wikipedia.org/wiki/Nordeuropa","//de.wikipedia.org/wiki/Nordeuropa","//et.wikipedia.org/wiki/P%C3%B5hja-Euroopa","//es.wikipedia.org/wiki/Europa_del_Norte","//eo.wikipedia.org/wiki/Norda_E%C5%ADropo","//eu.wikipedia.org/wiki/Iparraldeko_Europa","//fa.wikipedia.org/wiki/%D8%A7%D8%B1%D9%88%D9%BE%D8%A7%DB%8C_%D8%B4%D9%85%D8%A7%D9%84%DB%8C","//fr.wikipedia.org/wiki/Europe_du_Nord","//fy.wikipedia.org/wiki/Noard-Jeropa","//gv.wikipedia.org/wiki/Yn_Oarpey_Hwoaie","//gag.wikipedia.org/wiki/Poyraz_Evropa","//gl.wikipedia.org/wiki/Europa_do_norte","//ko.wikipedia.org/wiki/%EB%B6%81%EC%9C%A0%EB%9F%BD","//hy.wikipedia.org/wiki/%D5%80%D5%B5%D5%B8%D6%82%D5%BD%D5%AB%D5%BD%D5%A1%D5%B5%D5%AB%D5%B6_%D4%B5%D5%BE%D6%80%D5%B8%D5%BA%D5%A1","//hr.wikipedia.org/wiki/Sjeverna_Europa","//id.wikipedia.org/wiki/Eropa_Utara","//os.wikipedia.org/wiki/%D0%A6%C3%A6%D0%B3%D0%B0%D1%82_%D0%95%D0%B2%D1%80%D0%BE%D0%BF%C3%A6","//is.wikipedia.org/wiki/Nor%C3%B0ur-Evr%C3%B3pa","//it.wikipedia.org/wiki/Europa_settentrionale","//he.wikipedia.org/wiki/%D7%A6%D7%A4%D7%95%D7%9F_%D7%90%D7%99%D7%A8%D7%95%D7%A4%D7%94","//jv.wikipedia.org/wiki/%C3%89ropah_Lor","//kn.wikipedia.org/wiki/%E0%B2%89%E0%B2%A4%E0%B3%8D%E0%B2%A4%E0%B2%B0_%E0%B2%AF%E0%B3%81%E0%B2%B0%E0%B3%8B%E0%B2%AA%E0%B3%8D","//ka.wikipedia.org/wiki/%E1%83%A9%E1%83%A0%E1%83%93%E1%83%98%E1%83%9A%E1%83%9D%E1%83%94%E1%83%97%E1%83%98_%E1%83%94%E1%83%95%E1%83%A0%E1%83%9D%E1%83%9E%E1%83%90","//kk.wikipedia.org/wiki/%D0%A1%D0%BE%D0%BB%D1%82%D2%AF%D1%81%D1%82%D1%96%D0%BA_%D0%95%D1%83%D1%80%D0%BE%D0%BF%D0%B0","//sw.wikipedia.org/wiki/Ulaya_ya_Kaskazini","//la.wikipedia.org/wiki/Europa_Septentrionalis","//lv.wikipedia.org/wiki/Zieme%C4%BCeiropa","//lt.wikipedia.org/wiki/%C5%A0iaur%C4%97s_Europa","//jbo.wikipedia.org/wiki/beryrontu%27a","//hu.wikipedia.org/wiki/%C3%89szak-Eur%C3%B3pa","//mk.wikipedia.org/wiki/%D0%A1%D0%B5%D0%B2%D0%B5%D1%80%D0%BD%D0%B0_%D0%95%D0%B2%D1%80%D0%BE%D0%BF%D0%B0","//mg.wikipedia.org/wiki/Eoropa_Avaratra","//mr.wikipedia.org/wiki/%E0%A4%89%E0%A4%A4%E0%A5%8D%E0%A4%A4%E0%A4%B0_%E0%A4%AF%E0%A5%81%E0%A4%B0%E0%A5%8B%E0%A4%AA","//xmf.wikipedia.org/wiki/%E1%83%9D%E1%83%9D%E1%83%A0%E1%83%A3%E1%83%94_%E1%83%94%E1%83%95%E1%83%A0%E1%83%9D%E1%83%9E%E1%83%90","//ms.wikipedia.org/wiki/Eropah_Utara","//nl.wikipedia.org/wiki/Noord-Europa","//nds-nl.wikipedia.org/wiki/Noord-Europa","//ja.wikipedia.org/wiki/%E5%8C%97%E3%83%A8%E3%83%BC%E3%83%AD%E3%83%83%E3%83%91","//no.wikipedia.org/wiki/Nord-Europa","//nn.wikipedia.org/wiki/Nord-Europa","//pa.wikipedia.org/wiki/%E0%A8%89%E0%A9%B1%E0%A8%A4%E0%A8%B0%E0%A9%80_%E0%A8%AF%E0%A9%82%E0%A8%B0%E0%A8%AA","//koi.wikipedia.org/wiki/%D0%9E%D0%B9%D0%B2%D1%8B%D0%B2_%D0%95%D0%B2%D1%80%D0%BE%D0%BF%D0%B0","//pl.wikipedia.org/wiki/Europa_P%C3%B3%C5%82nocna","//pt.wikipedia.org/wiki/Europa_Setentrional","//ro.wikipedia.org/wiki/Europa_de_Nord","//ru.wikipedia.org/wiki/%D0%A1%D0%B5%D0%B2%D0%B5%D1%80%D0%BD%D0%B0%D1%8F_%D0%95%D0%B2%D1%80%D0%BE%D0%BF%D0%B0","//sco.wikipedia.org/wiki/Northren_Europe","//sq.wikipedia.org/wiki/Evropa_veriore","//simple.wikipedia.org/wiki/Northern_Europe","//sk.wikipedia.org/wiki/Severn%C3%A1_Eur%C3%B3pa","//sl.wikipedia.org/wiki/Severna_Evropa","//cu.wikipedia.org/wiki/%D0%A1%D1%A3%D0%B2%D1%94%D1%80%D1%8C%D0%BD%D0%B0_%D0%84%D1%B5%D1%80%D1%A1%D0%BF%D0%B0","//sr.wikipedia.org/wiki/%D0%A1%D0%B5%D0%B2%D0%B5%D1%80%D0%BD%D0%B0_%D0%95%D0%B2%D1%80%D0%BE%D0%BF%D0%B0","//sh.wikipedia.org/wiki/Sjeverna_Evropa","//fi.wikipedia.org/wiki/Pohjois-Eurooppa","//sv.wikipedia.org/wiki/Nordeuropa","//ta.wikipedia.org/wiki/%E0%AE%B5%E0%AE%9F%E0%AE%95%E0%AF%8D%E0%AE%95%E0%AF%81_%E0%AE%90%E0%AE%B0%E0%AF%8B%E0%AE%AA%E0%AF%8D%E0%AE%AA%E0%AE%BE","//tt.wikipedia.org/wiki/%D0%A2%D3%A9%D0%BD%D1%8C%D1%8F%D0%BA_%D0%90%D1%83%D1%80%D1%83%D0%BF%D0%B0","//th.wikipedia.org/wiki/%E0%B8%A2%E0%B8%B8%E0%B9%82%E0%B8%A3%E0%B8%9B%E0%B9%80%E0%B8%AB%E0%B8%99%E0%B8%B7%E0%B8%AD","//tr.wikipedia.org/wiki/Kuzey_Avrupa","//tk.wikipedia.org/wiki/Demirgazyk_%C3%9Dewropa","//uk.wikipedia.org/wiki/%D0%9F%D1%96%D0%B2%D0%BD%D1%96%D1%87%D0%BD%D0%B0_%D0%84%D0%B2%D1%80%D0%BE%D0%BF%D0%B0","//ur.wikipedia.org/wiki/%D8%B4%D9%85%D8%A7%D9%84%DB%8C_%DB%8C%D9%88%D8%B1%D9%BE","//vi.wikipedia.org/wiki/B%E1%BA%AFc_%C3%82u","//war.wikipedia.org/wiki/Amihanan_nga_Europa","//wo.wikipedia.org/wiki/B%C3%ABj-g%C3%A0nnaaru_Tugal","//yo.wikipedia.org/wiki/Ap%C3%A1%C3%A0r%C3%ADw%C3%A1_Europe","//zh-yue.wikipedia.org/wiki/%E5%8C%97%E6%AD%90","//diq.wikipedia.org/wiki/Ewropaya_Z%C4%B1mey","//zea.wikipedia.org/wiki/No%C3%B4rd-Europa","//zh.wikipedia.org/wiki/%E5%8C%97%E6%AD%90","#","//www.wikidata.org/wiki/Q27479#sitelinks-wikipedia","//en.wikipedia.org/wiki/Wikipedia:Text_of_Creative_Commons_Attribution-ShareAlike_3.0_Unported_License","//creativecommons.org/licenses/by-sa/3.0/","//wikimediafoundation.org/wiki/Terms_of_Use","//wikimediafoundation.org/wiki/Privacy_policy","//www.wikimediafoundation.org/","//wikimediafoundation.org/wiki/Privacy_policy","/wiki/Wikipedia:About","/wiki/Wikipedia:General_disclaimer","//en.wikipedia.org/wiki/Wikipedia:Contact_us","//en.m.wikipedia.org/wiki/Northern_Europe","//wikimediafoundation.org/","//bits.wikimedia.org/images/wikimedia-button.png","//www.mediawiki.org/","//bits.wikimedia.org/static-1.22wmf12/skins/common/images/poweredby_mediawiki_88x31.png","//bits.wikimedia.org/en.wikipedia.org/load.php?debug=false&lang=en&modules=site&only=scripts&skin=vector&*"],"instances":["ppp","political"],"pdf":[],"categories":["Northern Europe","Regions of Europe"],"headings":["History","Geography","Demographics","See also","References"],"image":["//upload.wikimedia.org/wikipedia/commons/thumb/7/74/Europe_subregion_map_UN_geoschme.svg/250px-Europe_subregion_map_UN_geoschme.svg.png","//bits.wikimedia.org/static-1.22wmf12/skins/common/images/magnify-clip.png","//upload.wikimedia.org/wikipedia/commons/thumb/7/74/Satellite_image_of_Northern_Europe.png/220px-Satellite_image_of_Northern_Europe.png","//bits.wikimedia.org/static-1.22wmf12/skins/common/images/magnify-clip.png","//upload.wikimedia.org/wikipedia/commons/thumb/8/8e/Cosmographia_Northern_Europe_1482.jpg/220px-Cosmographia_Northern_Europe_1482.jpg","//bits.wikimedia.org/static-1.22wmf12/skins/common/images/magnify-clip.png","//upload.wikimedia.org/wikipedia/commons/thumb/2/2d/Septentrionales.jpg/220px-Septentrionales.jpg","//bits.wikimedia.org/static-1.22wmf12/skins/common/images/magnify-clip.png","//upload.wikimedia.org/wikipedia/en/thumb/9/99/Question_book-new.svg/50px-Question_book-new.svg.png","//upload.wikimedia.org/wikipedia/commons/thumb/5/52/Flag_of_%C3%85land.svg/23px-Flag_of_%C3%85land.svg.png","//upload.wikimedia.org/wikipedia/commons/thumb/9/9c/Flag_of_Denmark.svg/20px-Flag_of_Denmark.svg.png","//upload.wikimedia.org/wikipedia/commons/thumb/3/3c/Flag_of_the_Faroe_Islands.svg/21px-Flag_of_the_Faroe_Islands.svg.png","//upload.wikimedia.org/wikipedia/commons/thumb/8/8f/Flag_of_Estonia.svg/23px-Flag_of_Estonia.svg.png","//upload.wikimedia.org/wikipedia/commons/thumb/b/bc/Flag_of_Finland.svg/23px-Flag_of_Finland.svg.png","//upload.wikimedia.org/wikipedia/commons/thumb/f/fa/Flag_of_Guernsey.svg/23px-Flag_of_Guernsey.svg.png","//upload.wikimedia.org/wikipedia/commons/thumb/c/ce/Flag_of_Iceland.svg/21px-Flag_of_Iceland.svg.png","//upload.wikimedia.org/wikipedia/commons/thumb/4/45/Flag_of_Ireland.svg/23px-Flag_of_Ireland.svg.png","//upload.wikimedia.org/wikipedia/commons/thumb/b/bc/Flag_of_the_Isle_of_Man.svg/23px-Flag_of_the_Isle_of_Man.svg.png","//upload.wikimedia.org/wikipedia/commons/thumb/1/1c/Flag_of_Jersey.svg/23px-Flag_of_Jersey.svg.png","//upload.wikimedia.org/wikipedia/commons/thumb/8/84/Flag_of_Latvia.svg/23px-Flag_of_Latvia.svg.png","//upload.wikimedia.org/wikipedia/commons/thumb/1/11/Flag_of_Lithuania.svg/23px-Flag_of_Lithuania.svg.png","//upload.wikimedia.org/wikipedia/commons/thumb/d/d9/Flag_of_Norway.svg/21px-Flag_of_Norway.svg.png","//upload.wikimedia.org/wikipedia/commons/thumb/d/d9/Flag_of_Norway.svg/21px-Flag_of_Norway.svg.png","//upload.wikimedia.org/wikipedia/en/thumb/4/4c/Flag_of_Sweden.svg/23px-Flag_of_Sweden.svg.png","//upload.wikimedia.org/wikipedia/en/thumb/a/ae/Flag_of_the_United_Kingdom.svg/23px-Flag_of_the_United_Kingdom.svg.png","//upload.wikimedia.org/wikipedia/en/thumb/6/6b/Terrestrial_globe.svg/29px-Terrestrial_globe.svg.png","//upload.wikimedia.org/wikipedia/commons/thumb/3/3b/Europe_green_light.png/32px-Europe_green_light.png","//upload.wikimedia.org/wikipedia/en/thumb/4/4a/Commons-logo.svg/30px-Commons-logo.svg.png","//upload.wikimedia.org/wikipedia/commons/thumb/0/0f/LocationAfrica.png/60px-LocationAfrica.png","//upload.wikimedia.org/wikipedia/commons/thumb/a/a0/LocationOceania.png/60px-LocationOceania.png","//upload.wikimedia.org/wikipedia/commons/thumb/e/e9/LocationNorthAmerica.png/60px-LocationNorthAmerica.png","//upload.wikimedia.org/wikipedia/commons/thumb/0/02/LocationSouthAmerica.png/60px-LocationSouthAmerica.png","//upload.wikimedia.org/wikipedia/commons/thumb/9/9c/LocationPolarRegions.png/60px-LocationPolarRegions.png","//upload.wikimedia.org/wikipedia/commons/thumb/4/49/LocationAsia.svg/60px-LocationAsia.svg.png","//upload.wikimedia.org/wikipedia/commons/thumb/d/df/LocationOceans.png/60px-LocationOceans.png","//upload.wikimedia.org/wikipedia/commons/thumb/e/e9/LocationEurope.png/60px-LocationEurope.png","//upload.wikimedia.org/wikipedia/commons/thumb/d/df/LocationOceans.png/60px-LocationOceans.png","//en.wikipedia.org/w/index.php?title=Special:CentralAutoLogin/start&type=1x1&from=enwiki","//bits.wikimedia.org/static-1.22wmf12/skins/vector/images/search-ltr.png?303-4","//bits.wikimedia.org/images/wikimedia-button.png","//bits.wikimedia.org/static-1.22wmf12/skins/common/images/poweredby_mediawiki_88x31.png"],"tags":[["capital","political"],["list_of_countries_by_gdp","ppp"]],"members":["list_of_countries_by_gdp","capital"],"related":["North","Region","Europe","Continent","United_Nations","Denmark","Faroe_Islands","Estonia","Finland","Åland","Iceland","Ireland","Latvia","Lithuania","Norway","Svalbard_and_Jan_Mayen","Sweden","UK","Guernsey","Isle_of_Man","Jersey","United_Kingdom","Republic_of_Ireland","Greenland","Denmark","North_America","Nordic_countries","Nordic_Council","Lutheranism","Baltic_countries","Estonia","Latvia","European_Russia","Roman_Empire","Germany","Low_Countries","Austria","Northern_Renaissance","Medieval","Thule","Mythical_place","Scandinavian_peninsula","Jutland","Baltic_region","Islands","Iceland","Jan_Mayen","Mountainous","Great_Britain","Ireland","Scandinavian_mountains","Mountains","Hills","Sweden","Lithuania","Latvia","Estonia","Finland","50th_parallel_north","81st_parallel_north","Gulf_Stream","Oceanic_climate","Subarctic","Arctic","Subarctic","Temperate","Continental_climate","Tundra","Boreal_forest","Temperate_coniferous_forests","Scottish_highlands","Norway","Temperate_broadleaf_forests","United_Kingdom","Republic_of_Ireland","Winter","Winter_of_2010-2011_in_Europe","Human_Development_Index","Happy_Planet_Index","List_of_countries_by_area","List_of_countries_by_population","List_of_countries_by_population_density","Capital_(political)","List_of_countries_by_GDP_(PPP)","Åland","Finland","Mariehamn","Denmark","Copenhagen","Faroe_Islands","Denmark","Tórshavn","Estonia","Tallinn","Finland","Helsinki","Guernsey","St_Peter_Port","Iceland","Reykjavík","Republic_of_Ireland","Dublin","Isle_of_Man","Douglas,_Isle_of_Man","Jersey","Saint_Helier","Latvia","Riga","Lithuania","Vilnius","Norway","Oslo","Svalbard_and_Jan_Mayen","Norway","Longyearbyen","Sweden","Stockholm","United_Kingdom","London","Bibliography_of_Northern_Europe","Baltic_region","Baltic_states","Baltoscandia","British_Isles","Central_Europe","Eastern_Europe","Germanic_languages","NB8","Nordic_Council","Nordic_countries","Scandinavia","Southern_Europe","Western_Europe"]}