{"cursor":"7998","size":15,"audio":[],"currentlang":"en","article":"\n{{infobox\n| bodyclass = geography title = Northern America image = label1 = Area data1 =\n| label2 = Population (2010) data2 = 344,124,520 label3 = States data3 = | }}\n| label4 = Dependencies data4 =  (UK) |  (DK) |  (FR)}} label5 =\n| GDP data5 = $16 trillion (PPP, 2008\n| est.)[http://www.xist.org/earth/ec_gdp4.aspx] label6 = Major languages data6 =\n| English, French, Danish, Spanish, Greenlandic, and various Recognised regional\n| languages. label7 = Timezone data7 = UTC (Danmarkshavn, Greenland) to\n| (west Aleutians) label8 = Largest urban agglomerations data8 = {{Collapsible\n| list |title=(2005)[http://www.un.org/esa/population/publications/WUP2005/2005-\n| WUP_DataTables12.pdf]|1.\n New York City 2. Los Angeles 3. Chicago 4. Miami 5.\n Philadelphia 6. Toronto 7. Dallas 8. Boston 9. Houston 10.\n Atlanta}} }}\n\n \n\n'Northern America' is the northernmost region of the Americas, and is part of\nthe North American continent. It lies directly north of the region of Middle\nAmerica; Gonzalez, Joseph. 2004.\n[http://books.google.com/books?id=I4h9x5ZYDDIC&printsec=frontcover#PPA57,M1\n\"Northern America: Land of Opportunity\"] (ch. 6). The Complete Idiot's Guide to\nGeography. (ISBN 1592571883) New York: Alpha Books; pp. 57-8 the land\nborder between the two regions coincides with the border between the United\nStates and Mexico. Geopolitically, according to the scheme of geographic\nregions and subregions used by the United Nations, Northern America consists\nof: [http://esa.un.org/migration/index.asp?panel=3 Definition of major\nareas and regions], from World Migrant Stock: The 2005 Revision Population\nDatabase, United Nations Population Division. Accessed on line October 3,\n2007. [http://unstats.un.org/unsd/methods/m49/m49regin.htm\nComposition of macro geographical (continental) regions, geographical sub-\nregions, and selected economic and other groupings], UN Statistics Division.\nAccessed on line October 3, 2007.\n([http://unstats.un.org/unsd/methods/m49/m49regnf.htm French]) Bermuda,\nCanada, Greenland, Saint-Pierre and Miquelon, and United States.\n","linknr":411,"url":"Northern_America","recorded":1376422864,"links":["/w/index.php?title=Northern_America&action=edit","/w/index.php?title=Northern_America&action=edit","//bits.wikimedia.org/favicon/wikipedia.ico","/w/opensearch_desc.php","//en.wikipedia.org/w/api.php?action=rsd","//creativecommons.org/licenses/by-sa/3.0/","/w/index.php?title=Special:RecentChanges&feed=atom","http://en.wikipedia.org/wiki/Northern_America","//bits.wikimedia.org/en.wikipedia.org/load.php?debug=false&lang=en&modules=ext.gadget.DRN-wizard%2CReferenceTooltips%2Ccharinsert%2Cteahouse%7Cext.rtlcite%2Cwikihiero%7Cext.uls.nojs%7Cmediawiki.legacy.commonPrint%2Cshared%7Cmw.PopUpMediaTransform%7Cskins.vector&only=styles&skin=vector&*","//bits.wikimedia.org/en.wikipedia.org/load.php?debug=false&lang=en&modules=ext.visualEditor.viewPageTarget.noscript&only=styles&skin=vector&*","//bits.wikimedia.org/en.wikipedia.org/load.php?debug=false&lang=en&modules=site&only=styles&skin=vector&*","//bits.wikimedia.org/en.wikipedia.org/load.php?debug=false&lang=en&modules=startup&only=scripts&skin=vector&*","//bits.wikimedia.org/geoiplookup","//meta.wikimedia.org","#mw-navigation","#p-search","/wiki/Northern_America_(disambiguation)","/wiki/File:Northern_America_(orthographic_projection).svg","//upload.wikimedia.org/wikipedia/commons/thumb/e/ec/Northern_America_%28orthographic_projection%29.svg/250px-Northern_America_%28orthographic_projection%29.svg.png","/wiki/Population","/wiki/Sovereign_state","//upload.wikimedia.org/wikipedia/en/thumb/c/cf/Flag_of_Canada.svg/23px-Flag_of_Canada.svg.png","/wiki/Canada","//upload.wikimedia.org/wikipedia/en/thumb/a/a4/Flag_of_the_United_States.svg/23px-Flag_of_the_United_States.svg.png","/wiki/United_States","/wiki/Dependent_territory","//upload.wikimedia.org/wikipedia/commons/thumb/b/bf/Flag_of_Bermuda.svg/23px-Flag_of_Bermuda.svg.png","/wiki/Bermuda","/wiki/United_Kingdom","//upload.wikimedia.org/wikipedia/commons/thumb/0/09/Flag_of_Greenland.svg/23px-Flag_of_Greenland.svg.png","/wiki/Greenland","/wiki/Denmark","//upload.wikimedia.org/wikipedia/en/thumb/c/c3/Flag_of_France.svg/23px-Flag_of_France.svg.png","/wiki/Saint_Pierre_and_Miquelon","/wiki/France","/wiki/Gross_domestic_product","/wiki/List_of_countries_by_GDP_(PPP)","http://www.xist.org/earth/ec_gdp4.aspx","/wiki/English_language","/wiki/French_language","/wiki/Danish_Language","/wiki/Spanish_language","/wiki/Kalaallisut_language","/wiki/Regional_language","/wiki/Timezones","/wiki/UTC%2B0","/wiki/UTC-10","http://www.un.org/esa/population/publications/WUP2005/2005WUP_DataTables12.pdf","/wiki/New_York_City","/wiki/Los_Angeles","/wiki/Chicago","/wiki/Miami","/wiki/Philadelphia","/wiki/Toronto","/wiki/Dallas","/wiki/Boston","/wiki/Houston","/wiki/Atlanta","/wiki/North","/wiki/Americas","/wiki/North_America","/wiki/Middle_America_(region)","#cite_note-Idiot-1","/wiki/United_States","/wiki/Mexico","/wiki/Political_geography","/wiki/United_Nations_geoscheme","/wiki/Region","/wiki/Subregion","/wiki/United_Nations","#cite_note-2","#cite_note-3","/wiki/Bermuda","/wiki/Canada","/wiki/Greenland","/wiki/Saint-Pierre_and_Miquelon","/wiki/United_States","#Definitions","#Countries_and_dependent_territories","#Demographics","#See_also","#References","/w/index.php?title=Northern_America&action=edit&section=1","/w/index.php?title=Northern_America&veaction=edit&section=1","/wiki/France","/wiki/United_Kingdom","/wiki/Spain","#cite_note-4","/wiki/Solemn_Act_of_the_Declaration_of_Independence_of_Northern_America","//en.wiktionary.org/wiki/dyad","/wiki/Developed_country","/wiki/Human_Development_Index","#cite_note-5","/w/index.php?title=Northern_America&action=edit&section=2","/w/index.php?title=Northern_America&veaction=edit&section=2","/wiki/List_of_countries_by_area","#cite_note-6","/wiki/List_of_countries_by_population","/wiki/List_of_sovereign_states_and_dependent_territories_by_population_density","//upload.wikimedia.org/wikipedia/commons/thumb/b/bf/Flag_of_Bermuda.svg/23px-Flag_of_Bermuda.svg.png","/wiki/Bermuda","/wiki/United_Kingdom","/wiki/Hamilton,_Bermuda","//upload.wikimedia.org/wikipedia/en/thumb/c/cf/Flag_of_Canada.svg/23px-Flag_of_Canada.svg.png","/wiki/Canada","/wiki/Ottawa","//upload.wikimedia.org/wikipedia/commons/thumb/0/09/Flag_of_Greenland.svg/23px-Flag_of_Greenland.svg.png","/wiki/Greenland","/wiki/Denmark","/wiki/Nuuk","/wiki/Godth%C3%A5b","/wiki/File:Flag_of_Saint-Pierre_and_Miquelon.svg","//upload.wikimedia.org/wikipedia/commons/thumb/7/74/Flag_of_Saint-Pierre_and_Miquelon.svg/20px-Flag_of_Saint-Pierre_and_Miquelon.svg.png","/wiki/Saint_Pierre_and_Miquelon","/wiki/France","/wiki/Saint-Pierre,_Saint_Pierre_and_Miquelon","//upload.wikimedia.org/wikipedia/en/thumb/a/a4/Flag_of_the_United_States.svg/23px-Flag_of_the_United_States.svg.png","/wiki/United_States","#cite_note-7","/wiki/Washington,_D.C.","/w/index.php?title=Northern_America&action=edit&section=3","/w/index.php?title=Northern_America&veaction=edit&section=3","/w/index.php?title=Northern_America&action=edit&section=4","/w/index.php?title=Northern_America&veaction=edit&section=4","/wiki/File:Terrestrial_globe.svg","//upload.wikimedia.org/wikipedia/en/thumb/6/6b/Terrestrial_globe.svg/29px-Terrestrial_globe.svg.png","/wiki/Portal:Geography","/wiki/File:North_America_368x348.png","//upload.wikimedia.org/wikipedia/commons/thumb/8/8f/North_America_368x348.png/30px-North_America_368x348.png","/wiki/Portal:North_America","//upload.wikimedia.org/wikipedia/en/thumb/4/4a/Commons-logo.svg/30px-Commons-logo.svg.png","//commons.wikimedia.org/wiki/Special:Search/Northern_America","/wiki/Americas_(terminology)","/wiki/Anglo-America","/w/index.php?title=Northern_America&action=edit&section=5","/w/index.php?title=Northern_America&veaction=edit&section=5","#cite_ref-Idiot_1-0","http://books.google.com/books?id=I4h9x5ZYDDIC&printsec=frontcover#PPA57,M1","/wiki/Special:BookSources/1592571883","#cite_ref-2","http://esa.un.org/migration/index.asp?panel=3","#cite_ref-3","http://unstats.un.org/unsd/methods/m49/m49regin.htm","http://unstats.un.org/unsd/methods/m49/m49regnf.htm","#cite_ref-4","/wiki/Jacques-Nicolas_Bellin","http://www.collectionscanada.ca/05/0509/050950/05095092_e.html","/wiki/Library_and_Archives_Canada","#cite_ref-5","http://www.hoover.org/publications/policyreview/2931351.html","/wiki/Hoover_Institution","/wiki/Policy_Review","#cite_ref-6","http://unstats.un.org/unsd/demographic/products/dyb/dyb2008/Table03.pdf","#cite_ref-7","/wiki/U.S._state","/wiki/Hawaii","/wiki/Pacific_Ocean","/wiki/Oceania","/wiki/Template:Continents_of_the_world","/wiki/Template_talk:Continents_of_the_world","//en.wikipedia.org/w/index.php?title=Template:Continents_of_the_world&action=edit","/wiki/Continent","/wiki/Earth","/wiki/Africa","//upload.wikimedia.org/wikipedia/commons/thumb/8/86/Africa_%28orthographic_projection%29.svg/75px-Africa_%28orthographic_projection%29.svg.png","/wiki/Africa","/wiki/Antarctica","//upload.wikimedia.org/wikipedia/commons/thumb/f/f2/Antarctica_%28orthographic_projection%29.svg/75px-Antarctica_%28orthographic_projection%29.svg.png","/wiki/Antarctica","/wiki/Asia","//upload.wikimedia.org/wikipedia/commons/thumb/8/80/Asia_%28orthographic_projection%29.svg/75px-Asia_%28orthographic_projection%29.svg.png","/wiki/Asia","/wiki/Australia_(continent)","//upload.wikimedia.org/wikipedia/commons/thumb/e/e8/Australia-New_Guinea_%28orthographic_projection%29.svg/75px-Australia-New_Guinea_%28orthographic_projection%29.svg.png","/wiki/Australia_(continent)","/wiki/Europe","//upload.wikimedia.org/wikipedia/commons/thumb/d/de/Europe_orthographic_Caucasus_Urals_boundary.svg/75px-Europe_orthographic_Caucasus_Urals_boundary.svg.png","/wiki/Europe","/wiki/North_America","//upload.wikimedia.org/wikipedia/commons/thumb/4/43/Location_North_America.svg/75px-Location_North_America.svg.png","/wiki/North_America","/wiki/South_America","//upload.wikimedia.org/wikipedia/commons/thumb/0/0f/South_America_%28orthographic_projection%29.svg/75px-South_America_%28orthographic_projection%29.svg.png","/wiki/South_America","/wiki/Afro-Eurasia","//upload.wikimedia.org/wikipedia/commons/thumb/c/c1/Afro-Eurasia_%28orthographic_projection%29.svg/75px-Afro-Eurasia_%28orthographic_projection%29.svg.png","/wiki/Afro-Eurasia","/wiki/Americas","//upload.wikimedia.org/wikipedia/commons/thumb/c/ca/Americas_%28orthographic_projection%29.svg/75px-Americas_%28orthographic_projection%29.svg.png","/wiki/Americas","/wiki/Eurasia","//upload.wikimedia.org/wikipedia/commons/thumb/3/30/Eurasia_%28orthographic_projection%29.svg/75px-Eurasia_%28orthographic_projection%29.svg.png","/wiki/Eurasia","/wiki/Oceania","//upload.wikimedia.org/wikipedia/commons/thumb/4/43/Oceania%2C_broad_%28orthographic_projection%29.svg/75px-Oceania%2C_broad_%28orthographic_projection%29.svg.png","/wiki/Oceania","/wiki/Geology","/wiki/Supercontinent","/wiki/Afro-Eurasia-America","/wiki/Gondwana","/wiki/Laurasia","/wiki/Pangaea","/wiki/Pannotia","/wiki/Rodinia","/wiki/Columbia_(supercontinent)","/wiki/Kenorland","/wiki/Nena_(supercontinent)","/wiki/Ur_(continent)","/wiki/Vaalbara","/wiki/Arctica","/wiki/Asiamerica","/wiki/Atlantica","/wiki/Avalonia","/wiki/Baltica","/wiki/Cimmeria_(continent)","/wiki/Congo_craton","/wiki/Euramerica","/wiki/Kalahari_craton","/wiki/Kazakhstania","/wiki/Laurentia","/wiki/North_China_craton","/wiki/Siberia_(continent)","/wiki/South_China_(continent)","/wiki/East_Antarctic_craton","/wiki/Indian_subcontinent","/wiki/Submerged_continent","/wiki/Mythical_continents","/wiki/Kerguelen_Plateau","/wiki/Sundaland","/wiki/Zealandia_(continent)","/wiki/Pangaea_Ultima","/wiki/Amasia_(continent)","/wiki/Novopangaea","/wiki/Atlantis","/wiki/Kumari_Kandam","/wiki/Lemuria_(continent)","/wiki/Meropis","/wiki/Mu_(lost_continent)","/wiki/Terra_Australis","/wiki/Template:Regions_of_the_world","/wiki/Continental_fragment","//upload.wikimedia.org/wikipedia/commons/thumb/8/89/Symbol_book_class2.svg/16px-Symbol_book_class2.svg.png","/wiki/Book:Continents","//upload.wikimedia.org/wikipedia/en/thumb/4/48/Folder_Hexagonal_Icon.svg/16px-Folder_Hexagonal_Icon.svg.png","/wiki/Category:Continents","/wiki/Template:Regions_of_the_world","/wiki/Template_talk:Regions_of_the_world","//en.wikipedia.org/w/index.php?title=Template:Regions_of_the_world&action=edit","/wiki/Regions#Geographical_regions","/wiki/Earth","/wiki/File:LocationAfrica.png","//upload.wikimedia.org/wikipedia/commons/thumb/0/0f/LocationAfrica.png/60px-LocationAfrica.png","/wiki/Africa","/wiki/North_Africa","/wiki/Sub-Saharan_Africa","/wiki/Central_Africa","/wiki/East_Africa","/wiki/Horn_of_Africa","/wiki/Southern_Africa","/wiki/West_Africa","/wiki/Greater_Middle_East","/wiki/File:LocationOceania.png","//upload.wikimedia.org/wikipedia/commons/thumb/a/a0/LocationOceania.png/60px-LocationOceania.png","/wiki/Oceania","/wiki/Australasia","/wiki/Australia_(continent)","/wiki/Zealandia_(continent)","/wiki/Pacific_Islands","/wiki/Melanesia","/wiki/Micronesia","/wiki/Polynesia","/wiki/File:LocationNorthAmerica.png","//upload.wikimedia.org/wikipedia/commons/thumb/e/e9/LocationNorthAmerica.png/60px-LocationNorthAmerica.png","/wiki/North_America","/wiki/Caribbean","/wiki/Central_America","/wiki/Middle_America_(region)","/wiki/Anglo-America","/wiki/Latin_America","/wiki/Hispanic_America","/wiki/File:LocationSouthAmerica.png","//upload.wikimedia.org/wikipedia/commons/thumb/0/02/LocationSouthAmerica.png/60px-LocationSouthAmerica.png","/wiki/South_America","/wiki/Southern_Cone","/wiki/Northern_South_America","/wiki/The_Guianas","/wiki/Andean_states","/wiki/Latin_America","/wiki/Hispanic_America","/wiki/File:LocationPolarRegions.png","//upload.wikimedia.org/wikipedia/commons/thumb/9/9c/LocationPolarRegions.png/60px-LocationPolarRegions.png","/wiki/Polar_region","/wiki/Antarctic","/wiki/Arctic","/wiki/File:LocationAsia.svg","//upload.wikimedia.org/wikipedia/commons/thumb/4/49/LocationAsia.svg/60px-LocationAsia.svg.png","/wiki/Asia","/wiki/Central_Asia","/wiki/Far_East","/wiki/East_Asia","/wiki/Southeast_Asia","/wiki/Indochina","/wiki/Maritime_Southeast_Asia","/wiki/Northeast_Asia","/wiki/North_Asia","/wiki/South_Asia","/wiki/Indian_subcontinent","/wiki/Western_Asia","/wiki/Caucasus","/wiki/Middle_East","/wiki/Near_East","/wiki/Asia-Pacific","/wiki/File:LocationOceans.png","//upload.wikimedia.org/wikipedia/commons/thumb/d/df/LocationOceans.png/60px-LocationOceans.png","/wiki/Ocean","/wiki/World_Ocean","/wiki/Arctic_Ocean","/wiki/Atlantic_Ocean","/wiki/Indian_Ocean","/wiki/Pacific_Ocean","/wiki/Southern_Ocean","/wiki/File:LocationEurope.png","//upload.wikimedia.org/wikipedia/commons/thumb/e/e9/LocationEurope.png/60px-LocationEurope.png","/wiki/Europe","/wiki/Central_Europe","/wiki/Eastern_Europe","/wiki/Northern_Europe","/wiki/Southeast_Europe","/wiki/Balkans","/wiki/Caucasus","/wiki/Middle_East","/wiki/Southern_Europe","/wiki/Western_Europe","/wiki/File:LocationOceans.png","//upload.wikimedia.org/wikipedia/commons/thumb/d/df/LocationOceans.png/60px-LocationOceans.png","/wiki/Sea","/wiki/Sea#List_of_seas","/wiki/Template:Continents_of_the_world","/wiki/Template:List_of_seas","/wiki/Template:Physical_Earth","//en.wikipedia.org/w/index.php?title=Special:CentralAutoLogin/start&type=1x1&from=enwiki","http://en.wikipedia.org/w/index.php?title=Northern_America&oldid=560890486","/wiki/Help:Category","/wiki/Category:Americas","/wiki/Category:Northern_America","/wiki/Category:Regions_of_the_Americas","/w/index.php?title=Special:UserLogin&returnto=Northern+America&type=signup","/w/index.php?title=Special:UserLogin&returnto=Northern+America","/wiki/Northern_America","/wiki/Talk:Northern_America","#","/wiki/Northern_America","/w/index.php?title=Northern_America&action=edit","/w/index.php?title=Northern_America&veaction=edit","/w/index.php?title=Northern_America&action=history","#","/w/index.php","//bits.wikimedia.org/static-1.22wmf12/skins/vector/images/search-ltr.png?303-4","/wiki/Main_Page","/wiki/Main_Page","/wiki/Portal:Contents","/wiki/Portal:Featured_content","/wiki/Portal:Current_events","/wiki/Special:Random","https://donate.wikimedia.org/wiki/Special:FundraiserRedirector?utm_source=donate&utm_medium=sidebar&utm_campaign=C13_en.wikipedia.org&uselang=en","/wiki/Help:Contents","/wiki/Wikipedia:About","/wiki/Wikipedia:Community_portal","/wiki/Special:RecentChanges","//en.wikipedia.org/wiki/Wikipedia:Contact_us","/wiki/Special:WhatLinksHere/Northern_America","/wiki/Special:RecentChangesLinked/Northern_America","/wiki/Wikipedia:File_Upload_Wizard","/wiki/Special:SpecialPages","/w/index.php?title=Northern_America&oldid=560890486","/w/index.php?title=Northern_America&action=info","//www.wikidata.org/wiki/Q2017699","/w/index.php?title=Special:Cite&page=Northern_America&id=560890486","/w/index.php?title=Special:Book&bookcmd=book_creator&referer=Northern+America","/w/index.php?title=Special:Book&bookcmd=render_article&arttitle=Northern+America&oldid=560890486&writer=rl","/w/index.php?title=Northern_America&printable=yes","//ar.wikipedia.org/wiki/%D8%B4%D9%85%D8%A7%D9%84_%D8%A3%D9%85%D8%B1%D9%8A%D9%83%D8%A7","//frp.wikipedia.org/wiki/Am%C3%A8rica_septentrion%C3%A2la","//fr.wikipedia.org/wiki/Am%C3%A9rique_septentrionale","//it.wikipedia.org/wiki/America_Settentrionale","//no.wikipedia.org/wiki/Det_nordlige_Amerika","//pa.wikipedia.org/wiki/%E0%A8%89%E0%A9%B1%E0%A8%A4%E0%A8%B0%E0%A9%80_%E0%A8%85%E0%A8%AE%E0%A8%B0%E0%A9%80%E0%A8%95%E0%A8%BE_(%E0%A8%96%E0%A9%87%E0%A8%A4%E0%A8%B0)","//sr.wikipedia.org/wiki/%D0%A1%D0%B5%D0%B2%D0%B5%D1%80%D0%BD%D0%B0_%D0%90%D0%BC%D0%B5%D1%80%D0%B8%D0%BA%D0%B0_(%D1%80%D0%B5%D0%B3%D0%B8%D1%98%D0%B0)","//sh.wikipedia.org/wiki/Severna_Amerika_(regija)","//sv.wikipedia.org/wiki/Norra_Amerika","//ur.wikipedia.org/wiki/%D8%B4%D9%85%D8%A7%D9%84%DB%8C_%D8%A7%D9%85%D8%B1%DB%8C%DA%A9%DB%81_(%D8%AE%D8%B7%DB%81)","//war.wikipedia.org/wiki/Kaamihanan_nga_Amerika","//yo.wikipedia.org/wiki/Ap%C3%A1%C3%A0r%C3%ADw%C3%A1_Am%E1%BA%B9%CC%81r%C3%ADk%C3%A0","//zh.wikipedia.org/wiki/%E5%8C%97%E7%BE%8E%E5%9C%B0%E5%8C%BA","#","//www.wikidata.org/wiki/Q2017699#sitelinks-wikipedia","//en.wikipedia.org/wiki/Wikipedia:Text_of_Creative_Commons_Attribution-ShareAlike_3.0_Unported_License","//creativecommons.org/licenses/by-sa/3.0/","//wikimediafoundation.org/wiki/Terms_of_Use","//wikimediafoundation.org/wiki/Privacy_policy","//www.wikimediafoundation.org/","//wikimediafoundation.org/wiki/Privacy_policy","/wiki/Wikipedia:About","/wiki/Wikipedia:General_disclaimer","//en.wikipedia.org/wiki/Wikipedia:Contact_us","//en.m.wikipedia.org/wiki/Northern_America","//wikimediafoundation.org/","//bits.wikimedia.org/images/wikimedia-button.png","//www.mediawiki.org/","//bits.wikimedia.org/static-1.22wmf12/skins/common/images/poweredby_mediawiki_88x31.png","//bits.wikimedia.org/en.wikipedia.org/load.php?debug=false&lang=en&modules=site&only=scripts&skin=vector&*"],"instances":["ppp","region","terminology"],"pdf":["http://www.un.org/esa/population/publications/WUP2005/2005WUP_DataTables12.pdf","http://unstats.un.org/unsd/demographic/products/dyb/dyb2008/Table03.pdf"],"categories":["Americas","Northern America|","Regions of the Americas"],"headings":["Definitions","Countries and dependent territories","Demographics","See also","References"],"image":["//upload.wikimedia.org/wikipedia/commons/thumb/e/ec/Northern_America_%28orthographic_projection%29.svg/250px-Northern_America_%28orthographic_projection%29.svg.png","//upload.wikimedia.org/wikipedia/en/thumb/c/cf/Flag_of_Canada.svg/23px-Flag_of_Canada.svg.png","//upload.wikimedia.org/wikipedia/en/thumb/a/a4/Flag_of_the_United_States.svg/23px-Flag_of_the_United_States.svg.png","//upload.wikimedia.org/wikipedia/commons/thumb/b/bf/Flag_of_Bermuda.svg/23px-Flag_of_Bermuda.svg.png","//upload.wikimedia.org/wikipedia/commons/thumb/0/09/Flag_of_Greenland.svg/23px-Flag_of_Greenland.svg.png","//upload.wikimedia.org/wikipedia/en/thumb/c/c3/Flag_of_France.svg/23px-Flag_of_France.svg.png","//upload.wikimedia.org/wikipedia/commons/thumb/b/bf/Flag_of_Bermuda.svg/23px-Flag_of_Bermuda.svg.png","//upload.wikimedia.org/wikipedia/en/thumb/c/cf/Flag_of_Canada.svg/23px-Flag_of_Canada.svg.png","//upload.wikimedia.org/wikipedia/commons/thumb/0/09/Flag_of_Greenland.svg/23px-Flag_of_Greenland.svg.png","//upload.wikimedia.org/wikipedia/commons/thumb/7/74/Flag_of_Saint-Pierre_and_Miquelon.svg/20px-Flag_of_Saint-Pierre_and_Miquelon.svg.png","//upload.wikimedia.org/wikipedia/en/thumb/a/a4/Flag_of_the_United_States.svg/23px-Flag_of_the_United_States.svg.png","//upload.wikimedia.org/wikipedia/en/thumb/6/6b/Terrestrial_globe.svg/29px-Terrestrial_globe.svg.png","//upload.wikimedia.org/wikipedia/commons/thumb/8/8f/North_America_368x348.png/30px-North_America_368x348.png","//upload.wikimedia.org/wikipedia/en/thumb/4/4a/Commons-logo.svg/30px-Commons-logo.svg.png","//upload.wikimedia.org/wikipedia/commons/thumb/8/86/Africa_%28orthographic_projection%29.svg/75px-Africa_%28orthographic_projection%29.svg.png","//upload.wikimedia.org/wikipedia/commons/thumb/f/f2/Antarctica_%28orthographic_projection%29.svg/75px-Antarctica_%28orthographic_projection%29.svg.png","//upload.wikimedia.org/wikipedia/commons/thumb/8/80/Asia_%28orthographic_projection%29.svg/75px-Asia_%28orthographic_projection%29.svg.png","//upload.wikimedia.org/wikipedia/commons/thumb/e/e8/Australia-New_Guinea_%28orthographic_projection%29.svg/75px-Australia-New_Guinea_%28orthographic_projection%29.svg.png","//upload.wikimedia.org/wikipedia/commons/thumb/d/de/Europe_orthographic_Caucasus_Urals_boundary.svg/75px-Europe_orthographic_Caucasus_Urals_boundary.svg.png","//upload.wikimedia.org/wikipedia/commons/thumb/4/43/Location_North_America.svg/75px-Location_North_America.svg.png","//upload.wikimedia.org/wikipedia/commons/thumb/0/0f/South_America_%28orthographic_projection%29.svg/75px-South_America_%28orthographic_projection%29.svg.png","//upload.wikimedia.org/wikipedia/commons/thumb/c/c1/Afro-Eurasia_%28orthographic_projection%29.svg/75px-Afro-Eurasia_%28orthographic_projection%29.svg.png","//upload.wikimedia.org/wikipedia/commons/thumb/c/ca/Americas_%28orthographic_projection%29.svg/75px-Americas_%28orthographic_projection%29.svg.png","//upload.wikimedia.org/wikipedia/commons/thumb/3/30/Eurasia_%28orthographic_projection%29.svg/75px-Eurasia_%28orthographic_projection%29.svg.png","//upload.wikimedia.org/wikipedia/commons/thumb/4/43/Oceania%2C_broad_%28orthographic_projection%29.svg/75px-Oceania%2C_broad_%28orthographic_projection%29.svg.png","//upload.wikimedia.org/wikipedia/commons/thumb/8/89/Symbol_book_class2.svg/16px-Symbol_book_class2.svg.png","//upload.wikimedia.org/wikipedia/en/thumb/4/48/Folder_Hexagonal_Icon.svg/16px-Folder_Hexagonal_Icon.svg.png","//upload.wikimedia.org/wikipedia/commons/thumb/0/0f/LocationAfrica.png/60px-LocationAfrica.png","//upload.wikimedia.org/wikipedia/commons/thumb/a/a0/LocationOceania.png/60px-LocationOceania.png","//upload.wikimedia.org/wikipedia/commons/thumb/e/e9/LocationNorthAmerica.png/60px-LocationNorthAmerica.png","//upload.wikimedia.org/wikipedia/commons/thumb/0/02/LocationSouthAmerica.png/60px-LocationSouthAmerica.png","//upload.wikimedia.org/wikipedia/commons/thumb/9/9c/LocationPolarRegions.png/60px-LocationPolarRegions.png","//upload.wikimedia.org/wikipedia/commons/thumb/4/49/LocationAsia.svg/60px-LocationAsia.svg.png","//upload.wikimedia.org/wikipedia/commons/thumb/d/df/LocationOceans.png/60px-LocationOceans.png","//upload.wikimedia.org/wikipedia/commons/thumb/e/e9/LocationEurope.png/60px-LocationEurope.png","//upload.wikimedia.org/wikipedia/commons/thumb/d/df/LocationOceans.png/60px-LocationOceans.png","//en.wikipedia.org/w/index.php?title=Special:CentralAutoLogin/start&type=1x1&from=enwiki","//bits.wikimedia.org/static-1.22wmf12/skins/vector/images/search-ltr.png?303-4","//bits.wikimedia.org/images/wikimedia-button.png","//bits.wikimedia.org/static-1.22wmf12/skins/common/images/poweredby_mediawiki_88x31.png"],"tags":[["list_of_countries_by_gdp","ppp"],["middle_america","region"],["americas","terminology"]],"members":["list_of_countries_by_gdp","middle_america","americas"],"related":["Population","Sovereign_state","Dependent_territory","United_Kingdom","Denmark","France","Gross_domestic_product","List_of_countries_by_GDP_(PPP)","English_language","French_language","Danish_Language","Spanish_language","Kalaallisut_language","Regional_language","Timezones","UTC+0","New_York_City","Los_Angeles","Chicago","Miami","Philadelphia","Toronto","Dallas","Boston","Houston","Atlanta","North","Americas","North_America","Middle_America_(region)","United_States","Mexico","Political_geography","United_Nations_geoscheme","Region","Subregion","United_Nations","Bermuda","Canada","Greenland","Saint-Pierre_and_Miquelon","United_States","France","United_Kingdom","Spain","Jacques-Nicolas_Bellin","Library_and_Archives_Canada","Solemn_Act_of_the_Declaration_of_Independence_of_Northern_America","Developed_country","Human_Development_Index","List_of_countries_by_area","List_of_countries_by_population","List_of_sovereign_states_and_dependent_territories_by_population_density","Hamilton,_Bermuda","Ottawa","Nuuk","Godthåb","Saint_Pierre_and_Miquelon","Saint-Pierre,_Saint_Pierre_and_Miquelon","U.S._state","Hawaii","Pacific_Ocean","Oceania","Washington,_D.C.","Americas_(terminology)","Anglo-America","Bibliography_of_Northern_America"]}