{"cursor":"4270","size":15,"audio":[],"currentlang":"en","article":"\n{{Infobox Italian comune\n| name = Taio official_name = Comune di Taio native_name = image_skyline =\n| imagesize = image_alt = image_caption = image_shield = shield_alt = image_map\n| = map_alt = map_caption = pushpin_label_position = pushpin_map_alt = latd = 46\n| |latm = 19 |lats = |latNS = N longd = 11 |longm = 4 |longs = |longEW = E\n| coordinates_type = type:city(2,694)_region:IT coordinates_display = title\n| coordinates_footnotes = region = Trentino-Alto Adige/SÃ¼dtirol province =\n| Trentino (TN) frazioni = mayor_party = mayor = Bruno Campadelli area_footnotes\n| = area_total_km2 = 11.3 population_footnotes = population_total = 2694\n| population_as_of = Dec. 2004 pop_density_footnotes = population_demonym =\n| elevation_footnotes = elevation_m = twin1 = twin1_country = saint = day =\n| postal_code = 38010 area_code = 0463 website = footnotes =\n}}\n\n'Taio' ( or Theyl, Ladin: Taj) is a [[Communes of Trentino|comune]]\n(municipality) in Trentino in the northern Italian region Trentino-Alto\nAdige/SÃ¼dtirol, located about 30 km north of Trento. As of 31 December\n2004, it had a population of 2,694 and an area of 11.3 kmÂ². All demographics and other statistics: Italian statistical\ninstitute Istat.\n\nTaio borders the following municipalities: Coredo, Denno, Nanno, Sanzeno,\nTassullo, Ton, Tres and VervÃ².\n","linknr":376,"url":"Taio","recorded":1376422918,"links":["/w/index.php?title=Taio&action=edit","/w/index.php?title=Taio&action=edit","//bits.wikimedia.org/favicon/wikipedia.ico","/w/opensearch_desc.php","//en.wikipedia.org/w/api.php?action=rsd","//creativecommons.org/licenses/by-sa/3.0/","/w/index.php?title=Special:RecentChanges&feed=atom","http://en.wikipedia.org/wiki/Taio","//bits.wikimedia.org/en.wikipedia.org/load.php?debug=false&lang=en&modules=ext.gadget.DRN-wizard%2CReferenceTooltips%2Ccharinsert%2Cteahouse%7Cext.rtlcite%2Cwikihiero%7Cext.uls.nojs%7Cmediawiki.legacy.commonPrint%2Cshared%7Cmw.PopUpMediaTransform%7Cskins.vector&only=styles&skin=vector&*","//bits.wikimedia.org/en.wikipedia.org/load.php?debug=false&lang=en&modules=ext.visualEditor.viewPageTarget.noscript&only=styles&skin=vector&*","//bits.wikimedia.org/en.wikipedia.org/load.php?debug=false&lang=en&modules=site&only=styles&skin=vector&*","//bits.wikimedia.org/en.wikipedia.org/load.php?debug=false&lang=en&modules=startup&only=scripts&skin=vector&*","//bits.wikimedia.org/geoiplookup","//meta.wikimedia.org","#mw-navigation","#p-search","/wiki/Taio_(disambiguation)","/wiki/Comune","/wiki/File:Italy_provincial_location_map.svg","//upload.wikimedia.org/wikipedia/commons/thumb/6/6b/Italy_provincial_location_map.svg/250px-Italy_provincial_location_map.svg.png","//upload.wikimedia.org/wikipedia/en/thumb/0/0c/Red_pog.svg/6px-Red_pog.svg.png","//tools.wmflabs.org/geohack/geohack.php?pagename=Taio&params=46_19_N_11_4_E_type:city(2,694)_region:IT","/wiki/Geographic_coordinate_system","//tools.wmflabs.org/geohack/geohack.php?pagename=Taio&params=46_19_N_11_4_E_type:city(2,694)_region:IT","/wiki/Italy","/wiki/Regions_of_Italy","/wiki/Trentino-Alto_Adige/S%C3%BCdtirol","/wiki/Provinces_of_Italy","/wiki/Trentino","/wiki/Time_zone","/wiki/Central_European_Time","/wiki/UTC%2B1","/wiki/Daylight_saving_time","/wiki/Central_European_Summer_Time","/wiki/UTC%2B2","/wiki/Area_codes_in_Italy","http://www.comune.taio.tn.it","/wiki/German_language","/wiki/Ladin_language","/wiki/Communes_of_Trentino","/wiki/Trentino","/wiki/Italy","/wiki/Trentino-Alto_Adige/S%C3%BCdtirol","/wiki/Trento","#cite_note-istat-1","/wiki/Coredo","/wiki/Denno","/wiki/Nanno","/wiki/Sanzeno","/wiki/Tassullo","/wiki/Ton,_Trentino","/wiki/Tres,_Trentino","/wiki/Verv%C3%B2","/w/index.php?title=Taio&action=edit&section=1","/w/index.php?title=Taio&veaction=edit&section=1","//upload.wikimedia.org/wikipedia/en/timeline/20a7b26eaa3b678b2a991f308b9ac990.png","/w/index.php?title=Taio&action=edit&section=2","/w/index.php?title=Taio&veaction=edit&section=2","#cite_ref-istat_1-0","/wiki/National_Institute_of_Statistics_(Italy)","/w/index.php?title=Taio&action=edit&section=3","/w/index.php?title=Taio&veaction=edit&section=3","http://www.comune.taio.tn.it","/wiki/Template:Trentino","/wiki/Template_talk:Trentino","//en.wikipedia.org/w/index.php?title=Template:Trentino&action=edit","/wiki/Municipalities_of_Trentino","/wiki/Ala,_Trentino","/wiki/Albiano","/wiki/Aldeno","/wiki/Amblar","/wiki/Andalo","/wiki/Arco,_Trentino","/wiki/Avio,_Trentino","/wiki/Baselga_di_Pin%C3%A8","/wiki/Bedollo","/wiki/Bersone","/wiki/Besenello","/wiki/Bieno","/wiki/Bleggio_Superiore","/wiki/Bocenago","/wiki/Bolbeno","/wiki/Bondo,_Trentino","/wiki/Bondone","/wiki/Borgo_Valsugana","/wiki/Bosentino","/wiki/Breguzzo","/wiki/Brentonico","/wiki/Bresimo","/wiki/Brez","/wiki/Brione,_Trentino","/wiki/Caderzone","/wiki/Cagn%C3%B2","/wiki/Calavino","/wiki/Calceranica_al_Lago","/wiki/Caldes","/wiki/Caldonazzo","/wiki/Calliano,_Trentino","/wiki/Campitello_di_Fassa","/wiki/Campodenno","/wiki/Canal_San_Bovo","/wiki/Canazei","/wiki/Capriana","/wiki/Carano","/wiki/Carisolo","/wiki/Carzano","/wiki/Castel_Condino","/wiki/Castelfondo","/wiki/Castello_Tesino","/wiki/Castello-Molina_di_Fiemme","/wiki/Castelnuovo,_Trentino","/wiki/Cavalese","/wiki/Cavareno","/wiki/Cavedago","/wiki/Cavedine","/wiki/Cavizzana","/wiki/Cembra","/wiki/Centa_San_Nicol%C3%B2","/wiki/Cimego","/wiki/Cimone","/wiki/Cinte_Tesino","/wiki/Cis,_Trentino","/wiki/Civezzano","/wiki/Cles","/wiki/Cloz","/wiki/Comano_Terme","/wiki/Commezzadura","/wiki/Condino","/wiki/Coredo","/wiki/Croviana","/wiki/Cunevo","/wiki/Daiano","/wiki/Dambel","/wiki/Daone","/wiki/Dar%C3%A8","/wiki/Denno","/wiki/Dimaro","/wiki/Don,_Trentino","/wiki/Dorsino","/wiki/Drena","/wiki/Dro,_Trentino","/wiki/Faedo","/wiki/Fai_della_Paganella","/wiki/Faver","/wiki/Fiav%C3%A8","/wiki/Fiera_di_Primiero","/wiki/Fierozzo","/wiki/Flavon","/wiki/Folgaria","/wiki/Fondo","/wiki/Fornace","/wiki/Frassilongo","/wiki/Garniga_Terme","/wiki/Giovo","/wiki/Giustino,_Trentino","/wiki/Grauno","/wiki/Grigno","/wiki/Grumes","/wiki/Imer","/wiki/Isera","/wiki/Ivano-Fracena","/wiki/Lardaro","/wiki/Lasino","/wiki/Lavarone","/wiki/Lavis","/wiki/Ledro","/wiki/Levico_Terme","/wiki/Lisignago","/wiki/Livo,_Trentino","/wiki/Lona-Lases","/wiki/Luserna","/wiki/Malosco","/wiki/Mal%C3%A8","/wiki/Massimeno","/wiki/Mazzin","/wiki/Mezzana,_Trentino","/wiki/Mezzano","/wiki/Mezzocorona","/wiki/Mezzolombardo","/wiki/Moena","/wiki/Molveno","/wiki/Monclassico","/wiki/Montagne,_Trentino","/wiki/Mori,_Trentino","/wiki/Nago-Torbole","/wiki/Nanno","/wiki/Nave_San_Rocco","/wiki/Nogaredo","/wiki/Nomi,_Trentino","/wiki/Novaledo","/wiki/Ospedaletto,_Trentino","/wiki/Ossana","/wiki/Padergnone","/wiki/Pal%C3%B9_del_Fersina","/wiki/Panchi%C3%A0","/wiki/Peio","/wiki/Pellizzano","/wiki/Pelugo","/wiki/Pergine_Valsugana","/wiki/Pieve_Tesino","/wiki/Pieve_di_Bono","/wiki/Pinzolo","/wiki/Pomarolo","/wiki/Pozza_di_Fassa","/wiki/Praso","/wiki/Predazzo","/wiki/Preore","/wiki/Prezzo","/wiki/Rabbi,_Trentino","/wiki/Ragoli","/wiki/Rev%C3%B2","/wiki/Riva_del_Garda","/wiki/Romallo","/wiki/Romeno","/wiki/Roncegno_Terme","/wiki/Ronchi_Valsugana","/wiki/Roncone","/wiki/Ronzo-Chienis","/wiki/Ronzone","/wiki/Rovereto","/wiki/Rover%C3%A8_della_Luna","/wiki/Ruffr%C3%A8-Mendola","/wiki/Rumo","/wiki/Sagron_Mis","/wiki/Samone,_Trentino","/wiki/San_Lorenzo_in_Banale","/wiki/San_Michele_all%27Adige","/wiki/Sant%27Orsola_Terme","/wiki/Sanzeno","/wiki/Sarnonico","/wiki/Scurelle","/wiki/Segonzano","/wiki/Sfruz","/wiki/Siror","/wiki/Smarano","/wiki/Soraga","/wiki/Sover","/wiki/Spera","/wiki/Spiazzo","/wiki/Spormaggiore","/wiki/Sporminore","/wiki/Stenico","/wiki/Storo","/wiki/Strembo","/wiki/Strigno","/wiki/Tassullo","/wiki/Telve","/wiki/Telve_di_Sopra","/wiki/Tenna,_Trentino","/wiki/Tenno,_Trentino","/wiki/Terlago","/wiki/Terragnolo","/wiki/Terres","/wiki/Terzolas","/wiki/Tesero","/wiki/Tione_di_Trento","/wiki/Ton,_Trentino","/wiki/Tonadico","/wiki/Torcegno","/wiki/Trambileno","/wiki/Transacqua","/wiki/Trento","/wiki/Tres,_Trentino","/wiki/Tuenno","/wiki/Valda","/wiki/Valfloriana","/wiki/Vallarsa","/wiki/Varena,_Trentino","/wiki/Vattaro","/wiki/Vermiglio","/wiki/Verv%C3%B2","/wiki/Vezzano,_Trentino","/wiki/Vignola-Falesina","/wiki/Vigo_Rendena","/wiki/Vigo_di_Fassa","/wiki/Vigolo_Vattaro","/wiki/Villa_Agnedo","/wiki/Villa_Lagarina","/wiki/Villa_Rendena","/wiki/Volano","/wiki/Zambana","/wiki/Ziano_di_Fiemme","/wiki/Zuclo","//upload.wikimedia.org/wikipedia/commons/thumb/e/e4/Trentino_CoA_shield.svg/50px-Trentino_CoA_shield.svg.png","/wiki/File:Flag_of_Trentino-South_Tyrol.svg","//upload.wikimedia.org/wikipedia/commons/thumb/7/7f/Flag_of_Trentino-South_Tyrol.svg/35px-Flag_of_Trentino-South_Tyrol.svg.png","/wiki/Wikipedia:Stub","//en.wikipedia.org/w/index.php?title=Taio&action=edit","/wiki/Template:TrentinoAltoAdige-geo-stub","/wiki/Template_talk:TrentinoAltoAdige-geo-stub","//en.wikipedia.org/w/index.php?title=Template:TrentinoAltoAdige-geo-stub&action=edit","//en.wikipedia.org/w/index.php?title=Special:CentralAutoLogin/start&type=1x1&from=enwiki","http://en.wikipedia.org/w/index.php?title=Taio&oldid=539549571","/wiki/Help:Categories","/wiki/Category:Municipalities_of_Trentino","/wiki/Category:Cities_and_towns_in_Trentino-Alto_Adige/S%C3%BCdtirol","/wiki/Category:Trentino-Alto_Adige/S%C3%BCdtirol_geography_stubs","/wiki/Category:Articles_containing_Italian-language_text","/wiki/Category:Articles_containing_German-language_text","/wiki/Category:Articles_with_Italian-language_external_links","/w/index.php?title=Special:UserLogin&returnto=Taio&type=signup","/w/index.php?title=Special:UserLogin&returnto=Taio","/wiki/Taio","/wiki/Talk:Taio","#","/wiki/Taio","/w/index.php?title=Taio&action=edit","/w/index.php?title=Taio&veaction=edit","/w/index.php?title=Taio&action=history","#","/w/index.php","//bits.wikimedia.org/static-1.22wmf12/skins/vector/images/search-ltr.png?303-4","/wiki/Main_Page","/wiki/Main_Page","/wiki/Portal:Contents","/wiki/Portal:Featured_content","/wiki/Portal:Current_events","/wiki/Special:Random","https://donate.wikimedia.org/wiki/Special:FundraiserRedirector?utm_source=donate&utm_medium=sidebar&utm_campaign=C13_en.wikipedia.org&uselang=en","/wiki/Help:Contents","/wiki/Wikipedia:About","/wiki/Wikipedia:Community_portal","/wiki/Special:RecentChanges","//en.wikipedia.org/wiki/Wikipedia:Contact_us","/wiki/Special:WhatLinksHere/Taio","/wiki/Special:RecentChangesLinked/Taio","/wiki/Wikipedia:File_Upload_Wizard","/wiki/Special:SpecialPages","/w/index.php?title=Taio&oldid=539549571","/w/index.php?title=Taio&action=info","//www.wikidata.org/wiki/Q326814","/w/index.php?title=Special:Cite&page=Taio&id=539549571","/w/index.php?title=Special:Book&bookcmd=book_creator&referer=Taio","/w/index.php?title=Special:Book&bookcmd=render_article&arttitle=Taio&oldid=539549571&writer=rl","/w/index.php?title=Taio&printable=yes","//be.wikipedia.org/wiki/%D0%A2%D0%B0%D1%91,_%D0%86%D1%82%D0%B0%D0%BB%D1%96%D1%8F","//ca.wikipedia.org/wiki/Taio","//de.wikipedia.org/wiki/Taio","//es.wikipedia.org/wiki/Taio","//eo.wikipedia.org/wiki/Taio","//fr.wikipedia.org/wiki/Taio","//id.wikipedia.org/wiki/Taio","//it.wikipedia.org/wiki/Taio","//lmo.wikipedia.org/wiki/Taio","//ms.wikipedia.org/wiki/Taio","//nl.wikipedia.org/wiki/Taio_(Itali%C3%AB)","//ja.wikipedia.org/wiki/%E3%82%BF%E3%83%BC%E3%82%A4%E3%82%AA","//nap.wikipedia.org/wiki/Taio","//uz.wikipedia.org/wiki/Taio","//pms.wikipedia.org/wiki/Taio","//pl.wikipedia.org/wiki/Taio","//pt.wikipedia.org/wiki/Taio","//ru.wikipedia.org/wiki/%D0%A2%D0%B0%D0%B9%D0%BE_(%D0%98%D1%82%D0%B0%D0%BB%D0%B8%D1%8F)","//scn.wikipedia.org/wiki/Taio","//fi.wikipedia.org/wiki/Taio","//uk.wikipedia.org/wiki/%D0%A2%D0%B0%D1%97%D0%BE","//vi.wikipedia.org/wiki/Taio","//vo.wikipedia.org/wiki/Taio","//war.wikipedia.org/wiki/Taio","//zh.wikipedia.org/wiki/%E5%A1%94%E4%BC%8A%E5%A5%A5","#","//www.wikidata.org/wiki/Q326814#sitelinks-wikipedia","//en.wikipedia.org/wiki/Wikipedia:Text_of_Creative_Commons_Attribution-ShareAlike_3.0_Unported_License","//creativecommons.org/licenses/by-sa/3.0/","//wikimediafoundation.org/wiki/Terms_of_Use","//wikimediafoundation.org/wiki/Privacy_policy","//www.wikimediafoundation.org/","//wikimediafoundation.org/wiki/Privacy_policy","/wiki/Wikipedia:About","/wiki/Wikipedia:General_disclaimer","//en.wikipedia.org/wiki/Wikipedia:Contact_us","//en.m.wikipedia.org/wiki/Taio","//wikimediafoundation.org/","//bits.wikimedia.org/images/wikimedia-button.png","//www.mediawiki.org/","//bits.wikimedia.org/static-1.22wmf12/skins/common/images/poweredby_mediawiki_88x31.png","//bits.wikimedia.org/en.wikipedia.org/load.php?debug=false&lang=en&modules=site&only=scripts&skin=vector&*"],"instances":["italy"],"pdf":[],"categories":["Cities and towns in Trentino-Alto Adige/Südtirol"],"headings":["Demographic evolution","References","External links"],"image":["//upload.wikimedia.org/wikipedia/commons/thumb/6/6b/Italy_provincial_location_map.svg/250px-Italy_provincial_location_map.svg.png","//upload.wikimedia.org/wikipedia/en/thumb/0/0c/Red_pog.svg/6px-Red_pog.svg.png","//upload.wikimedia.org/wikipedia/en/timeline/20a7b26eaa3b678b2a991f308b9ac990.png","//upload.wikimedia.org/wikipedia/commons/thumb/e/e4/Trentino_CoA_shield.svg/50px-Trentino_CoA_shield.svg.png","//upload.wikimedia.org/wikipedia/commons/thumb/7/7f/Flag_of_Trentino-South_Tyrol.svg/35px-Flag_of_Trentino-South_Tyrol.svg.png","//en.wikipedia.org/w/index.php?title=Special:CentralAutoLogin/start&type=1x1&from=enwiki","//bits.wikimedia.org/static-1.22wmf12/skins/vector/images/search-ltr.png?303-4","//bits.wikimedia.org/images/wikimedia-button.png","//bits.wikimedia.org/static-1.22wmf12/skins/common/images/poweredby_mediawiki_88x31.png"],"tags":[["national_institute_of_statistics","italy"]],"members":["national_institute_of_statistics"],"related":["Trentino-Alto_Adige/Südtirol","Trentino","Ladin_language","Trentino","Italy","Trentino-Alto_Adige/Südtirol","Trento","National_Institute_of_Statistics_(Italy)","Coredo","Denno","Nanno","Sanzeno","Tassullo","Ton,_Trentino","Tres,_Trentino","Vervò"]}